{
"type": "FeatureCollection",
"name": "정미면 모평리(MLTM_LSMD_CONT_LDREG)_0227095136",
"crs": { "type": "name", "properties": { "name": "urn:ogc:def:crs:OGC:1.3:CRS84" } },
"features": [
{ "type": "Feature", "properties": { "PNU": "4427034036100010003", "JIBUN": "1-3제", "BCHK": "1" }, "geometry": { "type": "Polygon", "coordinates": [ [ [ 126.606600610505723, 36.868788758044275 ], [ 126.606558253733724, 36.868860687476406 ], [ 126.606626250509478, 36.868836600341702 ], [ 126.606708443055567, 36.868804215885305 ], [ 126.606771478895908, 36.868739139773467 ], [ 126.606807430879769, 36.868676136969853 ], [ 126.606809038951027, 36.868591827329737 ], [ 126.606786549985515, 36.868557232461214 ], [ 126.606759671196187, 36.868532354883001 ], [ 126.60675774135423, 36.868534718386293 ], [ 126.606728448252539, 36.868541190755451 ], [ 126.606661249789454, 36.868685693167045 ], [ 126.606600610505723, 36.868788758044275 ] ] ] } },
{ "type": "Feature", "properties": { "PNU": "4427034036100020001", "JIBUN": "2-1제", "BCHK": "1" }, "geometry": { "type": "Polygon", "coordinates": [ [ [ 126.606746682463111, 36.868501945347717 ], [ 126.606749140158598, 36.868503827716204 ], [ 126.606759671196187, 36.868532354883001 ], [ 126.606779329656419, 36.868512884068537 ], [ 126.606777418996799, 36.868496117505785 ], [ 126.606755232468913, 36.868483564276609 ], [ 126.606746682463111, 36.868501945347717 ] ] ] } },
{ "type": "Feature", "properties": { "PNU": "4427034036100020003", "JIBUN": "2-3제", "BCHK": "1" }, "geometry": { "type": "Polygon", "coordinates": [ [ [ 126.606799948800429, 36.868138342097005 ], [ 126.606816985774444, 36.868120493605595 ], [ 126.606866904272195, 36.868083028634715 ], [ 126.60686678212879, 36.868056428068748 ], [ 126.606808257362019, 36.868101343715082 ], [ 126.606800659381534, 36.868102408988534 ], [ 126.606799948800429, 36.868138342097005 ] ] ] } },
{ "type": "Feature", "properties": { "PNU": "4427034036100030005", "JIBUN": "3-5제", "BCHK": "1" }, "geometry": { "type": "Polygon", "coordinates": [ [ [ 126.606728448252539, 36.868541190755451 ], [ 126.60675774135423, 36.868534718386293 ], [ 126.606759671196187, 36.868532354883001 ], [ 126.606749140158598, 36.868503827716204 ], [ 126.606746682463111, 36.868501945347717 ], [ 126.606728448252539, 36.868541190755451 ] ] ] } },
{ "type": "Feature", "properties": { "PNU": "4427034036100030006", "JIBUN": "3-6제", "BCHK": "1" }, "geometry": { "type": "Polygon", "coordinates": [ [ [ 126.606800659381534, 36.868102408988534 ], [ 126.606808257362019, 36.868101343715082 ], [ 126.60686678212879, 36.868056428068748 ], [ 126.606874807425839, 36.868041955986804 ], [ 126.606826516271994, 36.868000121433859 ], [ 126.606796600207176, 36.868001248306555 ], [ 126.606801037659196, 36.868083235050015 ], [ 126.606800659381534, 36.868102408988534 ] ] ] } },
{ "type": "Feature", "properties": { "PNU": "4427034036100070001", "JIBUN": "7-1제", "BCHK": "1" }, "geometry": { "type": "Polygon", "coordinates": [ [ [ 126.606604721979551, 36.865937877147822 ], [ 126.606604242758252, 36.865948265133525 ], [ 126.606596903246299, 36.866309307625002 ], [ 126.606635300435713, 36.866625860938882 ], [ 126.606657262700324, 36.866627321038486 ], [ 126.606662330077469, 36.866627653129179 ], [ 126.606712123960705, 36.866631980343897 ], [ 126.606693851356539, 36.866584405634775 ], [ 126.606678805255129, 36.866537490345827 ], [ 126.606647095001023, 36.866514543158836 ], [ 126.606649040045284, 36.866487237541442 ], [ 126.606677814321941, 36.866441665191076 ], [ 126.606692021211188, 36.866393783068027 ], [ 126.606691525010689, 36.866308682510983 ], [ 126.606715819502455, 36.866187232627034 ], [ 126.606715986023303, 36.866141448801663 ], [ 126.606718619783862, 36.866117623658766 ], [ 126.606731365703752, 36.865993459455431 ], [ 126.606727861056115, 36.865928686572772 ], [ 126.606732077646086, 36.865772784892073 ], [ 126.606714111038244, 36.86577293290933 ], [ 126.606699161209576, 36.865773072848604 ], [ 126.606663005104735, 36.86579066005045 ], [ 126.606644649392038, 36.865829661769951 ], [ 126.60661298803582, 36.865922342585883 ], [ 126.606604721979551, 36.865937877147822 ] ] ] } },
{ "type": "Feature", "properties": { "PNU": "4427034036100090002", "JIBUN": "9-2제", "BCHK": "1" }, "geometry": { "type": "Polygon", "coordinates": [ [ [ 126.606657262700324, 36.866627321038486 ], [ 126.606635300435713, 36.866625860938882 ], [ 126.606642369645868, 36.866673398713147 ], [ 126.606643898709081, 36.866683622113108 ], [ 126.606657262700324, 36.866627321038486 ] ] ] } },
{ "type": "Feature", "properties": { "PNU": "4427034036100100001", "JIBUN": "10-1제", "BCHK": "1" }, "geometry": { "type": "Polygon", "coordinates": [ [ [ 126.606787723958448, 36.8675695881238 ], [ 126.606766944475638, 36.867569249298072 ], [ 126.606776596390446, 36.867644729349152 ], [ 126.606787723958448, 36.8675695881238 ] ] ] } },
{ "type": "Feature", "properties": { "PNU": "4427034036100100003", "JIBUN": "10-3제", "BCHK": "1" }, "geometry": { "type": "Polygon", "coordinates": [ [ [ 126.606643898663052, 36.866683631123863 ], [ 126.606706018938027, 36.867100535883552 ], [ 126.606749554362011, 36.866990836579731 ], [ 126.606783118449854, 36.866940684440884 ], [ 126.606823129279647, 36.866901853206194 ], [ 126.606847737343074, 36.866885930959732 ], [ 126.606847596015271, 36.866885056436892 ], [ 126.6068117855568, 36.86665033969085 ], [ 126.606712112746123, 36.866631980306906 ], [ 126.606662330077469, 36.866627653129179 ], [ 126.606657262700324, 36.866627321038486 ], [ 126.606643898663052, 36.866683631123863 ] ] ] } },
{ "type": "Feature", "properties": { "PNU": "4427034036100100004", "JIBUN": "10-4천", "BCHK": "1" }, "geometry": { "type": "Polygon", "coordinates": [ [ [ 126.606987217685713, 36.866654828540746 ], [ 126.606874069902219, 36.866661808594799 ], [ 126.6068117855568, 36.86665033969085 ], [ 126.606847596015271, 36.866885056436892 ], [ 126.606847737343074, 36.866885930959732 ], [ 126.606894264270551, 36.866855816692393 ], [ 126.607088096495531, 36.86673357369142 ], [ 126.607071555441308, 36.8666982595647 ], [ 126.607027297144811, 36.866666233215518 ], [ 126.606987217685713, 36.866654828540746 ] ] ] } },
{ "type": "Feature", "properties": { "PNU": "4427034036100110002", "JIBUN": "11-2제", "BCHK": "1" }, "geometry": { "type": "Polygon", "coordinates": [ [ [ 126.606734903384677, 36.867318920086973 ], [ 126.606792423161394, 36.8671390629776 ], [ 126.6068576531855, 36.866947057523596 ], [ 126.606857307657805, 36.866944443224639 ], [ 126.606847737343074, 36.866885930959732 ], [ 126.606823129279647, 36.866901853206194 ], [ 126.606783118449854, 36.866940684440884 ], [ 126.606749554362011, 36.866990836579731 ], [ 126.606706018938027, 36.867100535883552 ], [ 126.60671263337008, 36.867144909325837 ], [ 126.606734903384677, 36.867318920086973 ] ] ] } },
{ "type": "Feature", "properties": { "PNU": "4427034036100110003", "JIBUN": "11-3천", "BCHK": "1" }, "geometry": { "type": "Polygon", "coordinates": [ [ [ 126.6068576531855, 36.866947057523596 ], [ 126.606863578767161, 36.866928667789843 ], [ 126.606894264270551, 36.866855816692393 ], [ 126.606847737343074, 36.866885930959732 ], [ 126.606857307657805, 36.866944443224639 ], [ 126.6068576531855, 36.866947057523596 ] ] ] } },
{ "type": "Feature", "properties": { "PNU": "4427034036100120002", "JIBUN": "12-2제", "BCHK": "1" }, "geometry": { "type": "Polygon", "coordinates": [ [ [ 126.606919959070865, 36.8675717450284 ], [ 126.606926857448755, 36.867481424513727 ], [ 126.606929623546804, 36.867436063765098 ], [ 126.606898207490318, 36.867227970724031 ], [ 126.6068576531855, 36.866947057523596 ], [ 126.606792423161394, 36.8671390629776 ], [ 126.606734903384677, 36.867318920086973 ], [ 126.606766944475638, 36.867569249298072 ], [ 126.606787723958448, 36.8675695881238 ], [ 126.606919959070865, 36.8675717450284 ] ] ] } },
{ "type": "Feature", "properties": { "PNU": "4427034036100120003", "JIBUN": "12-3답", "BCHK": "1" }, "geometry": { "type": "Polygon", "coordinates": [ [ [ 126.6068576531855, 36.866947057523596 ], [ 126.606898207490318, 36.867227970724031 ], [ 126.606929623546804, 36.867436063765098 ], [ 126.606930676822969, 36.867418667194748 ], [ 126.606966080302087, 36.867284999068275 ], [ 126.60700704170624, 36.867077495927205 ], [ 126.607113652040468, 36.866760528360636 ], [ 126.607088096495531, 36.86673357369142 ], [ 126.606894264270551, 36.866855816692393 ], [ 126.606863578767161, 36.866928667789843 ], [ 126.6068576531855, 36.866947057523596 ] ] ] } },
{ "type": "Feature", "properties": { "PNU": "4427034036100130001", "JIBUN": "13-1천", "BCHK": "1" }, "geometry": { "type": "Polygon", "coordinates": [ [ [ 126.607106627550806, 36.86758563305434 ], [ 126.607010848755181, 36.867575333476474 ], [ 126.606949305032785, 36.867572418424878 ], [ 126.606954047340324, 36.867601295951417 ], [ 126.606962839197408, 36.867713483544172 ], [ 126.606967483507603, 36.867794524823331 ], [ 126.60697801008088, 36.867931597210202 ], [ 126.607003368591393, 36.867898340444185 ], [ 126.607043919505045, 36.867835064361316 ], [ 126.607083504869166, 36.867743409771819 ], [ 126.607099708318046, 36.867680080500108 ], [ 126.607106627550806, 36.86758563305434 ] ] ] } },
{ "type": "Feature", "properties": { "PNU": "4427034036100130002", "JIBUN": "13-2제", "BCHK": "1" }, "geometry": { "type": "Polygon", "coordinates": [ [ [ 126.606795493269615, 36.867980825968374 ], [ 126.60684370483321, 36.867983327712523 ], [ 126.606905824357725, 36.868014115416969 ], [ 126.606955038422996, 36.867960833964865 ], [ 126.60697801008088, 36.867931597210202 ], [ 126.606967483507603, 36.867794524823331 ], [ 126.606962839197408, 36.867713483544172 ], [ 126.606954047340324, 36.867601295951417 ], [ 126.606949305032785, 36.867572418424878 ], [ 126.606919959070865, 36.8675717450284 ], [ 126.606787723958448, 36.8675695881238 ], [ 126.606776596390446, 36.867644729349152 ], [ 126.606777772093864, 36.86765387928434 ], [ 126.606795493269615, 36.867980825968374 ] ] ] } },
{ "type": "Feature", "properties": { "PNU": "4427034036100140001", "JIBUN": "14-1천", "BCHK": "1" }, "geometry": { "type": "Polygon", "coordinates": [ [ [ 126.606929623546804, 36.867436063765098 ], [ 126.606930436960994, 36.867441491005103 ], [ 126.606949305032785, 36.867572418424878 ], [ 126.607010848755181, 36.867575333476474 ], [ 126.607106627550806, 36.86758563305434 ], [ 126.607162255799963, 36.867596169783681 ], [ 126.607186777935482, 36.86754655544491 ], [ 126.607207417175232, 36.867477644996427 ], [ 126.607237469944621, 36.867379308917712 ], [ 126.607258864196282, 36.867307472402615 ], [ 126.607271512071605, 36.867235390825826 ], [ 126.607274303502905, 36.867182821432579 ], [ 126.607269512978007, 36.867108402684259 ], [ 126.607240160663011, 36.866959482066221 ], [ 126.607241781200813, 36.866857231738777 ], [ 126.607238709003866, 36.866797731678304 ], [ 126.607113652040468, 36.866760528360636 ], [ 126.60700704170624, 36.867077495927205 ], [ 126.606966080302087, 36.867284999068275 ], [ 126.606930676822969, 36.867418667194748 ], [ 126.606929623546804, 36.867436063765098 ] ] ] } },
{ "type": "Feature", "properties": { "PNU": "4427034036100140002", "JIBUN": "14-2제", "BCHK": "1" }, "geometry": { "type": "Polygon", "coordinates": [ [ [ 126.606949305032785, 36.867572418424878 ], [ 126.606930436960994, 36.867441491005103 ], [ 126.606929623546804, 36.867436063765098 ], [ 126.606926857448755, 36.867481424513727 ], [ 126.606919959070865, 36.8675717450284 ], [ 126.606949305032785, 36.867572418424878 ] ] ] } },
{ "type": "Feature", "properties": { "PNU": "4427034036100150000", "JIBUN": "15전", "BCHK": "1" }, "geometry": { "type": "Polygon", "coordinates": [ [ [ 126.606987217685713, 36.866654828540746 ], [ 126.607027297144811, 36.866666233215518 ], [ 126.607071555441308, 36.8666982595647 ], [ 126.607088096495531, 36.86673357369142 ], [ 126.607113652040468, 36.866760528360636 ], [ 126.607238709003866, 36.866797731678304 ], [ 126.60723863155728, 36.866795325513664 ], [ 126.607241125038541, 36.866695628141642 ], [ 126.607208485205291, 36.866652601763654 ], [ 126.607174703506232, 36.866565210966243 ], [ 126.60712570371355, 36.86638764303617 ], [ 126.607109026247372, 36.866315329715526 ], [ 126.607079437252395, 36.86622170814335 ], [ 126.607079063292289, 36.866169714027883 ], [ 126.60706585923441, 36.866100232550913 ], [ 126.607063244450572, 36.86605002422192 ], [ 126.607056277462789, 36.866013182740616 ], [ 126.607032712265692, 36.865954462184241 ], [ 126.606950257095946, 36.865951036712069 ], [ 126.606944079649864, 36.866133054530565 ], [ 126.606941710493942, 36.866162178958703 ], [ 126.606914682730277, 36.866414917679705 ], [ 126.606912032569525, 36.866437571355107 ], [ 126.606908313327338, 36.866529055756281 ], [ 126.606916522836258, 36.866570740189559 ], [ 126.606932641126235, 36.866607566776118 ], [ 126.606965816797128, 36.866631266619741 ], [ 126.606987217685713, 36.866654828540746 ] ] ] } },
{ "type": "Feature", "properties": { "PNU": "4427034036100160001", "JIBUN": "16-1답", "BCHK": "1" }, "geometry": { "type": "Polygon", "coordinates": [ [ [ 126.6068117855568, 36.86665033969085 ], [ 126.606874069902219, 36.866661808594799 ], [ 126.606987217685713, 36.866654828540746 ], [ 126.606965816797128, 36.866631266619741 ], [ 126.606932641126235, 36.866607566776118 ], [ 126.606916522836258, 36.866570740189559 ], [ 126.606908313327338, 36.866529055756281 ], [ 126.606912032569525, 36.866437571355107 ], [ 126.606914682730277, 36.866414917679705 ], [ 126.606941710493942, 36.866162178958703 ], [ 126.606944079649864, 36.866133054530565 ], [ 126.606950257095946, 36.865951036712069 ], [ 126.607032712265692, 36.865954462184241 ], [ 126.607019101626207, 36.86588335739858 ], [ 126.607015147665237, 36.865814284843566 ], [ 126.607008076483709, 36.865756114216843 ], [ 126.606977126270664, 36.865665587876087 ], [ 126.606863548817046, 36.865396733870234 ], [ 126.606860734352964, 36.865390065539913 ], [ 126.606816297132823, 36.865584356267128 ], [ 126.606816198415586, 36.865709129862125 ], [ 126.606817502928408, 36.865950049553867 ], [ 126.606815130406986, 36.866058902399764 ], [ 126.606813527112436, 36.866256515127112 ], [ 126.606813126819688, 36.866354687542902 ], [ 126.6068117855568, 36.86665033969085 ] ] ] } },
{ "type": "Feature", "properties": { "PNU": "4427034036100160002", "JIBUN": "16-2제", "BCHK": "1" }, "geometry": { "type": "Polygon", "coordinates": [ [ [ 126.606647095001023, 36.866514543158836 ], [ 126.606678805255129, 36.866537490345827 ], [ 126.606693851356539, 36.866584405634775 ], [ 126.606712112746123, 36.866631980306906 ], [ 126.6068117855568, 36.86665033969085 ], [ 126.606813126819688, 36.866354687542902 ], [ 126.606813527112436, 36.866256515127112 ], [ 126.606815130406986, 36.866058902399764 ], [ 126.606817502928408, 36.865950049553867 ], [ 126.606816198415586, 36.865709129862125 ], [ 126.606816297132823, 36.865584356267128 ], [ 126.606860734352964, 36.865390065539913 ], [ 126.606810195830207, 36.865270351364551 ], [ 126.606778724122535, 36.865231527789966 ], [ 126.606768351010246, 36.865266600061183 ], [ 126.606752501408593, 36.865368298891021 ], [ 126.606749042857828, 36.86539552743875 ], [ 126.606748564065072, 36.865399247361836 ], [ 126.606735382939775, 36.865507641071233 ], [ 126.606740000779951, 36.865534499764038 ], [ 126.606730361036682, 36.865634579074396 ], [ 126.606732077646086, 36.865772784892073 ], [ 126.606727861056115, 36.865928686572772 ], [ 126.606731365703752, 36.865993459455431 ], [ 126.606718619783862, 36.866117623658766 ], [ 126.606715986023303, 36.866141448801663 ], [ 126.606715819502455, 36.866187232627034 ], [ 126.606691525010689, 36.866308682510983 ], [ 126.606692021211188, 36.866393783068027 ], [ 126.606677814321941, 36.866441665191076 ], [ 126.606649040045284, 36.866487237541442 ], [ 126.606647095001023, 36.866514543158836 ] ] ] } },
{ "type": "Feature", "properties": { "PNU": "4427034036100170002", "JIBUN": "17-2제", "BCHK": "1" }, "geometry": { "type": "Polygon", "coordinates": [ [ [ 126.606714111038244, 36.86577293290933 ], [ 126.606732077646086, 36.865772784892073 ], [ 126.606730361036682, 36.865634579074396 ], [ 126.606740000779951, 36.865534499764038 ], [ 126.606735382939775, 36.865507641071233 ], [ 126.606748564065072, 36.865399247361836 ], [ 126.606749042857828, 36.86539552743875 ], [ 126.606693659336841, 36.865517460555367 ], [ 126.606637817408483, 36.865470023269751 ], [ 126.606632084924101, 36.865507705969129 ], [ 126.606621404551191, 36.865574369425012 ], [ 126.606619195877713, 36.865622552430089 ], [ 126.606714111038244, 36.86577293290933 ] ] ] } },
{ "type": "Feature", "properties": { "PNU": "4427034036100170003", "JIBUN": "17-3제", "BCHK": "1" }, "geometry": { "type": "Polygon", "coordinates": [ [ [ 126.606749042857828, 36.86539552743875 ], [ 126.606752501408593, 36.865368298891021 ], [ 126.606768351010246, 36.865266600061183 ], [ 126.606778724122535, 36.865231527789966 ], [ 126.606779237878641, 36.86522974532533 ], [ 126.606768799100578, 36.86512393196157 ], [ 126.606751401332275, 36.865087380464573 ], [ 126.606720557783945, 36.865039764306012 ], [ 126.606717770263842, 36.865043197279725 ], [ 126.606678155261633, 36.865250641756255 ], [ 126.606638374984044, 36.865466249541541 ], [ 126.606637817408483, 36.865470023269751 ], [ 126.606693659336841, 36.865517460555367 ], [ 126.606749042857828, 36.86539552743875 ] ] ] } },
{ "type": "Feature", "properties": { "PNU": "4427034036100170004", "JIBUN": "17-4제", "BCHK": "1" }, "geometry": { "type": "Polygon", "coordinates": [ [ [ 126.606604721979551, 36.865937877147822 ], [ 126.60661298803582, 36.865922342585883 ], [ 126.606644649392038, 36.865829661769951 ], [ 126.606663005104735, 36.86579066005045 ], [ 126.606699161209576, 36.865773072848604 ], [ 126.606714111038244, 36.86577293290933 ], [ 126.606619195877713, 36.865622552430089 ], [ 126.606604721979551, 36.865937877147822 ] ] ] } },
{ "type": "Feature", "properties": { "PNU": "4427034036100170006", "JIBUN": "17-6전", "BCHK": "1" }, "geometry": { "type": "Polygon", "coordinates": [ [ [ 126.606637817408483, 36.865470023269751 ], [ 126.606638374984044, 36.865466249541541 ], [ 126.606678155261633, 36.865250641756255 ], [ 126.606717770263842, 36.865043197279725 ], [ 126.606635636206846, 36.86514396568591 ], [ 126.606573050973481, 36.865233354666159 ], [ 126.606541966647967, 36.865285560415117 ], [ 126.606527969737229, 36.865327487017503 ], [ 126.606516229270497, 36.865366762845682 ], [ 126.606637817408483, 36.865470023269751 ] ] ] } },
{ "type": "Feature", "properties": { "PNU": "4427034036100170007", "JIBUN": "17-7전", "BCHK": "1" }, "geometry": { "type": "Polygon", "coordinates": [ [ [ 126.606545729112781, 36.865503979005695 ], [ 126.606526625762825, 36.865478595367712 ], [ 126.60652223971006, 36.865502964393684 ], [ 126.606545729112781, 36.865503979005695 ] ] ] } },
{ "type": "Feature", "properties": { "PNU": "4427034036100170008", "JIBUN": "17-8전", "BCHK": "1" }, "geometry": { "type": "Polygon", "coordinates": [ [ [ 126.606632084924101, 36.865507705969129 ], [ 126.606637817408483, 36.865470023269751 ], [ 126.606516229270497, 36.865366762845682 ], [ 126.606503576124453, 36.86540907233482 ], [ 126.606531092661427, 36.865453767052273 ], [ 126.606526625762825, 36.865478595367712 ], [ 126.606545729112781, 36.865503979005695 ], [ 126.606632084924101, 36.865507705969129 ] ] ] } },
{ "type": "Feature", "properties": { "PNU": "4427034036100190001", "JIBUN": "19-1답", "BCHK": "1" }, "geometry": { "type": "Polygon", "coordinates": [ [ [ 126.606388130948886, 36.865497277611198 ], [ 126.606385091032763, 36.86546012465368 ], [ 126.606332186525549, 36.865401919881549 ], [ 126.606329009182943, 36.865492577064529 ], [ 126.606388130948886, 36.865497277611198 ] ] ] } },
{ "type": "Feature", "properties": { "PNU": "4427034036100200001", "JIBUN": "20-1답", "BCHK": "1" }, "geometry": { "type": "Polygon", "coordinates": [ [ [ 126.606388130948886, 36.865497277611198 ], [ 126.60652223971006, 36.865502964393684 ], [ 126.606526625762825, 36.865478595367712 ], [ 126.606531092661427, 36.865453767052273 ], [ 126.606503576124453, 36.86540907233482 ], [ 126.606461926386842, 36.865391273574843 ], [ 126.606358517007138, 36.865393410374857 ], [ 126.606332186525549, 36.865401919881549 ], [ 126.606385091032763, 36.86546012465368 ], [ 126.606388130948886, 36.865497277611198 ] ] ] } },
{ "type": "Feature", "properties": { "PNU": "4427034036100210000", "JIBUN": "21대", "BCHK": "1" }, "geometry": { "type": "Polygon", "coordinates": [ [ [ 126.606503576124453, 36.86540907233482 ], [ 126.606516229270497, 36.865366762845682 ], [ 126.606527969737229, 36.865327487017503 ], [ 126.606541966647967, 36.865285560415117 ], [ 126.606573050973481, 36.865233354666159 ], [ 126.606635636206846, 36.86514396568591 ], [ 126.606717770263842, 36.865043197279725 ], [ 126.606718069889212, 36.865041621360049 ], [ 126.606698454644885, 36.864934218847289 ], [ 126.606495918528594, 36.864936794828871 ], [ 126.606467683969086, 36.865107278023579 ], [ 126.606397906748469, 36.865111733476766 ], [ 126.606334523436757, 36.865335264959789 ], [ 126.606332186525549, 36.865401919881549 ], [ 126.606358517007138, 36.865393410374857 ], [ 126.606461926386842, 36.865391273574843 ], [ 126.606503576124453, 36.86540907233482 ] ] ] } },
{ "type": "Feature", "properties": { "PNU": "4427034036100220001", "JIBUN": "22-1전", "BCHK": "1" }, "geometry": { "type": "Polygon", "coordinates": [ [ [ 126.606858781786499, 36.86356466683781 ], [ 126.606836929107544, 36.863689098453065 ], [ 126.606833162311702, 36.863708630684911 ], [ 126.606813242937079, 36.863812406666376 ], [ 126.606851639010713, 36.86380837918928 ], [ 126.606844950971322, 36.863793840584179 ], [ 126.606862326015801, 36.863738129374511 ], [ 126.606859236402627, 36.863592043457238 ], [ 126.606858781786499, 36.86356466683781 ] ] ] } },
{ "type": "Feature", "properties": { "PNU": "4427034036100230001", "JIBUN": "23-1 전", "BCHK": "1" }, "geometry": { "type": "Polygon", "coordinates": [ [ [ 126.606512885552036, 36.864096223865147 ], [ 126.60656790585719, 36.864141838305763 ], [ 126.606646853678726, 36.864142143712883 ], [ 126.606678197372432, 36.864096138280409 ], [ 126.606702101991146, 36.864061876550338 ], [ 126.606726592913958, 36.864024796335926 ], [ 126.606739694172205, 36.8640000775695 ], [ 126.606741155065862, 36.863997289006043 ], [ 126.606767435318147, 36.863947995898791 ], [ 126.606813242937079, 36.863812406666376 ], [ 126.606833162311702, 36.863708630684911 ], [ 126.606692323718519, 36.86366426530131 ], [ 126.6066107025419, 36.863748338207159 ], [ 126.606615563278439, 36.863806654771906 ], [ 126.606533804865379, 36.863895593056704 ], [ 126.60645924072621, 36.863893364693226 ], [ 126.606461159998943, 36.864044483844452 ], [ 126.606492500169082, 36.864078197894202 ], [ 126.606512885552036, 36.864096223865147 ] ] ] } },
{ "type": "Feature", "properties": { "PNU": "4427034036100230003", "JIBUN": "23-3 대", "BCHK": "1" }, "geometry": { "type": "Polygon", "coordinates": [ [ [ 126.606568645019749, 36.864284726604637 ], [ 126.606589889855172, 36.864226721412422 ], [ 126.606618492868776, 36.864183779675272 ], [ 126.60656790585719, 36.864141838305763 ], [ 126.606503278492937, 36.86414159810716 ], [ 126.606502912373557, 36.864211061937411 ], [ 126.606512581148877, 36.864221654607277 ], [ 126.606537152366485, 36.864263275909366 ], [ 126.606568645019749, 36.864284726604637 ] ] ] } },
{ "type": "Feature", "properties": { "PNU": "4427034036100230004", "JIBUN": "23-4임", "BCHK": "1" }, "geometry": { "type": "Polygon", "coordinates": [ [ [ 126.606400558692144, 36.863971827245827 ], [ 126.606415726361604, 36.86414843689343 ], [ 126.606448348924445, 36.864172603630045 ], [ 126.606512885552036, 36.864096223865147 ], [ 126.606492500169082, 36.864078197894202 ], [ 126.606461159998943, 36.864044483844452 ], [ 126.60645924072621, 36.863893364693226 ], [ 126.606533804865379, 36.863895593056704 ], [ 126.606615563278439, 36.863806654771906 ], [ 126.6066107025419, 36.863748338207159 ], [ 126.606692323718519, 36.86366426530131 ], [ 126.606833162311702, 36.863708630684911 ], [ 126.606836929107544, 36.863689098453065 ], [ 126.606858781786499, 36.86356466683781 ], [ 126.606857810651633, 36.863508859118959 ], [ 126.606858141921364, 36.863463733611312 ], [ 126.606667095436507, 36.863457075542037 ], [ 126.606568043594805, 36.863561653826267 ], [ 126.606588090138374, 36.863727223179083 ], [ 126.606570250875322, 36.863772786541681 ], [ 126.60652721500982, 36.86380257881418 ], [ 126.606433818938811, 36.863809740753389 ], [ 126.606416709600722, 36.863868255166004 ], [ 126.606400558692144, 36.863971827245827 ] ] ] } },
{ "type": "Feature", "properties": { "PNU": "4427034036100230005", "JIBUN": "23-5 대", "BCHK": "1" }, "geometry": { "type": "Polygon", "coordinates": [ [ [ 126.606618492868776, 36.864183779675272 ], [ 126.606646853678726, 36.864142143712883 ], [ 126.60656790585719, 36.864141838305763 ], [ 126.606618492868776, 36.864183779675272 ] ] ] } },
{ "type": "Feature", "properties": { "PNU": "4427034036100230006", "JIBUN": "23-6 임", "BCHK": "1" }, "geometry": { "type": "Polygon", "coordinates": [ [ [ 126.606448348924445, 36.864172603630045 ], [ 126.606484701205602, 36.864191105793616 ], [ 126.606502912373557, 36.864211061937411 ], [ 126.606503278492937, 36.86414159810716 ], [ 126.60656790585719, 36.864141838305763 ], [ 126.606512885552036, 36.864096223865147 ], [ 126.606448348924445, 36.864172603630045 ] ] ] } },
{ "type": "Feature", "properties": { "PNU": "4427034036100320001", "JIBUN": "32-1 전", "BCHK": "1" }, "geometry": { "type": "Polygon", "coordinates": [ [ [ 126.606323803329516, 36.864360971051759 ], [ 126.606463330620812, 36.864357106201709 ], [ 126.606502125180597, 36.864358549770181 ], [ 126.606502912373557, 36.864211061937411 ], [ 126.606484701205602, 36.864191105793616 ], [ 126.606448348924445, 36.864172603630045 ], [ 126.606415726361604, 36.86414843689343 ], [ 126.606400558692144, 36.863971827245827 ], [ 126.606399255391409, 36.86385380716667 ], [ 126.606355186906143, 36.86385522965049 ], [ 126.606323803329516, 36.864360971051759 ] ] ] } },
{ "type": "Feature", "properties": { "PNU": "4427034036100320006", "JIBUN": "32-6 대", "BCHK": "1" }, "geometry": { "type": "Polygon", "coordinates": [ [ [ 126.606502125180597, 36.864358549770181 ], [ 126.606793902746944, 36.864369441903989 ], [ 126.606796787280473, 36.864142719114788 ], [ 126.606726336837141, 36.8643275077116 ], [ 126.60661450903082, 36.864316046567396 ], [ 126.606568645019749, 36.864284726604637 ], [ 126.606537152366485, 36.864263275909366 ], [ 126.606512581148877, 36.864221654607277 ], [ 126.606502912373557, 36.864211061937411 ], [ 126.606502125180597, 36.864358549770181 ] ] ] } },
{ "type": "Feature", "properties": { "PNU": "4427034036100320007", "JIBUN": "32-7 전", "BCHK": "1" }, "geometry": { "type": "Polygon", "coordinates": [ [ [ 126.606793902746944, 36.864369441903989 ], [ 126.606962042372913, 36.864375717932312 ], [ 126.607092337487913, 36.864139367703473 ], [ 126.607155859488344, 36.864022128817162 ], [ 126.60730055072105, 36.86375755855056 ], [ 126.606862326015801, 36.863738129374511 ], [ 126.606844950971322, 36.863793840584179 ], [ 126.606851639010713, 36.86380837918928 ], [ 126.606868895311734, 36.863844038133394 ], [ 126.606858251171488, 36.863892706978945 ], [ 126.606836385008933, 36.864008776425784 ], [ 126.606821008329959, 36.864090400557387 ], [ 126.60680193641457, 36.86412920171324 ], [ 126.606796787280473, 36.864142719114788 ], [ 126.606793902746944, 36.864369441903989 ] ] ] } },
{ "type": "Feature", "properties": { "PNU": "4427034036100510000", "JIBUN": "51 전", "BCHK": "1" }, "geometry": { "type": "Polygon", "coordinates": [ [ [ 126.606481463519501, 36.861819993116249 ], [ 126.606765139135874, 36.861834444913541 ], [ 126.607257548663725, 36.861858639377807 ], [ 126.607250031427796, 36.861736228515646 ], [ 126.607254761660712, 36.861613479514865 ], [ 126.607259667593425, 36.861592626409355 ], [ 126.606497129679511, 36.861567541212757 ], [ 126.606481463519501, 36.861819993116249 ] ] ] } },
{ "type": "Feature", "properties": { "PNU": "4427034036100510001", "JIBUN": "51-1답", "BCHK": "1" }, "geometry": { "type": "Polygon", "coordinates": [ [ [ 126.607230980740724, 36.861907372990267 ], [ 126.6072334153002, 36.86190495707249 ], [ 126.60725884307071, 36.86187969311343 ], [ 126.607257548663725, 36.861858639377807 ], [ 126.606765139135874, 36.861834444913541 ], [ 126.606481463519501, 36.861819993116249 ], [ 126.606478494231538, 36.86186780419311 ], [ 126.607230980740724, 36.861907372990267 ] ] ] } },
{ "type": "Feature", "properties": { "PNU": "4427034036100510002", "JIBUN": "51-2답", "BCHK": "1" }, "geometry": { "type": "Polygon", "coordinates": [ [ [ 126.606463914327151, 36.862102967738963 ], [ 126.607176894146789, 36.862142866103071 ], [ 126.607180976370017, 36.862116423529535 ], [ 126.607192516697211, 36.862059053056356 ], [ 126.607222583137514, 36.861942217543252 ], [ 126.607230980740724, 36.861907372990267 ], [ 126.606478494231538, 36.86186780419311 ], [ 126.606463914327151, 36.862102967738963 ] ] ] } },
{ "type": "Feature", "properties": { "PNU": "4427034036100510003", "JIBUN": "51-3답", "BCHK": "1" }, "geometry": { "type": "Polygon", "coordinates": [ [ [ 126.606447111755386, 36.862373671957137 ], [ 126.607263952346671, 36.862408379707304 ], [ 126.607565845390468, 36.86241997905023 ], [ 126.607598184964019, 36.862220070386194 ], [ 126.607568456174562, 36.862217900085128 ], [ 126.607376796621139, 36.86217371072879 ], [ 126.607180976370017, 36.862116423529535 ], [ 126.607176894146789, 36.862142866103071 ], [ 126.606463914327151, 36.862102967738963 ], [ 126.606447111755386, 36.862373671957137 ] ] ] } },
{ "type": "Feature", "properties": { "PNU": "4427034036100510004", "JIBUN": "51-4답", "BCHK": "1" }, "geometry": { "type": "Polygon", "coordinates": [ [ [ 126.607992647968771, 36.862703576805721 ], [ 126.608000480236655, 36.862680606715912 ], [ 126.608013011911979, 36.862675133221224 ], [ 126.608057722648113, 36.862536340997082 ], [ 126.608126606416576, 36.862310267442297 ], [ 126.608147310738019, 36.862241338955812 ], [ 126.608148063647548, 36.862238827386534 ], [ 126.608149653940544, 36.862230425436124 ], [ 126.608111550805887, 36.862221127170038 ], [ 126.608034047916476, 36.862197300016156 ], [ 126.607980939589638, 36.862185942972779 ], [ 126.607902964672277, 36.862155725450883 ], [ 126.60782032788839, 36.862118283828103 ], [ 126.607849528344559, 36.862074442649195 ], [ 126.607855657874865, 36.862042302878756 ], [ 126.607853355575116, 36.862012135811696 ], [ 126.607847452033198, 36.861999888607187 ], [ 126.607825117541324, 36.862001310995673 ], [ 126.607787616715726, 36.86200369273871 ], [ 126.607773649559704, 36.862024615192816 ], [ 126.607729953823892, 36.862093981637855 ], [ 126.607615678863866, 36.862081414062047 ], [ 126.607598000414725, 36.862137430772563 ], [ 126.607596347633049, 36.862142678693395 ], [ 126.607579301823279, 36.862182369722291 ], [ 126.607568456174562, 36.862217900085128 ], [ 126.607598184964019, 36.862220070386194 ], [ 126.607565845390468, 36.86241997905023 ], [ 126.607521389743809, 36.862684609202944 ], [ 126.607992647968771, 36.862703576805721 ] ] ] } },
{ "type": "Feature", "properties": { "PNU": "4427034036100510005", "JIBUN": "51-5대", "BCHK": "1" }, "geometry": { "type": "Polygon", "coordinates": [ [ [ 126.607885489355027, 36.862887785957533 ], [ 126.607534503889283, 36.862872944192482 ], [ 126.607483660517403, 36.863167442460146 ], [ 126.607563361437002, 36.8630879762079 ], [ 126.607639848958129, 36.863060312026064 ], [ 126.607733788633681, 36.863102548695188 ], [ 126.607885489355027, 36.862887785957533 ] ] ] } },
{ "type": "Feature", "properties": { "PNU": "4427034036100510006", "JIBUN": "51-6답", "BCHK": "1" }, "geometry": { "type": "Polygon", "coordinates": [ [ [ 126.607428628061911, 36.863218848789948 ], [ 126.607431912914208, 36.863219030806967 ], [ 126.607483660517403, 36.863167442460146 ], [ 126.607534503889283, 36.862872944192482 ], [ 126.607885489355027, 36.862887785957533 ], [ 126.607914802141224, 36.862846161820478 ], [ 126.607992647968771, 36.862703576805721 ], [ 126.607521389743809, 36.862684609202944 ], [ 126.607500663962213, 36.862803827356458 ], [ 126.607473884335079, 36.862957879758667 ], [ 126.6074380674049, 36.86316444498754 ], [ 126.607428628061911, 36.863218848789948 ] ] ] } },
{ "type": "Feature", "properties": { "PNU": "4427034036100520000", "JIBUN": "52답", "BCHK": "1" }, "geometry": { "type": "Polygon", "coordinates": [ [ [ 126.607521389743809, 36.862684609202944 ], [ 126.607565845390468, 36.86241997905023 ], [ 126.607263952346671, 36.862408379707304 ], [ 126.606447111755386, 36.862373671957137 ], [ 126.606430516269967, 36.862641132918185 ], [ 126.607521389743809, 36.862684609202944 ] ] ] } },
{ "type": "Feature", "properties": { "PNU": "4427034036100520001", "JIBUN": "52-1답", "BCHK": "1" }, "geometry": { "type": "Polygon", "coordinates": [ [ [ 126.606423171403748, 36.862759557012133 ], [ 126.606927386008024, 36.862781178641328 ], [ 126.607500663962213, 36.862803827356458 ], [ 126.607521389743809, 36.862684609202944 ], [ 126.606430516269967, 36.862641132918185 ], [ 126.606423171403748, 36.862759557012133 ] ] ] } },
{ "type": "Feature", "properties": { "PNU": "4427034036100520002", "JIBUN": "52-2답", "BCHK": "1" }, "geometry": { "type": "Polygon", "coordinates": [ [ [ 126.607473884335079, 36.862957879758667 ], [ 126.607500663962213, 36.862803827356458 ], [ 126.606927386008024, 36.862781178641328 ], [ 126.606423171403748, 36.862759557012133 ], [ 126.606413541575876, 36.862914747060287 ], [ 126.607473884335079, 36.862957879758667 ] ] ] } },
{ "type": "Feature", "properties": { "PNU": "4427034036100520003", "JIBUN": "52-3답", "BCHK": "1" }, "geometry": { "type": "Polygon", "coordinates": [ [ [ 126.6074380674049, 36.86316444498754 ], [ 126.607473884335079, 36.862957879758667 ], [ 126.606413541575876, 36.862914747060287 ], [ 126.606400722502642, 36.86312126169441 ], [ 126.6074380674049, 36.86316444498754 ] ] ] } },
{ "type": "Feature", "properties": { "PNU": "4427034036100520004", "JIBUN": "52-4답", "BCHK": "1" }, "geometry": { "type": "Polygon", "coordinates": [ [ [ 126.606397080475929, 36.86318000076384 ], [ 126.607428628061911, 36.863218848789948 ], [ 126.6074380674049, 36.86316444498754 ], [ 126.606400722502642, 36.86312126169441 ], [ 126.606397080475929, 36.86318000076384 ] ] ] } },
{ "type": "Feature", "properties": { "PNU": "4427034036100530000", "JIBUN": "53답", "BCHK": "1" }, "geometry": { "type": "Polygon", "coordinates": [ [ [ 126.606870755774935, 36.863464171661171 ], [ 126.607479440795643, 36.863482729078065 ], [ 126.607514940899151, 36.86342857321619 ], [ 126.607445069574695, 36.863359391882604 ], [ 126.607417163447863, 36.863283365170034 ], [ 126.607431912914208, 36.863219030806967 ], [ 126.607428628061911, 36.863218848789948 ], [ 126.606397080475929, 36.86318000076384 ], [ 126.606380423756292, 36.863448398612398 ], [ 126.606667095436507, 36.863457075542037 ], [ 126.606870755774935, 36.863464171661171 ] ] ] } },
{ "type": "Feature", "properties": { "PNU": "4427034036100530001", "JIBUN": "53-1답", "BCHK": "1" }, "geometry": { "type": "Polygon", "coordinates": [ [ [ 126.606588090138374, 36.863727223179083 ], [ 126.606568043594805, 36.863561653826267 ], [ 126.606667095436507, 36.863457075542037 ], [ 126.606380423756292, 36.863448398612398 ], [ 126.606363546451263, 36.863720436122627 ], [ 126.606588090138374, 36.863727223179083 ] ] ] } },
{ "type": "Feature", "properties": { "PNU": "4427034036100530002", "JIBUN": "53-2답", "BCHK": "1" }, "geometry": { "type": "Polygon", "coordinates": [ [ [ 126.606398289132713, 36.863812470972064 ], [ 126.606427962751283, 36.863810189999242 ], [ 126.60652721500982, 36.86380257881418 ], [ 126.606570250875322, 36.863772786541681 ], [ 126.606588090138374, 36.863727223179083 ], [ 126.606363546451263, 36.863720436122627 ], [ 126.606357973086944, 36.863810364553778 ], [ 126.606398289132713, 36.863812470972064 ] ] ] } },
{ "type": "Feature", "properties": { "PNU": "4427034036100530003", "JIBUN": "53-3도", "BCHK": "3" }, "geometry": { "type": "Polygon", "coordinates": [ [ [ 126.606399255391409, 36.86385380716667 ], [ 126.606398289132713, 36.863812470972064 ], [ 126.606357973086944, 36.863810364553778 ], [ 126.606355186906143, 36.86385522965049 ], [ 126.606399255391409, 36.86385380716667 ] ] ] } },
{ "type": "Feature", "properties": { "PNU": "4427034036100530004", "JIBUN": "53-4구", "BCHK": "1" }, "geometry": { "type": "Polygon", "coordinates": [ [ [ 126.606962042372913, 36.864375717932312 ], [ 126.607019460552493, 36.864377862465709 ], [ 126.607151544026593, 36.864127253805819 ], [ 126.607339815189221, 36.863770158888798 ], [ 126.607478896591786, 36.863571908190082 ], [ 126.607550658465399, 36.863443973216988 ], [ 126.607482733948601, 36.863366859704854 ], [ 126.607456148423239, 36.863302353280623 ], [ 126.607470965218056, 36.863244606104537 ], [ 126.607582377270035, 36.863130489127954 ], [ 126.607617253183378, 36.863112960500189 ], [ 126.607628021211198, 36.863127908963278 ], [ 126.607633550431956, 36.863068356068155 ], [ 126.607655917499471, 36.863109032764036 ], [ 126.607740096948561, 36.863149831626039 ], [ 126.607755424578627, 36.863134860849925 ], [ 126.607950379127459, 36.862827454969427 ], [ 126.607992647968771, 36.862703576805721 ], [ 126.607914802141224, 36.862846161820478 ], [ 126.607885489355027, 36.862887785957533 ], [ 126.607733788633681, 36.863102548695188 ], [ 126.607639848958129, 36.863060312026064 ], [ 126.607563361437002, 36.8630879762079 ], [ 126.607483660517403, 36.863167442460146 ], [ 126.607431912914208, 36.863219030806967 ], [ 126.607417163447863, 36.863283365170034 ], [ 126.607445069574695, 36.863359391882604 ], [ 126.607514940899151, 36.86342857321619 ], [ 126.607479440795643, 36.863482729078065 ], [ 126.60730055072105, 36.86375755855056 ], [ 126.607155988221635, 36.864023273625627 ], [ 126.607092337487913, 36.864139367703473 ], [ 126.606962042372913, 36.864375717932312 ] ] ] } },
{ "type": "Feature", "properties": { "PNU": "4427034036100530006", "JIBUN": "53-6답", "BCHK": "1" }, "geometry": { "type": "Polygon", "coordinates": [ [ [ 126.606858781786499, 36.86356466683781 ], [ 126.606859236402627, 36.863592043457238 ], [ 126.606862326015801, 36.863738129374511 ], [ 126.60730055072105, 36.86375755855056 ], [ 126.607479440795643, 36.863482729078065 ], [ 126.606870755774935, 36.863464171661171 ], [ 126.606858141921364, 36.863463733611312 ], [ 126.606857810651633, 36.863508859118959 ], [ 126.606858781786499, 36.86356466683781 ] ] ] } },
{ "type": "Feature", "properties": { "PNU": "4427034036100570002", "JIBUN": "57-2대", "BCHK": "1" }, "geometry": { "type": "Polygon", "coordinates": [ [ [ 126.606209025521423, 36.85938154473321 ], [ 126.606202946341384, 36.8593993572537 ], [ 126.606203024355509, 36.859412612557541 ], [ 126.606206886791242, 36.859499391344137 ], [ 126.606230099192757, 36.859620042928718 ], [ 126.606248060123022, 36.859717248812615 ], [ 126.606267516234411, 36.859813729743628 ], [ 126.606290759021661, 36.859849489649015 ], [ 126.606392075902306, 36.859880127664916 ], [ 126.606420259833769, 36.859910127855883 ], [ 126.606524246448416, 36.859942820043209 ], [ 126.606613850572387, 36.859952631072815 ], [ 126.606607434379427, 36.859931046812449 ], [ 126.606648110088074, 36.859917223043112 ], [ 126.606640977007274, 36.859858151043916 ], [ 126.606645176451323, 36.859828528014781 ], [ 126.606661713372276, 36.85978087879429 ], [ 126.606534853330075, 36.85964891019956 ], [ 126.606503074299823, 36.859620231790579 ], [ 126.606467109003603, 36.859592251425163 ], [ 126.606429155173814, 36.859573780007523 ], [ 126.606404653262317, 36.859578150558754 ], [ 126.606249500328445, 36.859431112176317 ], [ 126.606209025521423, 36.85938154473321 ] ] ] } },
{ "type": "Feature", "properties": { "PNU": "4427034036100580000", "JIBUN": "58전", "BCHK": "1" }, "geometry": { "type": "Polygon", "coordinates": [ [ [ 126.60674576621409, 36.860054330583473 ], [ 126.606775685194364, 36.860014682093322 ], [ 126.606806823326295, 36.859980038667388 ], [ 126.606917645097596, 36.859855593795132 ], [ 126.60695521151213, 36.859822575451851 ], [ 126.607036739008848, 36.859760362396486 ], [ 126.607062951135049, 36.859719701410036 ], [ 126.607086209829532, 36.859697448986587 ], [ 126.607061846123159, 36.859683518973696 ], [ 126.607036749235988, 36.859659440257929 ], [ 126.607014924282737, 36.859638048555041 ], [ 126.606993323229858, 36.859625524319533 ], [ 126.606964673389399, 36.859623078085477 ], [ 126.60687357476975, 36.859664471387561 ], [ 126.606838048174538, 36.859682331070154 ], [ 126.606761382071312, 36.859701650070228 ], [ 126.606760225119231, 36.859726191970324 ], [ 126.60675087627969, 36.859751878284662 ], [ 126.606758234411018, 36.859788847263012 ], [ 126.606734620064984, 36.859847790866411 ], [ 126.60670886623042, 36.85991505348985 ], [ 126.606712257928393, 36.859949188979336 ], [ 126.606722397262246, 36.860003693343089 ], [ 126.60674576621409, 36.860054330583473 ] ] ] } },
{ "type": "Feature", "properties": { "PNU": "4427034036100590000", "JIBUN": "59대", "BCHK": "1" }, "geometry": { "type": "Polygon", "coordinates": [ [ [ 126.60710311225283, 36.859701199127663 ], [ 126.607122639708635, 36.859711346645327 ], [ 126.607168262689981, 36.859782845257904 ], [ 126.607195011324237, 36.859865662483259 ], [ 126.607398290864936, 36.85984880543041 ], [ 126.607395197093439, 36.859817761681128 ], [ 126.607398674564308, 36.859784522874179 ], [ 126.607417734519672, 36.859639978541345 ], [ 126.607413069406107, 36.859615813954541 ], [ 126.607326919954275, 36.859577297133555 ], [ 126.607305386322381, 36.859580136775492 ], [ 126.607207904988826, 36.859621986902361 ], [ 126.607202858984436, 36.859624150927736 ], [ 126.607146466365194, 36.859676670037928 ], [ 126.60710311225283, 36.859701199127663 ] ] ] } },
{ "type": "Feature", "properties": { "PNU": "4427034036100600001", "JIBUN": "60-1전", "BCHK": "1" }, "geometry": { "type": "Polygon", "coordinates": [ [ [ 126.607560756997955, 36.860500134778754 ], [ 126.607459786937085, 36.860293362694193 ], [ 126.607458227541443, 36.860291294065199 ], [ 126.607422951930872, 36.860244474452202 ], [ 126.607396938895945, 36.86016466934646 ], [ 126.607369324816815, 36.86014817861323 ], [ 126.607316515530215, 36.860078458607951 ], [ 126.607501081883768, 36.860034777385707 ], [ 126.607467073737538, 36.85997911324251 ], [ 126.607419651836423, 36.859899661205155 ], [ 126.607403048015996, 36.859879115759107 ], [ 126.607398290864936, 36.85984880543041 ], [ 126.607195011324237, 36.859865662483259 ], [ 126.607168262689981, 36.859782845257904 ], [ 126.607122639708635, 36.859711346645327 ], [ 126.60710311225283, 36.859701199127663 ], [ 126.607069382374249, 36.859742754474468 ], [ 126.60704589551699, 36.859776756367076 ], [ 126.607004834208198, 36.859806843692049 ], [ 126.606928838435181, 36.85986619146108 ], [ 126.606813945161747, 36.85999081215342 ], [ 126.606788545932886, 36.860021563763475 ], [ 126.606775854744825, 36.860051762537239 ], [ 126.606955464377677, 36.860166405493068 ], [ 126.606945787848119, 36.860335427244685 ], [ 126.607058995619198, 36.860354425733782 ], [ 126.607098323984388, 36.860367341746581 ], [ 126.607141774488042, 36.860387750374322 ], [ 126.607228285038246, 36.8604457771293 ], [ 126.60725622884992, 36.860463593583567 ], [ 126.607286770509035, 36.860473353821327 ], [ 126.607311027049718, 36.860484165660402 ], [ 126.607342317462397, 36.860492234298036 ], [ 126.607423637689763, 36.86049277226099 ], [ 126.607502339833601, 36.860481136829769 ], [ 126.607560756997955, 36.860500134778754 ] ] ] } },
{ "type": "Feature", "properties": { "PNU": "4427034036100600002", "JIBUN": "60-2전", "BCHK": "1" }, "geometry": { "type": "Polygon", "coordinates": [ [ [ 126.606945787848119, 36.860335427244685 ], [ 126.606955464377677, 36.860166405493068 ], [ 126.606775854744825, 36.860051762537239 ], [ 126.606769350985104, 36.860091253929056 ], [ 126.606786735196252, 36.86015880292841 ], [ 126.606790477529131, 36.860207735480095 ], [ 126.606795914535425, 36.860249807305657 ], [ 126.606815098405178, 36.860285544717435 ], [ 126.606843022683179, 36.860311552119249 ], [ 126.606863991623342, 36.860322722661834 ], [ 126.606945787848119, 36.860335427244685 ] ] ] } },
{ "type": "Feature", "properties": { "PNU": "4427034036100610000", "JIBUN": "61대", "BCHK": "1" }, "geometry": { "type": "Polygon", "coordinates": [ [ [ 126.607520250000832, 36.860027442494278 ], [ 126.607582186453058, 36.860011516721578 ], [ 126.6075977096407, 36.859953636655682 ], [ 126.607627083152593, 36.859825048491402 ], [ 126.607661509244892, 36.859657757059942 ], [ 126.607440290296921, 36.859636808838985 ], [ 126.607423527892408, 36.859808015002891 ], [ 126.60742077780337, 36.859854754544529 ], [ 126.607428546939317, 36.859879352857327 ], [ 126.607458209160413, 36.859927415527636 ], [ 126.607518998713374, 36.860026528275881 ], [ 126.607520250000832, 36.860027442494278 ] ] ] } },
{ "type": "Feature", "properties": { "PNU": "4427034036100620000", "JIBUN": "62전", "BCHK": "1" }, "geometry": { "type": "Polygon", "coordinates": [ [ [ 126.6077417068161, 36.860237530304737 ], [ 126.607781996907093, 36.860202529246983 ], [ 126.607770809999693, 36.860128972470037 ], [ 126.607778372780857, 36.860103829869544 ], [ 126.607938227614355, 36.860077007226245 ], [ 126.607929018297142, 36.859989426977648 ], [ 126.607907904316022, 36.859980301621547 ], [ 126.607880846897643, 36.859975608114816 ], [ 126.607829354752681, 36.859979701012222 ], [ 126.607724180100149, 36.859979796753144 ], [ 126.6075977096407, 36.859953636655682 ], [ 126.607582186453058, 36.860011516721578 ], [ 126.607520250000832, 36.860027442494278 ], [ 126.607601786054644, 36.860086777218065 ], [ 126.607669204440612, 36.860110805775342 ], [ 126.6077417068161, 36.860237530304737 ] ] ] } },
{ "type": "Feature", "properties": { "PNU": "4427034036100630000", "JIBUN": "63대", "BCHK": "1" }, "geometry": { "type": "Polygon", "coordinates": [ [ [ 126.607458227541443, 36.860291294065199 ], [ 126.607538774641142, 36.860282863551873 ], [ 126.607599312082471, 36.860268645241419 ], [ 126.607644164949434, 36.860244913862644 ], [ 126.607700055292526, 36.860205161326078 ], [ 126.607654736355329, 36.860120057449954 ], [ 126.607595750728194, 36.860100435924117 ], [ 126.607501081883768, 36.860034777385707 ], [ 126.607316515530215, 36.860078458607951 ], [ 126.607369324816815, 36.86014817861323 ], [ 126.607396938895945, 36.86016466934646 ], [ 126.607422951930872, 36.860244474452202 ], [ 126.607458227541443, 36.860291294065199 ] ] ] } },
{ "type": "Feature", "properties": { "PNU": "4427034036100640001", "JIBUN": "64-1전", "BCHK": "1" }, "geometry": { "type": "Polygon", "coordinates": [ [ [ 126.607711652984506, 36.860519526948629 ], [ 126.607714604753241, 36.860519032044287 ], [ 126.607765541959807, 36.860509476763539 ], [ 126.6077926921825, 36.860462943593781 ], [ 126.607804999818001, 36.860424318253308 ], [ 126.607806046760459, 36.860375068075264 ], [ 126.607788812030591, 36.860335237267968 ], [ 126.60774809119188, 36.860283047369649 ], [ 126.607700055292526, 36.860205161326078 ], [ 126.607644164949434, 36.860244913862644 ], [ 126.607599312082471, 36.860268645241419 ], [ 126.607711652984506, 36.860519526948629 ] ] ] } },
{ "type": "Feature", "properties": { "PNU": "4427034036100640002", "JIBUN": "64-2전", "BCHK": "1" }, "geometry": { "type": "Polygon", "coordinates": [ [ [ 126.607711652984506, 36.860519526948629 ], [ 126.607599312082471, 36.860268645241419 ], [ 126.607538774641142, 36.860282863551873 ], [ 126.607458227541443, 36.860291294065199 ], [ 126.607459786937085, 36.860293362694193 ], [ 126.607560756997955, 36.860500134778754 ], [ 126.607597193691916, 36.860514987469962 ], [ 126.60763634440174, 36.860531993672367 ], [ 126.607711652984506, 36.860519526948629 ] ] ] } },
{ "type": "Feature", "properties": { "PNU": "4427034036100650000", "JIBUN": "65전", "BCHK": "1" }, "geometry": { "type": "Polygon", "coordinates": [ [ [ 126.607563591198726, 36.860522716424697 ], [ 126.607605259922394, 36.860613368053336 ], [ 126.607669552092318, 36.860744886446241 ], [ 126.607709921842769, 36.860806599741856 ], [ 126.60773741005265, 36.860825847318523 ], [ 126.607839714206236, 36.860883195674162 ], [ 126.607880124572887, 36.860912740107892 ], [ 126.607905403987004, 36.860927528997422 ], [ 126.607912099394113, 36.860929596479188 ], [ 126.60790783349448, 36.860926095237531 ], [ 126.607885263943103, 36.860892248177095 ], [ 126.607864280377001, 36.860844241180118 ], [ 126.607845978563915, 36.860760676945361 ], [ 126.607863141939006, 36.860702207523836 ], [ 126.60789079084077, 36.860630409388968 ], [ 126.60787765611596, 36.860593601715109 ], [ 126.607755058400087, 36.860531221656785 ], [ 126.607631737880041, 36.860546936627287 ], [ 126.607563591198726, 36.860522716424697 ] ] ] } },
{ "type": "Feature", "properties": { "PNU": "4427034036100660001", "JIBUN": "66-1전", "BCHK": "1" }, "geometry": { "type": "Polygon", "coordinates": [ [ [ 126.60725884307071, 36.86187969311343 ], [ 126.607296247506724, 36.86186981414675 ], [ 126.607363078894309, 36.861842091314209 ], [ 126.607361311999242, 36.861786127777826 ], [ 126.607372041290674, 36.861711832133985 ], [ 126.607383986400961, 36.861685009939187 ], [ 126.607423788431674, 36.861589733460931 ], [ 126.607445407459466, 36.861539442652379 ], [ 126.607480752686101, 36.861489097884139 ], [ 126.607511563644536, 36.861452696079809 ], [ 126.607572419464887, 36.861400380726046 ], [ 126.607718160450986, 36.86137981058571 ], [ 126.607762306003977, 36.861323331210194 ], [ 126.607764162290607, 36.861242878933325 ], [ 126.607751921354961, 36.861118632353772 ], [ 126.607709691848285, 36.861019103196185 ], [ 126.607785410372344, 36.860983479746281 ], [ 126.607840401278494, 36.860968504185877 ], [ 126.607936846316079, 36.860949862243103 ], [ 126.607912099394113, 36.860929596479188 ], [ 126.607905403987004, 36.860927528997422 ], [ 126.607880124572887, 36.860912740107892 ], [ 126.607839714206236, 36.860883195674162 ], [ 126.60773741005265, 36.860825847318523 ], [ 126.607709921842769, 36.860806599741856 ], [ 126.607669552092318, 36.860744886446241 ], [ 126.607605259922394, 36.860613368053336 ], [ 126.607563591198726, 36.860522716424697 ], [ 126.607526339249191, 36.860505004583509 ], [ 126.607494481173575, 36.860493897450816 ], [ 126.607427610138515, 36.86050543664706 ], [ 126.607385044158548, 36.860507269953743 ], [ 126.607346700578105, 36.860505729041954 ], [ 126.607311109439948, 36.86049879964478 ], [ 126.607276768030204, 36.860488693500898 ], [ 126.607260636171645, 36.860478935646334 ], [ 126.607212164187814, 36.860488841242038 ], [ 126.607244634062582, 36.860505311954256 ], [ 126.607309441708878, 36.860550976317931 ], [ 126.607387577323479, 36.860610903721771 ], [ 126.607407300817485, 36.860631044932816 ], [ 126.607436842546107, 36.860658796622381 ], [ 126.60753408686864, 36.860773744329272 ], [ 126.60758309088763, 36.860831124793918 ], [ 126.607599216843923, 36.860879485309162 ], [ 126.60760711482942, 36.86095806837146 ], [ 126.607611694101308, 36.861065151024029 ], [ 126.607603397384864, 36.861284962812064 ], [ 126.607576662848587, 36.861289443400331 ], [ 126.607510479520457, 36.861278124233642 ], [ 126.60745176404599, 36.861277940051032 ], [ 126.6073323668206, 36.861276123381685 ], [ 126.607319488327761, 36.861334264409692 ], [ 126.607284289178054, 36.861487919645782 ], [ 126.607259667593425, 36.861592626409355 ], [ 126.607254761660712, 36.861613479514865 ], [ 126.607250031427796, 36.861736228515646 ], [ 126.607257548663725, 36.861858639377807 ], [ 126.60725884307071, 36.86187969311343 ] ] ] } },
{ "type": "Feature", "properties": { "PNU": "4427034036100670001", "JIBUN": "67-1전", "BCHK": "1" }, "geometry": { "type": "Polygon", "coordinates": [ [ [ 126.607456128520596, 36.860848413519875 ], [ 126.607475242432898, 36.860851756383241 ], [ 126.607483526670379, 36.86095354380894 ], [ 126.607484034421319, 36.860955131399137 ], [ 126.607472590488953, 36.86107508297404 ], [ 126.607458365381447, 36.86121045206508 ], [ 126.60745176404599, 36.861277940051032 ], [ 126.607510479520457, 36.861278124233642 ], [ 126.607576662848587, 36.861289443400331 ], [ 126.607603397384864, 36.861284962812064 ], [ 126.607611694101308, 36.861065151024029 ], [ 126.60760711482942, 36.86095806837146 ], [ 126.607599216843923, 36.860879485309162 ], [ 126.60758309088763, 36.860831124793918 ], [ 126.60753408686864, 36.860773744329272 ], [ 126.607456128520596, 36.860848413519875 ] ] ] } },
{ "type": "Feature", "properties": { "PNU": "4427034036100670002", "JIBUN": "67-2대", "BCHK": "1" }, "geometry": { "type": "Polygon", "coordinates": [ [ [ 126.607407300817485, 36.860631044932816 ], [ 126.607387577323479, 36.860610903721771 ], [ 126.607309441708878, 36.860550976317931 ], [ 126.607244634062582, 36.860505311954256 ], [ 126.607212164187814, 36.860488841242038 ], [ 126.607196102084089, 36.860513784611605 ], [ 126.607172003118137, 36.860551235686103 ], [ 126.607144617187771, 36.860617519844055 ], [ 126.607138545890777, 36.860636008252982 ], [ 126.607315581725032, 36.860752165025502 ], [ 126.607407300817485, 36.860631044932816 ] ] ] } },
{ "type": "Feature", "properties": { "PNU": "4427034036100670004", "JIBUN": "67-4대", "BCHK": "1" }, "geometry": { "type": "Polygon", "coordinates": [ [ [ 126.607456128520596, 36.860848413519875 ], [ 126.60753408686864, 36.860773744329272 ], [ 126.607436842546107, 36.860658796622381 ], [ 126.607407300817485, 36.860631044932816 ], [ 126.607315581725032, 36.860752165025502 ], [ 126.607138545890777, 36.860636008252982 ], [ 126.607137623196394, 36.860638825628207 ], [ 126.607132871252617, 36.860653677975264 ], [ 126.607115583845797, 36.86070777659215 ], [ 126.607103940902689, 36.860787493781871 ], [ 126.607113347882319, 36.860789984740784 ], [ 126.607362710137267, 36.860832075684307 ], [ 126.607456128520596, 36.860848413519875 ] ] ] } },
{ "type": "Feature", "properties": { "PNU": "4427034036100690001", "JIBUN": "69-1대", "BCHK": "1" }, "geometry": { "type": "Polygon", "coordinates": [ [ [ 126.606922301581363, 36.861246055152662 ], [ 126.60694731744168, 36.861149856048129 ], [ 126.606953357198051, 36.861001313138466 ], [ 126.60695474440341, 36.860997569171971 ], [ 126.606693624929704, 36.860969576722461 ], [ 126.606684504919727, 36.860987748684416 ], [ 126.606668983982061, 36.861055991168023 ], [ 126.60667135788988, 36.861102783619309 ], [ 126.606683773919229, 36.861141886833479 ], [ 126.60669478170405, 36.861142734107567 ], [ 126.60671950106412, 36.861172740821999 ], [ 126.606752236468935, 36.861200935731233 ], [ 126.606778039284507, 36.86121202310256 ], [ 126.606831689027857, 36.861220399857594 ], [ 126.606922301581363, 36.861246055152662 ] ] ] } },
{ "type": "Feature", "properties": { "PNU": "4427034036100690002", "JIBUN": "69-2답", "BCHK": "1" }, "geometry": { "type": "Polygon", "coordinates": [ [ [ 126.60695474440341, 36.860997569171971 ], [ 126.606995272074556, 36.860887580407237 ], [ 126.606999618995587, 36.860815849890251 ], [ 126.606752783286851, 36.860786318706971 ], [ 126.606750313105067, 36.860839646119544 ], [ 126.606741966748402, 36.860890791543135 ], [ 126.606702541891636, 36.860951638373869 ], [ 126.606693624929704, 36.860969576722461 ], [ 126.60695474440341, 36.860997569171971 ] ] ] } },
{ "type": "Feature", "properties": { "PNU": "4427034036100700004", "JIBUN": "70-4답", "BCHK": "1" }, "geometry": { "type": "Polygon", "coordinates": [ [ [ 126.606919908427017, 36.861253544340798 ], [ 126.606922301581363, 36.861246055152662 ], [ 126.606831689027857, 36.861220399857594 ], [ 126.606778039284507, 36.86121202310256 ], [ 126.606752236468935, 36.861200935731233 ], [ 126.60671950106412, 36.861172740821999 ], [ 126.60669478170405, 36.861142734107567 ], [ 126.606683773919229, 36.861141886833479 ], [ 126.606666203194507, 36.861198678706174 ], [ 126.606827700142659, 36.86124172453605 ], [ 126.606919908427017, 36.861253544340798 ] ] ] } },
{ "type": "Feature", "properties": { "PNU": "4427034036100760000", "JIBUN": "76답", "BCHK": "1" }, "geometry": { "type": "Polygon", "coordinates": [ [ [ 126.606497129679511, 36.861567541212757 ], [ 126.607259667593425, 36.861592626409355 ], [ 126.607284289178054, 36.861487919645782 ], [ 126.607319488327761, 36.861334264409692 ], [ 126.6073323668206, 36.861276123381685 ], [ 126.607216519221623, 36.861268731518145 ], [ 126.606919908427017, 36.861253544340798 ], [ 126.606827700142659, 36.86124172453605 ], [ 126.606666203194507, 36.861198678706174 ], [ 126.606621734379701, 36.861186565592888 ], [ 126.606526535562139, 36.861178457197305 ], [ 126.606497337393378, 36.861564198852072 ], [ 126.606497129679511, 36.861567541212757 ] ] ] } },
{ "type": "Feature", "properties": { "PNU": "4427034036100760001", "JIBUN": "76-1답", "BCHK": "1" }, "geometry": { "type": "Polygon", "coordinates": [ [ [ 126.60745176404599, 36.861277940051032 ], [ 126.607458365381447, 36.86121045206508 ], [ 126.607472590488953, 36.86107508297404 ], [ 126.607484034421319, 36.860955131399137 ], [ 126.607483526670379, 36.86095354380894 ], [ 126.607475242432898, 36.860851756383241 ], [ 126.607456128520596, 36.860848413519875 ], [ 126.607362710137267, 36.860832075684307 ], [ 126.607113347882319, 36.860789984740784 ], [ 126.607103940902689, 36.860787493781871 ], [ 126.607092795636859, 36.860824600031442 ], [ 126.606999618995587, 36.860815849890251 ], [ 126.606995272074556, 36.860887580407237 ], [ 126.60695474440341, 36.860997569171971 ], [ 126.606953357198051, 36.861001313138466 ], [ 126.60694731744168, 36.861149856048129 ], [ 126.606922301581363, 36.861246055152662 ], [ 126.606919908427017, 36.861253544340798 ], [ 126.607216519221623, 36.861268731518145 ], [ 126.6073323668206, 36.861276123381685 ], [ 126.60745176404599, 36.861277940051032 ] ] ] } },
{ "type": "Feature", "properties": { "PNU": "4427034036100760002", "JIBUN": "76-2도", "BCHK": "1" }, "geometry": { "type": "Polygon", "coordinates": [ [ [ 126.606526535562139, 36.861178457197305 ], [ 126.606621734379701, 36.861186565592888 ], [ 126.606627265289788, 36.86113997942595 ], [ 126.606529975014084, 36.861132990499826 ], [ 126.606526535562139, 36.861178457197305 ] ] ] } },
{ "type": "Feature", "properties": { "PNU": "4427034036100760003", "JIBUN": "76-3답", "BCHK": "1" }, "geometry": { "type": "Polygon", "coordinates": [ [ [ 126.606627265289788, 36.86113997942595 ], [ 126.606651009942894, 36.860974365181086 ], [ 126.606687301784788, 36.860885826534087 ], [ 126.606705153540659, 36.860780565915661 ], [ 126.606558006400761, 36.860762653610088 ], [ 126.606529975014084, 36.861132990499826 ], [ 126.606627265289788, 36.86113997942595 ] ] ] } },
{ "type": "Feature", "properties": { "PNU": "4427034036100770003", "JIBUN": "77-3답", "BCHK": "1" }, "geometry": { "type": "Polygon", "coordinates": [ [ [ 126.607550658465399, 36.863443973216988 ], [ 126.607698723664626, 36.863190226616958 ], [ 126.607655917499471, 36.863109032764036 ], [ 126.607633550431956, 36.863068356068155 ], [ 126.607628021211198, 36.863127908963278 ], [ 126.607617253183378, 36.863112960500189 ], [ 126.607582377270035, 36.863130489127954 ], [ 126.607470965218056, 36.863244606104537 ], [ 126.607456148423239, 36.863302353280623 ], [ 126.607482733948601, 36.863366859704854 ], [ 126.607550658465399, 36.863443973216988 ] ] ] } },
{ "type": "Feature", "properties": { "PNU": "4427034036100780000", "JIBUN": "78답", "BCHK": "1" }, "geometry": { "type": "Polygon", "coordinates": [ [ [ 126.606999618995587, 36.860815849890251 ], [ 126.607092795636859, 36.860824600031442 ], [ 126.607103940902689, 36.860787493781871 ], [ 126.607115583845797, 36.86070777659215 ], [ 126.607132871252617, 36.860653677975264 ], [ 126.60656738625903, 36.860638721503371 ], [ 126.606558006400761, 36.860762653610088 ], [ 126.606705153540659, 36.860780565915661 ], [ 126.606752783286851, 36.860786318706971 ], [ 126.606999618995587, 36.860815849890251 ] ] ] } },
{ "type": "Feature", "properties": { "PNU": "4427034036100780001", "JIBUN": "78-1답", "BCHK": "1" }, "geometry": { "type": "Polygon", "coordinates": [ [ [ 126.60656738625903, 36.860638721503371 ], [ 126.607132871252617, 36.860653677975264 ], [ 126.607137623196394, 36.860638825628207 ], [ 126.607138545890777, 36.860636008252982 ], [ 126.607144617187771, 36.860617519844055 ], [ 126.607172003118137, 36.860551235686103 ], [ 126.607196102084089, 36.860513784611605 ], [ 126.606578942528003, 36.860486060788766 ], [ 126.60656738625903, 36.860638721503371 ] ] ] } },
{ "type": "Feature", "properties": { "PNU": "4427034036100780002", "JIBUN": "78-2 대", "BCHK": "1" }, "geometry": { "type": "Polygon", "coordinates": [ [ [ 126.606954681739509, 36.860379123404407 ], [ 126.606813623110568, 36.860365863082073 ], [ 126.606777682747577, 36.860282384717394 ], [ 126.606594344940731, 36.860274148016082 ], [ 126.606577406576321, 36.860485992647 ], [ 126.606944811990743, 36.860502495258508 ], [ 126.606954681739509, 36.860379123404407 ] ] ] } },
{ "type": "Feature", "properties": { "PNU": "4427034036100780003", "JIBUN": "78-3 답", "BCHK": "1" }, "geometry": { "type": "Polygon", "coordinates": [ [ [ 126.606752159948797, 36.86022309892482 ], [ 126.606711963219567, 36.860031070126098 ], [ 126.606612947786289, 36.860041574765383 ], [ 126.606594344940731, 36.860274148016082 ], [ 126.606777682747577, 36.860282384717394 ], [ 126.606752159948797, 36.86022309892482 ] ] ] } },
{ "type": "Feature", "properties": { "PNU": "4427034036100780004", "JIBUN": "78-4 답", "BCHK": "1" }, "geometry": { "type": "Polygon", "coordinates": [ [ [ 126.607265256298675, 36.860478932834617 ], [ 126.607196461592878, 36.860436688474032 ], [ 126.607088903254706, 36.860391739288318 ], [ 126.606954681739509, 36.860379123404407 ], [ 126.606944811990743, 36.860502495258508 ], [ 126.60720121442057, 36.860514017706691 ], [ 126.607265256298675, 36.860478932834617 ] ] ] } },
{ "type": "Feature", "properties": { "PNU": "4427034036100790002", "JIBUN": "79-2대", "BCHK": "1" }, "geometry": { "type": "Polygon", "coordinates": [ [ [ 126.607192516697211, 36.862059053056356 ], [ 126.607287390547711, 36.862111331305393 ], [ 126.607304061009998, 36.862116693606083 ], [ 126.607361615317771, 36.862094004365382 ], [ 126.607454789648514, 36.862000101989999 ], [ 126.607456419512602, 36.861997151776364 ], [ 126.607436753877209, 36.861998591884785 ], [ 126.607405344211969, 36.861987396095955 ], [ 126.607336673601083, 36.86194692738021 ], [ 126.607265411884356, 36.861913199262162 ], [ 126.607230980740724, 36.861907372990267 ], [ 126.607222583137514, 36.861942217543252 ], [ 126.607192516697211, 36.862059053056356 ] ] ] } },
{ "type": "Feature", "properties": { "PNU": "4427034036100790004", "JIBUN": "79-4 답", "BCHK": "1" }, "geometry": { "type": "Polygon", "coordinates": [ [ [ 126.607568456174562, 36.862217900085128 ], [ 126.607579301823279, 36.862182369722291 ], [ 126.607596347633049, 36.862142678693395 ], [ 126.607598000414725, 36.862137430772563 ], [ 126.607577833271279, 36.86212724518748 ], [ 126.60755040251972, 36.862050418084436 ], [ 126.607519109588765, 36.862018506639444 ], [ 126.607482809209174, 36.862005375457599 ], [ 126.607457193547248, 36.861997100257945 ], [ 126.607456419512602, 36.861997151776364 ], [ 126.607454789648514, 36.862000101989999 ], [ 126.607361615317771, 36.862094004365382 ], [ 126.607304061009998, 36.862116693606083 ], [ 126.607287390547711, 36.862111331305393 ], [ 126.607192516697211, 36.862059053056356 ], [ 126.607180976370017, 36.862116423529535 ], [ 126.607376796621139, 36.86217371072879 ], [ 126.607568456174562, 36.862217900085128 ] ] ] } },
{ "type": "Feature", "properties": { "PNU": "4427034036100800001", "JIBUN": "80-1답", "BCHK": "1" }, "geometry": { "type": "Polygon", "coordinates": [ [ [ 126.607825117541324, 36.862001310995673 ], [ 126.607817651242797, 36.861985445279252 ], [ 126.607787412680906, 36.861940255296503 ], [ 126.607763471579844, 36.861946673443597 ], [ 126.607720856959247, 36.861960103742852 ], [ 126.607677825527077, 36.862000322076504 ], [ 126.607643960983609, 36.862037353651282 ], [ 126.607618801313251, 36.862069439829035 ], [ 126.607615678863866, 36.862081414062047 ], [ 126.607729953823892, 36.862093981637855 ], [ 126.607773649559704, 36.862024615192816 ], [ 126.607787616715726, 36.86200369273871 ], [ 126.607825117541324, 36.862001310995673 ] ] ] } },
{ "type": "Feature", "properties": { "PNU": "4427034036100810001", "JIBUN": "81-1제", "BCHK": "3" }, "geometry": { "type": "Polygon", "coordinates": [ [ [ 126.60804390852833, 36.862661610253674 ], [ 126.608055990555513, 36.862618884199478 ], [ 126.608080888092189, 36.862550158734443 ], [ 126.608100031167552, 36.862470718415587 ], [ 126.608162662701133, 36.862296482053637 ], [ 126.608170412681574, 36.862272033892161 ], [ 126.608147310738019, 36.862241338955812 ], [ 126.608126606416576, 36.862310267442297 ], [ 126.608057722648113, 36.862536340997082 ], [ 126.608013011911979, 36.862675133221224 ], [ 126.60804390852833, 36.862661610253674 ] ] ] } },
{ "type": "Feature", "properties": { "PNU": "4427034036100810002", "JIBUN": "81-2제", "BCHK": "1" }, "geometry": { "type": "Polygon", "coordinates": [ [ [ 126.608170412681574, 36.862272033892161 ], [ 126.608180362425273, 36.86224061851491 ], [ 126.608149653940544, 36.862230425436124 ], [ 126.608148063647548, 36.862238827386534 ], [ 126.608147310738019, 36.862241338955812 ], [ 126.608170412681574, 36.862272033892161 ] ] ] } },
{ "type": "Feature", "properties": { "PNU": "4427034036100820001", "JIBUN": "82-1천", "BCHK": "1" }, "geometry": { "type": "Polygon", "coordinates": [ [ [ 126.608236868549952, 36.86259595087337 ], [ 126.608330645647072, 36.862553231734346 ], [ 126.608463655151738, 36.862478571483372 ], [ 126.608520486053649, 36.862337845469042 ], [ 126.608470786650074, 36.862324283148553 ], [ 126.608439195718049, 36.86231339340862 ], [ 126.608409140869597, 36.862293732081405 ], [ 126.608325252983718, 36.862257458120318 ], [ 126.608325137499406, 36.862258115537216 ], [ 126.608315870410337, 36.86231187120076 ], [ 126.60828618510098, 36.862422418627219 ], [ 126.608236868549952, 36.86259595087337 ] ] ] } },
{ "type": "Feature", "properties": { "PNU": "4427034036100820002", "JIBUN": "82-2제", "BCHK": "1" }, "geometry": { "type": "Polygon", "coordinates": [ [ [ 126.608315870410337, 36.86231187120076 ], [ 126.608325137499406, 36.862258115537216 ], [ 126.608325252983718, 36.862257458120318 ], [ 126.608323048648941, 36.862256504737893 ], [ 126.608206783011127, 36.862220755146815 ], [ 126.608180362425273, 36.86224061851491 ], [ 126.608170412681574, 36.862272033892161 ], [ 126.608189504666939, 36.862297399219877 ], [ 126.608256437867581, 36.862311405721158 ], [ 126.608315870410337, 36.86231187120076 ] ] ] } },
{ "type": "Feature", "properties": { "PNU": "4427034036100820003", "JIBUN": "82-3제", "BCHK": "1" }, "geometry": { "type": "Polygon", "coordinates": [ [ [ 126.608236868549952, 36.86259595087337 ], [ 126.60828618510098, 36.862422418627219 ], [ 126.608315870410337, 36.86231187120076 ], [ 126.608256437867581, 36.862311405721158 ], [ 126.608189504666939, 36.862297399219877 ], [ 126.608170412681574, 36.862272033892161 ], [ 126.608162662701133, 36.862296482053637 ], [ 126.608100031167552, 36.862470718415587 ], [ 126.608080888092189, 36.862550158734443 ], [ 126.608055990555513, 36.862618884199478 ], [ 126.60804390852833, 36.862661610253674 ], [ 126.608217799208845, 36.86260580024237 ], [ 126.608236868549952, 36.86259595087337 ] ] ] } },
{ "type": "Feature", "properties": { "PNU": "4427034036100830001", "JIBUN": "83-1천", "BCHK": "1" }, "geometry": { "type": "Polygon", "coordinates": [ [ [ 126.608520486053649, 36.862337845469042 ], [ 126.608573349309353, 36.862214308222633 ], [ 126.608594361144938, 36.862148777776255 ], [ 126.608470374022559, 36.862107632608627 ], [ 126.608405975077801, 36.862082650253384 ], [ 126.608368224297294, 36.862061404765996 ], [ 126.608360989468792, 36.862057335118209 ], [ 126.608325252983718, 36.862257458120318 ], [ 126.608409140869597, 36.862293732081405 ], [ 126.608439195718049, 36.86231339340862 ], [ 126.608470786650074, 36.862324283148553 ], [ 126.608520486053649, 36.862337845469042 ] ] ] } },
{ "type": "Feature", "properties": { "PNU": "4427034036100830002", "JIBUN": "83-2제", "BCHK": "1" }, "geometry": { "type": "Polygon", "coordinates": [ [ [ 126.608180362425273, 36.86224061851491 ], [ 126.608206783011127, 36.862220755146815 ], [ 126.608323048648941, 36.862256504737893 ], [ 126.608325252983718, 36.862257458120318 ], [ 126.608360989468792, 36.862057335118209 ], [ 126.608274829115061, 36.862011511111866 ], [ 126.608198583152344, 36.861983119663307 ], [ 126.608149653940544, 36.862230425436124 ], [ 126.608180362425273, 36.86224061851491 ] ] ] } },
{ "type": "Feature", "properties": { "PNU": "4427034036100830003", "JIBUN": "83-3 전", "BCHK": "3" }, "geometry": { "type": "Polygon", "coordinates": [ [ [ 126.607847452033198, 36.861999888607187 ], [ 126.607853355575116, 36.862012135811696 ], [ 126.607855657874865, 36.862042302878756 ], [ 126.607849528344559, 36.862074442649195 ], [ 126.60782032788839, 36.862118283828103 ], [ 126.607902964672277, 36.862155725450883 ], [ 126.607980939589638, 36.862185942972779 ], [ 126.608034047916476, 36.862197300016156 ], [ 126.608111550805887, 36.862221127170038 ], [ 126.608149653940544, 36.862230425436124 ], [ 126.608198583152344, 36.861983119663307 ], [ 126.607947840383218, 36.861889762894137 ], [ 126.607834069235309, 36.861972118058738 ], [ 126.607847452033198, 36.861999888607187 ] ] ] } },
{ "type": "Feature", "properties": { "PNU": "4427034036100840000", "JIBUN": "84전", "BCHK": "1" }, "geometry": { "type": "Polygon", "coordinates": [ [ [ 126.608594361144938, 36.862148777776255 ], [ 126.608622547281414, 36.862057292423209 ], [ 126.608636067687556, 36.861991827498777 ], [ 126.608664964515754, 36.861877420721093 ], [ 126.608686111869403, 36.861776351687304 ], [ 126.608696146741394, 36.861672939406205 ], [ 126.608708986829143, 36.861571392570163 ], [ 126.608650519334702, 36.861573120104531 ], [ 126.608575599215428, 36.861595032122537 ], [ 126.608574140399966, 36.861683496408823 ], [ 126.608572015346112, 36.861706665485613 ], [ 126.608546507704602, 36.861833797752716 ], [ 126.608518054307268, 36.861955802150334 ], [ 126.608497307169444, 36.862031029187975 ], [ 126.608406503427048, 36.861996372571298 ], [ 126.608368224297294, 36.862061404765996 ], [ 126.608405975077801, 36.862082650253384 ], [ 126.608470374022559, 36.862107632608627 ], [ 126.608594361144938, 36.862148777776255 ] ] ] } },
{ "type": "Feature", "properties": { "PNU": "4427034036100850001", "JIBUN": "85-1천", "BCHK": "1" }, "geometry": { "type": "Polygon", "coordinates": [ [ [ 126.608360989468792, 36.862057335118209 ], [ 126.608368224297294, 36.862061404765996 ], [ 126.608406503427048, 36.861996372571298 ], [ 126.608497307169444, 36.862031029187975 ], [ 126.608518054307268, 36.861955802150334 ], [ 126.608546507704602, 36.861833797752716 ], [ 126.608572015346112, 36.861706665485613 ], [ 126.608574140399966, 36.861683496408823 ], [ 126.608575599215428, 36.861595032122537 ], [ 126.608438498409527, 36.861618920653434 ], [ 126.608436747308971, 36.861619257320221 ], [ 126.608411748914051, 36.861765296111123 ], [ 126.608360989468792, 36.862057335118209 ] ] ] } },
{ "type": "Feature", "properties": { "PNU": "4427034036100850002", "JIBUN": "85-2제", "BCHK": "1" }, "geometry": { "type": "Polygon", "coordinates": [ [ [ 126.608198583152344, 36.861983119663307 ], [ 126.608274829115061, 36.862011511111866 ], [ 126.608360989468792, 36.862057335118209 ], [ 126.608411748914051, 36.861765296111123 ], [ 126.608436747308971, 36.861619257320221 ], [ 126.60836716404927, 36.861632527243088 ], [ 126.608310949611266, 36.861643254890673 ], [ 126.608264681210613, 36.86164531964841 ], [ 126.60822536853415, 36.861847422300961 ], [ 126.608198698270613, 36.861982534332562 ], [ 126.608198583152344, 36.861983119663307 ] ] ] } },
{ "type": "Feature", "properties": { "PNU": "4427034036100850003", "JIBUN": "85-3답", "BCHK": "1" }, "geometry": { "type": "Polygon", "coordinates": [ [ [ 126.607834069235309, 36.861972118058738 ], [ 126.607947840383218, 36.861889762894137 ], [ 126.608198583152344, 36.861983119663307 ], [ 126.608198698270613, 36.861982534332562 ], [ 126.60822536853415, 36.861847422300961 ], [ 126.608264681210613, 36.86164531964841 ], [ 126.608120686595257, 36.861650983144962 ], [ 126.608038328021024, 36.861649306870049 ], [ 126.607904583059579, 36.861635134734414 ], [ 126.607864642992354, 36.861779664529479 ], [ 126.607822027364762, 36.861874805751171 ], [ 126.607810909776504, 36.861913119614051 ], [ 126.60781493188496, 36.861944689026657 ], [ 126.607834069235309, 36.861972118058738 ] ] ] } },
{ "type": "Feature", "properties": { "PNU": "4427034036100860000", "JIBUN": "86전", "BCHK": "1" }, "geometry": { "type": "Polygon", "coordinates": [ [ [ 126.607615678863866, 36.862081414062047 ], [ 126.607618801313251, 36.862069439829035 ], [ 126.607643960983609, 36.862037353651282 ], [ 126.607677825527077, 36.862000322076504 ], [ 126.607720856959247, 36.861960103742852 ], [ 126.607763471579844, 36.861946673443597 ], [ 126.607787412680906, 36.861940255296503 ], [ 126.607803469463761, 36.861876736150911 ], [ 126.607841383410758, 36.861779984549905 ], [ 126.607886299146102, 36.861633921241825 ], [ 126.607913898234088, 36.861516897214138 ], [ 126.607848190183731, 36.861539929369997 ], [ 126.60782015836017, 36.861534890231731 ], [ 126.607791618037751, 36.861543825329761 ], [ 126.607768031293062, 36.861570969726529 ], [ 126.607739207585468, 36.861628941228233 ], [ 126.607689497226119, 36.861683699230376 ], [ 126.607664792062579, 36.86169923388163 ], [ 126.607653671966602, 36.861713812997849 ], [ 126.607630192418881, 36.861774928831771 ], [ 126.607590151774332, 36.861835629748597 ], [ 126.607563308974477, 36.861861321647552 ], [ 126.607512039752166, 36.861927049726766 ], [ 126.607472876426897, 36.861967397854329 ], [ 126.607456419512602, 36.861997151776364 ], [ 126.607457193547248, 36.861997100257945 ], [ 126.607482809209174, 36.862005375457599 ], [ 126.607519109588765, 36.862018506639444 ], [ 126.60755040251972, 36.862050418084436 ], [ 126.607577833271279, 36.86212724518748 ], [ 126.607598000414725, 36.862137430772563 ], [ 126.607615678863866, 36.862081414062047 ] ] ] } },
{ "type": "Feature", "properties": { "PNU": "4427034036100870000", "JIBUN": "87전", "BCHK": "1" }, "geometry": { "type": "Polygon", "coordinates": [ [ [ 126.607230980740724, 36.861907372990267 ], [ 126.607265411884356, 36.861913199262162 ], [ 126.607336673601083, 36.86194692738021 ], [ 126.607405344211969, 36.861987396095955 ], [ 126.607436753877209, 36.861998591884785 ], [ 126.607456419512602, 36.861997151776364 ], [ 126.607472876426897, 36.861967397854329 ], [ 126.607512039752166, 36.861927049726766 ], [ 126.607563308974477, 36.861861321647552 ], [ 126.607590151774332, 36.861835629748597 ], [ 126.607630192418881, 36.861774928831771 ], [ 126.607653671966602, 36.861713812997849 ], [ 126.607664792062579, 36.86169923388163 ], [ 126.607593039524616, 36.861724444676739 ], [ 126.607526871698084, 36.861791439347819 ], [ 126.607496783129875, 36.861809290076778 ], [ 126.607367416683203, 36.861840294399364 ], [ 126.607363078894309, 36.861842091314209 ], [ 126.607296247506724, 36.86186981414675 ], [ 126.60725884307071, 36.86187969311343 ], [ 126.6072334153002, 36.86190495707249 ], [ 126.607230980740724, 36.861907372990267 ] ] ] } },
{ "type": "Feature", "properties": { "PNU": "4427034036100880000", "JIBUN": "88전", "BCHK": "1" }, "geometry": { "type": "Polygon", "coordinates": [ [ [ 126.607363078894309, 36.861842091314209 ], [ 126.607367416683203, 36.861840294399364 ], [ 126.607496783129875, 36.861809290076778 ], [ 126.607526871698084, 36.861791439347819 ], [ 126.607593039524616, 36.861724444676739 ], [ 126.607664792062579, 36.86169923388163 ], [ 126.607689497226119, 36.861683699230376 ], [ 126.607739207585468, 36.861628941228233 ], [ 126.607768031293062, 36.861570969726529 ], [ 126.607791618037751, 36.861543825329761 ], [ 126.60782015836017, 36.861534890231731 ], [ 126.607848190183731, 36.861539929369997 ], [ 126.607913898234088, 36.861516897214138 ], [ 126.607927702264575, 36.86145309130449 ], [ 126.607959201950123, 36.861329799480416 ], [ 126.607762306003977, 36.861323331210194 ], [ 126.607718160450986, 36.86137981058571 ], [ 126.607572419464887, 36.861400380726046 ], [ 126.607511563644536, 36.861452696079809 ], [ 126.607480752686101, 36.861489097884139 ], [ 126.607445407459466, 36.861539442652379 ], [ 126.607423788431674, 36.861589733460931 ], [ 126.607383986400961, 36.861685009939187 ], [ 126.607372041290674, 36.861711832133985 ], [ 126.607361311999242, 36.861786127777826 ], [ 126.607363078894309, 36.861842091314209 ] ] ] } },
{ "type": "Feature", "properties": { "PNU": "4427034036100890000", "JIBUN": "89전", "BCHK": "1" }, "geometry": { "type": "Polygon", "coordinates": [ [ [ 126.607762306003977, 36.861323331210194 ], [ 126.607959201950123, 36.861329799480416 ], [ 126.607969319256895, 36.861276470142705 ], [ 126.607963864167601, 36.861195948779937 ], [ 126.607960840530183, 36.861122427869681 ], [ 126.60796298383876, 36.861011979221885 ], [ 126.607936846316079, 36.860949862243103 ], [ 126.607840401278494, 36.860968504185877 ], [ 126.607785410372344, 36.860983479746281 ], [ 126.607709691848285, 36.861019103196185 ], [ 126.607751921354961, 36.861118632353772 ], [ 126.607764162290607, 36.861242878933325 ], [ 126.607762306003977, 36.861323331210194 ] ] ] } },
{ "type": "Feature", "properties": { "PNU": "4427034036100900001", "JIBUN": "90-1전", "BCHK": "1" }, "geometry": { "type": "Polygon", "coordinates": [ [ [ 126.608120686595257, 36.861650983144962 ], [ 126.608169729861913, 36.861475990254071 ], [ 126.608230949676852, 36.861334386689599 ], [ 126.608294152499511, 36.861232798024979 ], [ 126.60829435836483, 36.861218777730706 ], [ 126.608051069456508, 36.861216915357971 ], [ 126.608050156669989, 36.861123027725959 ], [ 126.608050149582795, 36.8611222167211 ], [ 126.60799437044362, 36.861250195563422 ], [ 126.607986041258656, 36.861291510230721 ], [ 126.607983335270333, 36.861331843165154 ], [ 126.607974167076179, 36.861374957255137 ], [ 126.607953767011253, 36.861437002389529 ], [ 126.607933435591448, 36.861527414076662 ], [ 126.607904583059579, 36.861635134734414 ], [ 126.608038328021024, 36.861649306870049 ], [ 126.608120686595257, 36.861650983144962 ] ] ] } },
{ "type": "Feature", "properties": { "PNU": "4427034036100900002", "JIBUN": "90-2제", "BCHK": "1" }, "geometry": { "type": "Polygon", "coordinates": [ [ [ 126.60829435836483, 36.861218777730706 ], [ 126.608294152499511, 36.861232798024979 ], [ 126.608317149620319, 36.861195847719479 ], [ 126.608294796430414, 36.861187763629417 ], [ 126.60829435836483, 36.861218777730706 ] ] ] } },
{ "type": "Feature", "properties": { "PNU": "4427034036100900003", "JIBUN": "90-3전", "BCHK": "1" }, "geometry": { "type": "Polygon", "coordinates": [ [ [ 126.608294796430414, 36.861187763629417 ], [ 126.608250728012919, 36.861171840826174 ], [ 126.608205297888446, 36.861137026674605 ], [ 126.60811834551393, 36.861055336541646 ], [ 126.608078114653779, 36.861038966724273 ], [ 126.608051397678352, 36.86111935535353 ], [ 126.608050149582795, 36.8611222167211 ], [ 126.608050156669989, 36.861123027725959 ], [ 126.608051069456508, 36.861216915357971 ], [ 126.60829435836483, 36.861218777730706 ], [ 126.608294796430414, 36.861187763629417 ] ] ] } },
{ "type": "Feature", "properties": { "PNU": "4427034036100910001", "JIBUN": "91-1전", "BCHK": "1" }, "geometry": { "type": "Polygon", "coordinates": [ [ [ 126.608264681210613, 36.86164531964841 ], [ 126.608310949611266, 36.861643254890673 ], [ 126.60836716404927, 36.861632527243088 ], [ 126.60836829392197, 36.861467649397156 ], [ 126.608385316872344, 36.861408080115055 ], [ 126.608288845050595, 36.861378973539956 ], [ 126.6082767290102, 36.86157619149747 ], [ 126.608264681210613, 36.86164531964841 ] ] ] } },
{ "type": "Feature", "properties": { "PNU": "4427034036100910002", "JIBUN": "91-2제", "BCHK": "1" }, "geometry": { "type": "Polygon", "coordinates": [ [ [ 126.608120686595257, 36.861650983144962 ], [ 126.608264681210613, 36.86164531964841 ], [ 126.6082767290102, 36.86157619149747 ], [ 126.608288845050595, 36.861378973539956 ], [ 126.608279540488127, 36.861376167628599 ], [ 126.60829043013004, 36.86135615411947 ], [ 126.608294152499511, 36.861232798024979 ], [ 126.608230949676852, 36.861334386689599 ], [ 126.608169729861913, 36.861475990254071 ], [ 126.608120686595257, 36.861650983144962 ] ] ] } },
{ "type": "Feature", "properties": { "PNU": "4427034036100910003", "JIBUN": "91-3제", "BCHK": "1" }, "geometry": { "type": "Polygon", "coordinates": [ [ [ 126.60829043013004, 36.86135615411947 ], [ 126.608367922023987, 36.861223191303147 ], [ 126.608320216607083, 36.861196957119837 ], [ 126.608317149620319, 36.861195847719479 ], [ 126.608294152499511, 36.861232798024979 ], [ 126.60829043013004, 36.86135615411947 ] ] ] } },
{ "type": "Feature", "properties": { "PNU": "4427034036100920001", "JIBUN": "92-1천", "BCHK": "1" }, "geometry": { "type": "Polygon", "coordinates": [ [ [ 126.608436747308971, 36.861619257320221 ], [ 126.608438498409527, 36.861618920653434 ], [ 126.608575599215428, 36.861595032122537 ], [ 126.608650519334702, 36.861573120104531 ], [ 126.608708986829143, 36.861571392570163 ], [ 126.608779822172338, 36.861384441337961 ], [ 126.608783467114975, 36.861377740166027 ], [ 126.608744308395316, 36.861371006748954 ], [ 126.608602107951086, 36.861370170840495 ], [ 126.60848795811313, 36.86137950101665 ], [ 126.608456637953083, 36.861388219901031 ], [ 126.6084565989526, 36.861389274049024 ], [ 126.608452014265097, 36.861530099462314 ], [ 126.608436747308971, 36.861619257320221 ] ] ] } },
{ "type": "Feature", "properties": { "PNU": "4427034036100920002", "JIBUN": "92-2제", "BCHK": "1" }, "geometry": { "type": "Polygon", "coordinates": [ [ [ 126.608436747308971, 36.861619257320221 ], [ 126.608452014265097, 36.861530099462314 ], [ 126.6084565989526, 36.861389274049024 ], [ 126.608456637953083, 36.861388219901031 ], [ 126.608385316872344, 36.861408080115055 ], [ 126.60836829392197, 36.861467649397156 ], [ 126.60836716404927, 36.861632527243088 ], [ 126.608436747308971, 36.861619257320221 ] ] ] } },
{ "type": "Feature", "properties": { "PNU": "4427034036100930000", "JIBUN": "93천", "BCHK": "1" }, "geometry": { "type": "Polygon", "coordinates": [ [ [ 126.608602107951086, 36.861370170840495 ], [ 126.608744308395316, 36.861371006748954 ], [ 126.608783467114975, 36.861377740166027 ], [ 126.608814581266827, 36.861323461377687 ], [ 126.608842698621984, 36.861258657026688 ], [ 126.608859935394293, 36.861190023402557 ], [ 126.608858750467192, 36.861063407268297 ], [ 126.608860285549568, 36.86077655908943 ], [ 126.608852637055023, 36.860628719088901 ], [ 126.608807004936253, 36.860631479985827 ], [ 126.608786840746646, 36.860651670382268 ], [ 126.608760075329073, 36.860657872219974 ], [ 126.608708224343502, 36.860659675549272 ], [ 126.608689645371783, 36.860844617543812 ], [ 126.608670913247082, 36.8610331994334 ], [ 126.608623748436003, 36.861039613659521 ], [ 126.608589405682451, 36.861131204982492 ], [ 126.60855885696337, 36.861197776445174 ], [ 126.608573776652818, 36.86121883883348 ], [ 126.608576939064164, 36.86124751290297 ], [ 126.608535562866578, 36.861319662626094 ], [ 126.608602107951086, 36.861370170840495 ] ] ] } },
{ "type": "Feature", "properties": { "PNU": "4427034036100940000", "JIBUN": "94임", "BCHK": "1" }, "geometry": { "type": "Polygon", "coordinates": [ [ [ 126.608852637055023, 36.860628719088901 ], [ 126.608847604910892, 36.860548649687701 ], [ 126.60882490323857, 36.860260316312782 ], [ 126.608821921820933, 36.860180532968116 ], [ 126.608730399740438, 36.860194974675892 ], [ 126.608728214545891, 36.860289609075046 ], [ 126.608725049501629, 36.860340924825287 ], [ 126.608706294480669, 36.860392775149897 ], [ 126.608691923955718, 36.860402703088567 ], [ 126.608691845549416, 36.860407100154333 ], [ 126.608637927288044, 36.860531102601037 ], [ 126.60861424835565, 36.860753071695832 ], [ 126.608595631368956, 36.860863790707249 ], [ 126.608548844795905, 36.860989979118834 ], [ 126.608498396228867, 36.861106333602997 ], [ 126.608527640920769, 36.861139688829823 ], [ 126.608525624566568, 36.861165741754668 ], [ 126.60855885696337, 36.861197776445174 ], [ 126.608589405682451, 36.861131204982492 ], [ 126.608623748436003, 36.861039613659521 ], [ 126.608670913247082, 36.8610331994334 ], [ 126.608689645371783, 36.860844617543812 ], [ 126.608708224343502, 36.860659675549272 ], [ 126.608760075329073, 36.860657872219974 ], [ 126.608786840746646, 36.860651670382268 ], [ 126.608807004936253, 36.860631479985827 ], [ 126.608852637055023, 36.860628719088901 ] ] ] } },
{ "type": "Feature", "properties": { "PNU": "4427034036100950000", "JIBUN": "95임", "BCHK": "1" }, "geometry": { "type": "Polygon", "coordinates": [ [ [ 126.608437359922732, 36.860519288951693 ], [ 126.608637927288044, 36.860531102601037 ], [ 126.608691845549416, 36.860407100154333 ], [ 126.608691923955718, 36.860402703088567 ], [ 126.608612009695321, 36.860392519924105 ], [ 126.608565500580013, 36.860391349095785 ], [ 126.608521059525543, 36.86039587091846 ], [ 126.608500692561918, 36.860400796124203 ], [ 126.608476786856372, 36.860413594256769 ], [ 126.608462679029017, 36.86043360623534 ], [ 126.608455493517752, 36.860477222477144 ], [ 126.608437359922732, 36.860519288951693 ] ] ] } },
{ "type": "Feature", "properties": { "PNU": "4427034036100960001", "JIBUN": "96-1천", "BCHK": "1" }, "geometry": { "type": "Polygon", "coordinates": [ [ [ 126.608602107951086, 36.861370170840495 ], [ 126.608535562866578, 36.861319662626094 ], [ 126.608576939064164, 36.86124751290297 ], [ 126.608573776652818, 36.86121883883348 ], [ 126.60855885696337, 36.861197776445174 ], [ 126.608525624566568, 36.861165741754668 ], [ 126.608527640920769, 36.861139688829823 ], [ 126.608498396228867, 36.861106333602997 ], [ 126.608548844795905, 36.860989979118834 ], [ 126.608595631368956, 36.860863790707249 ], [ 126.60861424835565, 36.860753071695832 ], [ 126.608637927288044, 36.860531102601037 ], [ 126.608437359922732, 36.860519288951693 ], [ 126.60843516980178, 36.860524372925823 ], [ 126.608422829024732, 36.860547517484022 ], [ 126.608428028123924, 36.860577009227356 ], [ 126.608443828482478, 36.860665250838089 ], [ 126.608449094054535, 36.860794178157924 ], [ 126.608461204743463, 36.860999414277885 ], [ 126.608469034202585, 36.861113716292387 ], [ 126.608466341092409, 36.861171422309617 ], [ 126.608456637953083, 36.861388219901031 ], [ 126.60848795811313, 36.86137950101665 ], [ 126.608602107951086, 36.861370170840495 ] ] ] } },
{ "type": "Feature", "properties": { "PNU": "4427034036100960002", "JIBUN": "96-2제", "BCHK": "1" }, "geometry": { "type": "Polygon", "coordinates": [ [ [ 126.608456637953083, 36.861388219901031 ], [ 126.608466341092409, 36.861171422309617 ], [ 126.608469034202585, 36.861113716292387 ], [ 126.608461204743463, 36.860999414277885 ], [ 126.608449094054535, 36.860794178157924 ], [ 126.608443828482478, 36.860665250838089 ], [ 126.608428028123924, 36.860577009227356 ], [ 126.608422829024732, 36.860547517484022 ], [ 126.608406237113911, 36.860579695037401 ], [ 126.608387805736527, 36.86062076932626 ], [ 126.60831512400712, 36.860632686426726 ], [ 126.608320748126744, 36.860724138567157 ], [ 126.608308150714237, 36.860760248965136 ], [ 126.60827398278893, 36.860797568082276 ], [ 126.608273599368516, 36.860797990335882 ], [ 126.608277129073059, 36.860838208592867 ], [ 126.608297692510263, 36.861116632032378 ], [ 126.608294796430414, 36.861187763629417 ], [ 126.608317149620319, 36.861195847719479 ], [ 126.608320216607083, 36.861196957119837 ], [ 126.608367922023987, 36.861223191303147 ], [ 126.60829043013004, 36.86135615411947 ], [ 126.608279540488127, 36.861376167628599 ], [ 126.608288845050595, 36.861378973539956 ], [ 126.608385316872344, 36.861408080115055 ], [ 126.608456637953083, 36.861388219901031 ] ] ] } },
{ "type": "Feature", "properties": { "PNU": "4427034036100960003", "JIBUN": "96-3잡", "BCHK": "1" }, "geometry": { "type": "Polygon", "coordinates": [ [ [ 126.60811834551393, 36.861055336541646 ], [ 126.608205297888446, 36.861137026674605 ], [ 126.608250728012919, 36.861171840826174 ], [ 126.608294796430414, 36.861187763629417 ], [ 126.608297692510263, 36.861116632032378 ], [ 126.608277129073059, 36.860838208592867 ], [ 126.608273599368516, 36.860797990335882 ], [ 126.608260586278689, 36.860812193848616 ], [ 126.608225818000648, 36.860833048053181 ], [ 126.608222659548986, 36.860836696108798 ], [ 126.608205637839291, 36.860856338049338 ], [ 126.608198224229696, 36.860896259051053 ], [ 126.60811834551393, 36.861055336541646 ] ] ] } },
{ "type": "Feature", "properties": { "PNU": "4427034036100970001", "JIBUN": "97-1잡", "BCHK": "1" }, "geometry": { "type": "Polygon", "coordinates": [ [ [ 126.60811834551393, 36.861055336541646 ], [ 126.608198224229696, 36.860896259051053 ], [ 126.608205637839291, 36.860856338049338 ], [ 126.608222659548986, 36.860836696108798 ], [ 126.608082337081527, 36.860832820061958 ], [ 126.608085417630335, 36.860895176646487 ], [ 126.608087225825031, 36.861004836310123 ], [ 126.608078114653779, 36.861038966724273 ], [ 126.60811834551393, 36.861055336541646 ] ] ] } },
{ "type": "Feature", "properties": { "PNU": "4427034036100970002", "JIBUN": "97-2제", "BCHK": "1" }, "geometry": { "type": "Polygon", "coordinates": [ [ [ 126.608262002066937, 36.860659490655912 ], [ 126.608265670973807, 36.860687769919323 ], [ 126.60827398278893, 36.860797568082276 ], [ 126.608308150714237, 36.860760248965136 ], [ 126.608320748126744, 36.860724138567157 ], [ 126.60831512400712, 36.860632686426726 ], [ 126.608283515430017, 36.860497509141517 ], [ 126.6082724364189, 36.860448940014862 ], [ 126.608231243599946, 36.860456400939974 ], [ 126.608231308498887, 36.860456869720281 ], [ 126.608262002066937, 36.860659490655912 ] ] ] } },
{ "type": "Feature", "properties": { "PNU": "4427034036100970003", "JIBUN": "97-3대", "BCHK": "1" }, "geometry": { "type": "Polygon", "coordinates": [ [ [ 126.608082337081527, 36.860832820061958 ], [ 126.608222659548986, 36.860836696108798 ], [ 126.608225818000648, 36.860833048053181 ], [ 126.608260586278689, 36.860812193848616 ], [ 126.608273599368516, 36.860797990335882 ], [ 126.60827398278893, 36.860797568082276 ], [ 126.608265670973807, 36.860687769919323 ], [ 126.608262002066937, 36.860659490655912 ], [ 126.608031123062318, 36.860707219975041 ], [ 126.6080599326353, 36.860812796307606 ], [ 126.608081655769723, 36.860819058168893 ], [ 126.608082337081527, 36.860832820061958 ] ] ] } },
{ "type": "Feature", "properties": { "PNU": "4427034036100970004", "JIBUN": "97-4전", "BCHK": "1" }, "geometry": { "type": "Polygon", "coordinates": [ [ [ 126.608031123062318, 36.860707219975041 ], [ 126.608262002066937, 36.860659490655912 ], [ 126.608231308498887, 36.860456869720281 ], [ 126.608231243599946, 36.860456400939974 ], [ 126.608227113071848, 36.860457153302406 ], [ 126.608127111890525, 36.860462970292232 ], [ 126.608076510112028, 36.860483754420777 ], [ 126.608033284969167, 36.86051155522911 ], [ 126.608031664054565, 36.860512757364894 ], [ 126.607973132043128, 36.860555961562603 ], [ 126.607988333878396, 36.860578818123656 ], [ 126.608011793594812, 36.860629446400232 ], [ 126.608031123062318, 36.860707219975041 ] ] ] } },
{ "type": "Feature", "properties": { "PNU": "4427034036100980000", "JIBUN": "98전", "BCHK": "1" }, "geometry": { "type": "Polygon", "coordinates": [ [ [ 126.608050149582795, 36.8611222167211 ], [ 126.608049922221994, 36.860831920606437 ], [ 126.608082337081527, 36.860832820061958 ], [ 126.608081655769723, 36.860819058168893 ], [ 126.6080599326353, 36.860812796307606 ], [ 126.608031123062318, 36.860707219975041 ], [ 126.608011793594812, 36.860629446400232 ], [ 126.607988333878396, 36.860578818123656 ], [ 126.607973132043128, 36.860555961562603 ], [ 126.607950775540473, 36.860530945901949 ], [ 126.607905754570851, 36.860444491468101 ], [ 126.607868646060524, 36.860403000420611 ], [ 126.60781922984674, 36.860364920078489 ], [ 126.607823320437348, 36.86040505008603 ], [ 126.607820034957854, 36.860429242582491 ], [ 126.607808621146518, 36.860466311976033 ], [ 126.607784431308815, 36.860519468888405 ], [ 126.607864713792466, 36.860567463586143 ], [ 126.607894602879469, 36.860586484735386 ], [ 126.607910861604921, 36.860610993775992 ], [ 126.607905059711598, 36.860633871421761 ], [ 126.607876863894163, 36.860707370823661 ], [ 126.60786629143054, 36.860755391238357 ], [ 126.607880072813586, 36.860821576594319 ], [ 126.607890370886196, 36.860869314183695 ], [ 126.607913922794609, 36.860899632196563 ], [ 126.607927186444044, 36.860926546312896 ], [ 126.607977557682986, 36.860962142735751 ], [ 126.60798639307383, 36.860980004353991 ], [ 126.60798019211073, 36.861043835260794 ], [ 126.607973593869545, 36.861124028667014 ], [ 126.607976497155434, 36.861163911468289 ], [ 126.60799437044362, 36.861250195563422 ], [ 126.608050149582795, 36.8611222167211 ] ] ] } },
{ "type": "Feature", "properties": { "PNU": "4427034036100980001", "JIBUN": "98-1잡", "BCHK": "1" }, "geometry": { "type": "Polygon", "coordinates": [ [ [ 126.608050149582795, 36.8611222167211 ], [ 126.608051397678352, 36.86111935535353 ], [ 126.608078114653779, 36.861038966724273 ], [ 126.608087225825031, 36.861004836310123 ], [ 126.608085417630335, 36.860895176646487 ], [ 126.608082337081527, 36.860832820061958 ], [ 126.608049922221994, 36.860831920606437 ], [ 126.608050149582795, 36.8611222167211 ] ] ] } },
{ "type": "Feature", "properties": { "PNU": "4427034036100990000", "JIBUN": "99전", "BCHK": "1" }, "geometry": { "type": "Polygon", "coordinates": [ [ [ 126.608031664054565, 36.860512757364894 ], [ 126.607982534741026, 36.860184707027578 ], [ 126.607965865701829, 36.860077782883174 ], [ 126.607938227614355, 36.860077007226245 ], [ 126.607778372780857, 36.860103829869544 ], [ 126.607770809999693, 36.860128972470037 ], [ 126.607781996907093, 36.860202529246983 ], [ 126.6077417068161, 36.860237530304737 ], [ 126.607797616839193, 36.860321641723147 ], [ 126.60781922984674, 36.860364920078489 ], [ 126.607868646060524, 36.860403000420611 ], [ 126.607905754570851, 36.860444491468101 ], [ 126.607950775540473, 36.860530945901949 ], [ 126.607973132043128, 36.860555961562603 ], [ 126.608031664054565, 36.860512757364894 ] ] ] } },
{ "type": "Feature", "properties": { "PNU": "4427034036101000001", "JIBUN": "100-1천", "BCHK": "1" }, "geometry": { "type": "Polygon", "coordinates": [ [ [ 126.608422829024732, 36.860547517484022 ], [ 126.60843516980178, 36.860524372925823 ], [ 126.608437359922732, 36.860519288951693 ], [ 126.608455493517752, 36.860477222477144 ], [ 126.608462679029017, 36.86043360623534 ], [ 126.608476786856372, 36.860413594256769 ], [ 126.608500692561918, 36.860400796124203 ], [ 126.608505776205192, 36.86036695882715 ], [ 126.608501075240412, 36.860325502235384 ], [ 126.608480766860879, 36.860208591145366 ], [ 126.608464053750026, 36.860149911326431 ], [ 126.608456848272951, 36.860113627783726 ], [ 126.6084364721534, 36.860065217383898 ], [ 126.608412000349759, 36.859982038463414 ], [ 126.608411935953924, 36.859981470564811 ], [ 126.608369604172651, 36.859972591023919 ], [ 126.608325209040643, 36.859974743056171 ], [ 126.608335052198399, 36.86003920336622 ], [ 126.608383744842328, 36.86033210959615 ], [ 126.608422829024732, 36.860547517484022 ] ] ] } },
{ "type": "Feature", "properties": { "PNU": "4427034036101000002", "JIBUN": "100-2제", "BCHK": "1" }, "geometry": { "type": "Polygon", "coordinates": [ [ [ 126.60831512400712, 36.860632686426726 ], [ 126.608387805736527, 36.86062076932626 ], [ 126.608406237113911, 36.860579695037401 ], [ 126.608422829024732, 36.860547517484022 ], [ 126.608383744842328, 36.86033210959615 ], [ 126.608335052198399, 36.86003920336622 ], [ 126.608325209040643, 36.859974743056171 ], [ 126.608249553293149, 36.85997842339593 ], [ 126.608172175729194, 36.859987711828019 ], [ 126.608154788496208, 36.859988862180487 ], [ 126.608170040463278, 36.860052556320461 ], [ 126.608170776842996, 36.860073130642171 ], [ 126.608201462818514, 36.860257342296258 ], [ 126.608231243599946, 36.860456400939974 ], [ 126.6082724364189, 36.860448940014862 ], [ 126.608283515430017, 36.860497509141517 ], [ 126.60831512400712, 36.860632686426726 ] ] ] } },
{ "type": "Feature", "properties": { "PNU": "4427034036101000003", "JIBUN": "100-3전", "BCHK": "1" }, "geometry": { "type": "Polygon", "coordinates": [ [ [ 126.608231243599946, 36.860456400939974 ], [ 126.608201462818514, 36.860257342296258 ], [ 126.608170776842996, 36.860073130642171 ], [ 126.608170040463278, 36.860052556320461 ], [ 126.608154788496208, 36.859988862180487 ], [ 126.607929018297142, 36.859989426977648 ], [ 126.607938227614355, 36.860077007226245 ], [ 126.607965865701829, 36.860077782883174 ], [ 126.607982534741026, 36.860184707027578 ], [ 126.608031664054565, 36.860512757364894 ], [ 126.608033284969167, 36.86051155522911 ], [ 126.608076510112028, 36.860483754420777 ], [ 126.608127111890525, 36.860462970292232 ], [ 126.608227113071848, 36.860457153302406 ], [ 126.608231243599946, 36.860456400939974 ] ] ] } },
{ "type": "Feature", "properties": { "PNU": "4427034036101010000", "JIBUN": "101천", "BCHK": "1" }, "geometry": { "type": "Polygon", "coordinates": [ [ [ 126.608691923955718, 36.860402703088567 ], [ 126.608706294480669, 36.860392775149897 ], [ 126.608725049501629, 36.860340924825287 ], [ 126.608728214545891, 36.860289609075046 ], [ 126.608730399740438, 36.860194974675892 ], [ 126.608821921820933, 36.860180532968116 ], [ 126.608807632815299, 36.860011017962997 ], [ 126.608807393166401, 36.859969882380526 ], [ 126.60879828106556, 36.859856342086438 ], [ 126.608739152321249, 36.859882541127455 ], [ 126.608662156526208, 36.859907212751885 ], [ 126.608656098161092, 36.859909995270684 ], [ 126.608621827375657, 36.859925733031623 ], [ 126.608585284499, 36.859951654665231 ], [ 126.608555478247155, 36.859969308356554 ], [ 126.608454010106968, 36.859990295179642 ], [ 126.608411935953924, 36.859981470564811 ], [ 126.608412000349759, 36.859982038463414 ], [ 126.6084364721534, 36.860065217383898 ], [ 126.608456848272951, 36.860113627783726 ], [ 126.608464053750026, 36.860149911326431 ], [ 126.608480766860879, 36.860208591145366 ], [ 126.608501075240412, 36.860325502235384 ], [ 126.608505776205192, 36.86036695882715 ], [ 126.608500692561918, 36.860400796124203 ], [ 126.608521059525543, 36.86039587091846 ], [ 126.608565500580013, 36.860391349095785 ], [ 126.608612009695321, 36.860392519924105 ], [ 126.608691923955718, 36.860402703088567 ] ] ] } },
{ "type": "Feature", "properties": { "PNU": "4427034036101020000", "JIBUN": "102임", "BCHK": "1" }, "geometry": { "type": "Polygon", "coordinates": [ [ [ 126.608656098161092, 36.859909995270684 ], [ 126.608660608801173, 36.859876354324243 ], [ 126.608654241844249, 36.859844966465637 ], [ 126.60860911601155, 36.859739345740437 ], [ 126.608547525049019, 36.859733710079347 ], [ 126.608487057459328, 36.859626191728076 ], [ 126.608402168890862, 36.859624092905506 ], [ 126.608402518471564, 36.85962591425659 ], [ 126.608414641212136, 36.859689751283064 ], [ 126.608413571117339, 36.859803195109855 ], [ 126.608404257402654, 36.859910313249948 ], [ 126.608411935953924, 36.859981470564811 ], [ 126.608454010106968, 36.859990295179642 ], [ 126.608555478247155, 36.859969308356554 ], [ 126.608585284499, 36.859951654665231 ], [ 126.608621827375657, 36.859925733031623 ], [ 126.608656098161092, 36.859909995270684 ] ] ] } },
{ "type": "Feature", "properties": { "PNU": "4427034036101030000", "JIBUN": "103임", "BCHK": "1" }, "geometry": { "type": "Polygon", "coordinates": [ [ [ 126.60879828106556, 36.859856342086438 ], [ 126.608796243169195, 36.859760801750497 ], [ 126.60880569016372, 36.85971123668719 ], [ 126.608775503731721, 36.859627138005756 ], [ 126.608759012147033, 36.859595473653798 ], [ 126.608685916523299, 36.859455078233303 ], [ 126.608673083130668, 36.859436176304484 ], [ 126.608588522871585, 36.859309917374212 ], [ 126.608536745131062, 36.859321759024731 ], [ 126.608547721145328, 36.859361911608815 ], [ 126.608504021940405, 36.859392684640142 ], [ 126.608318076087627, 36.859480930856677 ], [ 126.608344572552824, 36.859512114494621 ], [ 126.608376978042656, 36.859550039662494 ], [ 126.608388465965177, 36.859573307496902 ], [ 126.608402168890862, 36.859624092905506 ], [ 126.608487057459328, 36.859626191728076 ], [ 126.608547525049019, 36.859733710079347 ], [ 126.60860911601155, 36.859739345740437 ], [ 126.608654241844249, 36.859844966465637 ], [ 126.608660608801173, 36.859876354324243 ], [ 126.608656098161092, 36.859909995270684 ], [ 126.608662156526208, 36.859907212751885 ], [ 126.608739152321249, 36.859882541127455 ], [ 126.60879828106556, 36.859856342086438 ] ] ] } },
{ "type": "Feature", "properties": { "PNU": "4427034036101040000", "JIBUN": "104임", "BCHK": "1" }, "geometry": { "type": "Polygon", "coordinates": [ [ [ 126.608318076087627, 36.859480930856677 ], [ 126.608504021940405, 36.859392684640142 ], [ 126.608547721145328, 36.859361911608815 ], [ 126.608536745131062, 36.859321759024731 ], [ 126.608588522871585, 36.859309917374212 ], [ 126.608577053054134, 36.859285288970163 ], [ 126.608565545015864, 36.859265976876053 ], [ 126.608531138646342, 36.859211356987799 ], [ 126.60847472527945, 36.859144644313076 ], [ 126.608431104249675, 36.859102699535619 ], [ 126.608400445134478, 36.859080828542602 ], [ 126.608362298120184, 36.859062816662323 ], [ 126.608294525968816, 36.859059980993621 ], [ 126.608251975302352, 36.859056759543343 ], [ 126.608115445493695, 36.859066268186844 ], [ 126.608054309173028, 36.859072771459658 ], [ 126.607997785970284, 36.859089445154382 ], [ 126.608079102554768, 36.859185182911261 ], [ 126.608122223551845, 36.859243832400203 ], [ 126.608139027960263, 36.859262432050635 ], [ 126.608176159812288, 36.859305869453699 ], [ 126.608256874904598, 36.859398694587469 ], [ 126.608298137947912, 36.859434648441159 ], [ 126.608318076087627, 36.859480930856677 ] ] ] } },
{ "type": "Feature", "properties": { "PNU": "4427034036101050001", "JIBUN": "105-1천", "BCHK": "1" }, "geometry": { "type": "Polygon", "coordinates": [ [ [ 126.608411935953924, 36.859981470564811 ], [ 126.608404257402654, 36.859910313249948 ], [ 126.608413571117339, 36.859803195109855 ], [ 126.608414641212136, 36.859689751283064 ], [ 126.608402518471564, 36.85962591425659 ], [ 126.608402168890862, 36.859624092905506 ], [ 126.608388465965177, 36.859573307496902 ], [ 126.608376978042656, 36.859550039662494 ], [ 126.608344572552824, 36.859512114494621 ], [ 126.608318076087627, 36.859480930856677 ], [ 126.608298137947912, 36.859434648441159 ], [ 126.608256874904598, 36.859398694587469 ], [ 126.608176159812288, 36.859305869453699 ], [ 126.608139027960263, 36.859262432050635 ], [ 126.608122223551845, 36.859243832400203 ], [ 126.608079102554768, 36.859185182911261 ], [ 126.607997785970284, 36.859089445154382 ], [ 126.607995236659576, 36.85909019369393 ], [ 126.607966352448344, 36.859098578044545 ], [ 126.607954101876359, 36.859104016419288 ], [ 126.607991794918078, 36.859131893884339 ], [ 126.60806112953901, 36.859226565036302 ], [ 126.608144343176662, 36.859339600914133 ], [ 126.608207125741217, 36.859485693736247 ], [ 126.608258031682496, 36.859603417225948 ], [ 126.608298566730269, 36.859813432409368 ], [ 126.608325209040643, 36.859974743056171 ], [ 126.608369604172651, 36.859972591023919 ], [ 126.608411935953924, 36.859981470564811 ] ] ] } },
{ "type": "Feature", "properties": { "PNU": "4427034036101050002", "JIBUN": "105-2제", "BCHK": "1" }, "geometry": { "type": "Polygon", "coordinates": [ [ [ 126.608154788496208, 36.859988862180487 ], [ 126.608172175729194, 36.859987711828019 ], [ 126.608249553293149, 36.85997842339593 ], [ 126.608325209040643, 36.859974743056171 ], [ 126.608298566730269, 36.859813432409368 ], [ 126.608258031682496, 36.859603417225948 ], [ 126.608207125741217, 36.859485693736247 ], [ 126.608144343176662, 36.859339600914133 ], [ 126.60806112953901, 36.859226565036302 ], [ 126.607991794918078, 36.859131893884339 ], [ 126.607954101876359, 36.859104016419288 ], [ 126.607803262178621, 36.85917101233273 ], [ 126.607860885732194, 36.859215760705638 ], [ 126.607887088486677, 36.859251719262645 ], [ 126.608007113244071, 36.85942048254212 ], [ 126.608027498559323, 36.859471407093444 ], [ 126.608071490975803, 36.859585818965044 ], [ 126.608087316676972, 36.859624879180174 ], [ 126.608106487035343, 36.859672177339867 ], [ 126.608111662961818, 36.859703984828307 ], [ 126.608124485841387, 36.859791063315797 ], [ 126.608154788496208, 36.859988862180487 ] ] ] } },
{ "type": "Feature", "properties": { "PNU": "4427034036101050003", "JIBUN": "105-3전", "BCHK": "1" }, "geometry": { "type": "Polygon", "coordinates": [ [ [ 126.6075977096407, 36.859953636655682 ], [ 126.607724180100149, 36.859979796753144 ], [ 126.607829354752681, 36.859979701012222 ], [ 126.607880846897643, 36.859975608114816 ], [ 126.607907904316022, 36.859980301621547 ], [ 126.607929018297142, 36.859989426977648 ], [ 126.607889491275003, 36.859704930820811 ], [ 126.607888961946173, 36.859700973292149 ], [ 126.607881932896646, 36.859623483407582 ], [ 126.607865643691085, 36.859466225551451 ], [ 126.607846244097928, 36.859353858824541 ], [ 126.607613529199639, 36.85933564849703 ], [ 126.60750787932821, 36.859301537075325 ], [ 126.607479431755991, 36.859318834532537 ], [ 126.607505833237639, 36.859348774539299 ], [ 126.607473927930201, 36.859375639214925 ], [ 126.607550984983732, 36.8594203525575 ], [ 126.607684152026991, 36.859498788987118 ], [ 126.607666819633664, 36.859623497028366 ], [ 126.607661509244892, 36.859657757059942 ], [ 126.607627083152593, 36.859825048491402 ], [ 126.6075977096407, 36.859953636655682 ] ] ] } },
{ "type": "Feature", "properties": { "PNU": "4427034036101050004", "JIBUN": "105-4전", "BCHK": "1" }, "geometry": { "type": "Polygon", "coordinates": [ [ [ 126.608154788496208, 36.859988862180487 ], [ 126.608124485841387, 36.859791063315797 ], [ 126.608111662961818, 36.859703984828307 ], [ 126.607889491275003, 36.859704930820811 ], [ 126.607929018297142, 36.859989426977648 ], [ 126.608154788496208, 36.859988862180487 ] ] ] } },
{ "type": "Feature", "properties": { "PNU": "4427034036101050005", "JIBUN": "105-5전", "BCHK": "1" }, "geometry": { "type": "Polygon", "coordinates": [ [ [ 126.607889491275003, 36.859704930820811 ], [ 126.608111662961818, 36.859703984828307 ], [ 126.608106487035343, 36.859672177339867 ], [ 126.608087316676972, 36.859624879180174 ], [ 126.608071490975803, 36.859585818965044 ], [ 126.608027498559323, 36.859471407093444 ], [ 126.607865643691085, 36.859466225551451 ], [ 126.607881932896646, 36.859623483407582 ], [ 126.607888961946173, 36.859700973292149 ], [ 126.607889491275003, 36.859704930820811 ] ] ] } },
{ "type": "Feature", "properties": { "PNU": "4427034036101050006", "JIBUN": "105-6전", "BCHK": "1" }, "geometry": { "type": "Polygon", "coordinates": [ [ [ 126.608027498559323, 36.859471407093444 ], [ 126.608007113244071, 36.85942048254212 ], [ 126.607887088486677, 36.859251719262645 ], [ 126.607860885732194, 36.859215760705638 ], [ 126.607803262178621, 36.85917101233273 ], [ 126.607580239012862, 36.859268966399931 ], [ 126.607534110941259, 36.859285583957515 ], [ 126.60750787932821, 36.859301537075325 ], [ 126.607613529199639, 36.85933564849703 ], [ 126.607846244097928, 36.859353858824541 ], [ 126.607865643691085, 36.859466225551451 ], [ 126.608027498559323, 36.859471407093444 ] ] ] } },
{ "type": "Feature", "properties": { "PNU": "4427034036101060000", "JIBUN": "106전", "BCHK": "1" }, "geometry": { "type": "Polygon", "coordinates": [ [ [ 126.607661509244892, 36.859657757059942 ], [ 126.607666819633664, 36.859623497028366 ], [ 126.607684152026991, 36.859498788987118 ], [ 126.607550984983732, 36.8594203525575 ], [ 126.607444666761211, 36.859572386233374 ], [ 126.607444951857147, 36.859589057352338 ], [ 126.607441662704417, 36.859622756337828 ], [ 126.607440290296921, 36.859636808838985 ], [ 126.607661509244892, 36.859657757059942 ] ] ] } },
{ "type": "Feature", "properties": { "PNU": "4427034036101060001", "JIBUN": "106-1대", "BCHK": "1" }, "geometry": { "type": "Polygon", "coordinates": [ [ [ 126.607550984983732, 36.8594203525575 ], [ 126.607473927930201, 36.859375639214925 ], [ 126.607505833237639, 36.859348774539299 ], [ 126.607479431755991, 36.859318834532537 ], [ 126.607427975855387, 36.859386310110025 ], [ 126.607375038748302, 36.85939456109692 ], [ 126.607397677357213, 36.859454332872794 ], [ 126.607435948071313, 36.859465668385077 ], [ 126.607448493624673, 36.859488182873811 ], [ 126.607444296521493, 36.859526213119373 ], [ 126.607444666761211, 36.859572386233374 ], [ 126.607550984983732, 36.8594203525575 ] ] ] } },
{ "type": "Feature", "properties": { "PNU": "4427034036101070000", "JIBUN": "107전", "BCHK": "1" }, "geometry": { "type": "Polygon", "coordinates": [ [ [ 126.607326919954275, 36.859577297133555 ], [ 126.607413069406107, 36.859615813954541 ], [ 126.607418170840475, 36.85958076929743 ], [ 126.607421054368245, 36.859543050112293 ], [ 126.607433274205817, 36.859490854087021 ], [ 126.607391209654679, 36.859473621964959 ], [ 126.607326919954275, 36.859577297133555 ] ] ] } },
{ "type": "Feature", "properties": { "PNU": "4427034036101080000", "JIBUN": "108대", "BCHK": "1" }, "geometry": { "type": "Polygon", "coordinates": [ [ [ 126.607116103386275, 36.859332930036544 ], [ 126.607130616113352, 36.859420446722439 ], [ 126.607144916365627, 36.859503457251364 ], [ 126.607187756615701, 36.859610458685069 ], [ 126.607285709006163, 36.859568592103493 ], [ 126.607319289428233, 36.859547517996837 ], [ 126.607368311374032, 36.859466995673202 ], [ 126.607353615690073, 36.859380118188625 ], [ 126.607303748897792, 36.859358012486432 ], [ 126.607225045450818, 36.859341533751454 ], [ 126.607116103386275, 36.859332930036544 ] ] ] } },
{ "type": "Feature", "properties": { "PNU": "4427034036101090000", "JIBUN": "109대", "BCHK": "1" }, "geometry": { "type": "Polygon", "coordinates": [ [ [ 126.607116103386275, 36.859332930036544 ], [ 126.607225045450818, 36.859341533751454 ], [ 126.607303748897792, 36.859358012486432 ], [ 126.607353615690073, 36.859380118188625 ], [ 126.607344137198695, 36.85920909598282 ], [ 126.607246372472531, 36.859216451452646 ], [ 126.607111584174177, 36.859205428813624 ], [ 126.607111390683315, 36.859300529309479 ], [ 126.607116103386275, 36.859332930036544 ] ] ] } },
{ "type": "Feature", "properties": { "PNU": "4427034036101100000", "JIBUN": "110 대", "BCHK": "1" }, "geometry": { "type": "Polygon", "coordinates": [ [ [ 126.607353615690073, 36.859380118188625 ], [ 126.607409931472475, 36.859375608846349 ], [ 126.607437398511678, 36.85932848207095 ], [ 126.60746806374938, 36.859087243795884 ], [ 126.607463762238922, 36.859088554245908 ], [ 126.607332091917442, 36.859103853971632 ], [ 126.607277905632571, 36.859099818935171 ], [ 126.607160555819206, 36.859088592441296 ], [ 126.607129646933885, 36.859084985411968 ], [ 126.607111584174177, 36.859205428813624 ], [ 126.607246372472531, 36.859216451452646 ], [ 126.607344137198695, 36.85920909598282 ], [ 126.607353615690073, 36.859380118188625 ] ] ] } },
{ "type": "Feature", "properties": { "PNU": "4427034036101110001", "JIBUN": "111-1전", "BCHK": "1" }, "geometry": { "type": "Polygon", "coordinates": [ [ [ 126.607437398511678, 36.85932848207095 ], [ 126.60744054337323, 36.859323094885049 ], [ 126.607470952472909, 36.85930156876411 ], [ 126.60757193662954, 36.859256594144057 ], [ 126.607543604778925, 36.859185152564457 ], [ 126.607676008472978, 36.859135964986905 ], [ 126.607656447584333, 36.859072950444215 ], [ 126.607631026080227, 36.859057566311463 ], [ 126.607535439063753, 36.859066722353212 ], [ 126.607488605425658, 36.859080985725491 ], [ 126.60746806374938, 36.859087243795884 ], [ 126.607437398511678, 36.85932848207095 ] ] ] } },
{ "type": "Feature", "properties": { "PNU": "4427034036101110002", "JIBUN": "111-2제", "BCHK": "1" }, "geometry": { "type": "Polygon", "coordinates": [ [ [ 126.607656447584333, 36.859072950444215 ], [ 126.607651350579559, 36.859056515804212 ], [ 126.607631026080227, 36.859057566311463 ], [ 126.607656447584333, 36.859072950444215 ] ] ] } },
{ "type": "Feature", "properties": { "PNU": "4427034036101120001", "JIBUN": "112-1전", "BCHK": "1" }, "geometry": { "type": "Polygon", "coordinates": [ [ [ 126.60757193662954, 36.859256594144057 ], [ 126.60760844803923, 36.859239052860978 ], [ 126.607784169846482, 36.859161307891192 ], [ 126.607656447584333, 36.859072950444215 ], [ 126.607676008472978, 36.859135964986905 ], [ 126.607543604778925, 36.859185152564457 ], [ 126.60757193662954, 36.859256594144057 ] ] ] } },
{ "type": "Feature", "properties": { "PNU": "4427034036101120002", "JIBUN": "112-2제", "BCHK": "1" }, "geometry": { "type": "Polygon", "coordinates": [ [ [ 126.607937492190729, 36.859091238429876 ], [ 126.607890326903757, 36.859056112075869 ], [ 126.607797130707951, 36.859062617968036 ], [ 126.607651350579559, 36.859056515804212 ], [ 126.607656447584333, 36.859072950444215 ], [ 126.607784169846482, 36.859161307891192 ], [ 126.607870068544173, 36.859123474123912 ], [ 126.607937492190729, 36.859091238429876 ] ] ] } },
{ "type": "Feature", "properties": { "PNU": "4427034036101120003", "JIBUN": "112-3천", "BCHK": "1" }, "geometry": { "type": "Polygon", "coordinates": [ [ [ 126.607957275524683, 36.859066523443538 ], [ 126.607914915958048, 36.859054399722062 ], [ 126.607890326903757, 36.859056112075869 ], [ 126.607937492190729, 36.859091238429876 ], [ 126.607942348335925, 36.859088911552661 ], [ 126.607957275524683, 36.859066523443538 ] ] ] } },
{ "type": "Feature", "properties": { "PNU": "4427034036101130000", "JIBUN": "113임", "BCHK": "1" }, "geometry": { "type": "Polygon", "coordinates": [ [ [ 126.607914915958048, 36.859054399722062 ], [ 126.607957275524683, 36.859066523443538 ], [ 126.608025513356296, 36.859050564077322 ], [ 126.608166999486173, 36.859036665481334 ], [ 126.608107720178012, 36.858958084861285 ], [ 126.608000275284411, 36.858842662540184 ], [ 126.607929672225055, 36.858770361268434 ], [ 126.607848083710195, 36.858792043678186 ], [ 126.607783187943866, 36.858812366200993 ], [ 126.607733961840779, 36.858829649471019 ], [ 126.607694127488159, 36.858854568813143 ], [ 126.607770073195383, 36.858910451889962 ], [ 126.60779767908619, 36.858935088368021 ], [ 126.607808973950185, 36.858947767806612 ], [ 126.607875330987298, 36.859012693278558 ], [ 126.607884338807054, 36.859031880080089 ], [ 126.607914915958048, 36.859054399722062 ] ] ] } },
{ "type": "Feature", "properties": { "PNU": "4427034036101140000", "JIBUN": "114임", "BCHK": "1" }, "geometry": { "type": "Polygon", "coordinates": [ [ [ 126.608166999486173, 36.859036665481334 ], [ 126.60816972577976, 36.859036395097583 ], [ 126.60825967654884, 36.859030797368895 ], [ 126.608316383820778, 36.859033038052964 ], [ 126.608283569126996, 36.858978603535675 ], [ 126.608250920101938, 36.858873960763304 ], [ 126.608245852560827, 36.858840684854066 ], [ 126.608241210671324, 36.858800886443383 ], [ 126.60823804106235, 36.858720751022666 ], [ 126.608250039065979, 36.858643684063743 ], [ 126.608158684736338, 36.858548327948874 ], [ 126.608172446922211, 36.858527873329479 ], [ 126.60813360082139, 36.858482024376606 ], [ 126.608084818547908, 36.858438575715105 ], [ 126.608020548138114, 36.858395571745149 ], [ 126.607951531525501, 36.858412636894514 ], [ 126.607905112093732, 36.858385271388457 ], [ 126.607858241412671, 36.858415718382723 ], [ 126.607756912037615, 36.858484697185816 ], [ 126.60771449848275, 36.858522881127264 ], [ 126.607688314176499, 36.858562632257126 ], [ 126.607840845652305, 36.858658712483063 ], [ 126.607911836799786, 36.858720823744726 ], [ 126.607933889938039, 36.858752461440787 ], [ 126.607929672225055, 36.858770361268434 ], [ 126.608000275284411, 36.858842662540184 ], [ 126.608107720178012, 36.858958084861285 ], [ 126.608166999486173, 36.859036665481334 ] ] ] } },
{ "type": "Feature", "properties": { "PNU": "4427034036101150000", "JIBUN": "115천", "BCHK": "1" }, "geometry": { "type": "Polygon", "coordinates": [ [ [ 126.608293391187999, 36.858480422565968 ], [ 126.608276720268378, 36.858440007959182 ], [ 126.608221704667542, 36.858376426533354 ], [ 126.608102767624956, 36.858302669049316 ], [ 126.608021912000083, 36.85826857645192 ], [ 126.607815730877419, 36.858202047091588 ], [ 126.607749957490554, 36.858291318202873 ], [ 126.607905112093732, 36.858385271388457 ], [ 126.607951531525501, 36.858412636894514 ], [ 126.608020548138114, 36.858395571745149 ], [ 126.608084818547908, 36.858438575715105 ], [ 126.60813360082139, 36.858482024376606 ], [ 126.608172446922211, 36.858527873329479 ], [ 126.608158684736338, 36.858548327948874 ], [ 126.608250039065979, 36.858643684063743 ], [ 126.608293391187999, 36.858480422565968 ] ] ] } },
{ "type": "Feature", "properties": { "PNU": "4427034036101160000", "JIBUN": "116임", "BCHK": "1" }, "geometry": { "type": "Polygon", "coordinates": [ [ [ 126.607815730877419, 36.858202047091588 ], [ 126.608021912000083, 36.85826857645192 ], [ 126.608102767624956, 36.858302669049316 ], [ 126.608221704667542, 36.858376426533354 ], [ 126.608276720268378, 36.858440007959182 ], [ 126.608293391187999, 36.858480422565968 ], [ 126.608294248640689, 36.858477190464441 ], [ 126.608354715907055, 36.858394858057331 ], [ 126.608423062834717, 36.858299945217496 ], [ 126.608446757138239, 36.858255806447659 ], [ 126.60840648062964, 36.858167069961709 ], [ 126.60838628302173, 36.858134384164551 ], [ 126.60818656588026, 36.858157273912823 ], [ 126.608091503761329, 36.858151654236245 ], [ 126.607819936399636, 36.858133677114594 ], [ 126.607793087262223, 36.858154277899594 ], [ 126.607773452457863, 36.858152059738806 ], [ 126.607772451308094, 36.858163689533107 ], [ 126.607815730877419, 36.858202047091588 ] ] ] } },
{ "type": "Feature", "properties": { "PNU": "4427034036101170000", "JIBUN": "117천", "BCHK": "1" }, "geometry": { "type": "Polygon", "coordinates": [ [ [ 126.607412701883007, 36.85844915228563 ], [ 126.607536190817086, 36.858509778513991 ], [ 126.607677024478406, 36.858579778936104 ], [ 126.607688314176499, 36.858562632257126 ], [ 126.60771449848275, 36.858522881127264 ], [ 126.607756912037615, 36.858484697185816 ], [ 126.607858241412671, 36.858415718382723 ], [ 126.607905112093732, 36.858385271388457 ], [ 126.607749957490554, 36.858291318202873 ], [ 126.607815730877419, 36.858202047091588 ], [ 126.607772451308094, 36.858163689533107 ], [ 126.607773452457863, 36.858152059738806 ], [ 126.607526885299308, 36.858124261149158 ], [ 126.60751027000812, 36.858101634154714 ], [ 126.607453935596482, 36.858107783472413 ], [ 126.607501999251809, 36.858199726750925 ], [ 126.607511087741599, 36.85824926259528 ], [ 126.607505671528088, 36.858288892782419 ], [ 126.607412701883007, 36.85844915228563 ] ] ] } },
{ "type": "Feature", "properties": { "PNU": "4427034036101180000", "JIBUN": "118임", "BCHK": "1" }, "geometry": { "type": "Polygon", "coordinates": [ [ [ 126.607143027598042, 36.857976236993544 ], [ 126.607117580317222, 36.85795280592103 ], [ 126.607004261966225, 36.858028710038084 ], [ 126.606894023844745, 36.85810305629704 ], [ 126.606864977252783, 36.858138914113425 ], [ 126.606790289606209, 36.858234471963563 ], [ 126.60693078001087, 36.8581341659307 ], [ 126.607143027598042, 36.857976236993544 ] ] ] } },
{ "type": "Feature", "properties": { "PNU": "4427034036101180001", "JIBUN": "118-1 임", "BCHK": "1" }, "geometry": { "type": "Polygon", "coordinates": [ [ [ 126.606790289606209, 36.858234471963563 ], [ 126.60673767964424, 36.8583017902656 ], [ 126.606718290820396, 36.858356819054165 ], [ 126.606653071824027, 36.858545869186152 ], [ 126.606801767573913, 36.858415538982207 ], [ 126.607027261427334, 36.858217645477758 ], [ 126.60718940609604, 36.858075302480366 ], [ 126.607379454827779, 36.858099095149953 ], [ 126.60746107094846, 36.858036665809571 ], [ 126.607444073524334, 36.858014217766481 ], [ 126.607335344654373, 36.858047749976279 ], [ 126.607328105852631, 36.858013746004964 ], [ 126.607166633243992, 36.857997985966897 ], [ 126.607143027598042, 36.857976236993544 ], [ 126.60693078001087, 36.8581341659307 ], [ 126.606790289606209, 36.858234471963563 ] ] ] } },
{ "type": "Feature", "properties": { "PNU": "4427034036101180002", "JIBUN": "118-2 임", "BCHK": "1" }, "geometry": { "type": "Polygon", "coordinates": [ [ [ 126.607379454827779, 36.858099095149953 ], [ 126.607451231622449, 36.858108080946053 ], [ 126.607453935596482, 36.858107783472413 ], [ 126.60751027000812, 36.858101634154714 ], [ 126.60746107094846, 36.858036665809571 ], [ 126.607379454827779, 36.858099095149953 ] ] ] } },
{ "type": "Feature", "properties": { "PNU": "4427034036101190000", "JIBUN": "119임", "BCHK": "1" }, "geometry": { "type": "Polygon", "coordinates": [ [ [ 126.606700034822467, 36.85859408821689 ], [ 126.606746473563547, 36.858641773857002 ], [ 126.606748053149389, 36.858620107825963 ], [ 126.606747018182162, 36.858596594950527 ], [ 126.606764628439308, 36.85857146750697 ], [ 126.606790471321219, 36.858561352339294 ], [ 126.606818620563601, 36.858565130579535 ], [ 126.606947234119687, 36.858597128625 ], [ 126.607013332342532, 36.858600482179448 ], [ 126.607045693625551, 36.858600705920765 ], [ 126.607141730362756, 36.858364738132558 ], [ 126.607336347526143, 36.858414181955794 ], [ 126.607412701883007, 36.85844915228563 ], [ 126.607505671528088, 36.858288892782419 ], [ 126.607511087741599, 36.85824926259528 ], [ 126.607501999251809, 36.858199726750925 ], [ 126.607453935596482, 36.858107783472413 ], [ 126.607451231622449, 36.858108080946053 ], [ 126.607379454827779, 36.858099095149953 ], [ 126.60699711262707, 36.858381634840107 ], [ 126.606700034822467, 36.85859408821689 ] ] ] } },
{ "type": "Feature", "properties": { "PNU": "4427034036101190001", "JIBUN": "119-1 임", "BCHK": "1" }, "geometry": { "type": "Polygon", "coordinates": [ [ [ 126.607379454827779, 36.858099095149953 ], [ 126.60718940609604, 36.858075302480366 ], [ 126.607027261427334, 36.858217645477758 ], [ 126.606801767573913, 36.858415538982207 ], [ 126.606653071824027, 36.858545869186152 ], [ 126.606700034822467, 36.85859408821689 ], [ 126.60699711262707, 36.858381634840107 ], [ 126.607379454827779, 36.858099095149953 ] ] ] } },
{ "type": "Feature", "properties": { "PNU": "4427034036101200000", "JIBUN": "120임", "BCHK": "1" }, "geometry": { "type": "Polygon", "coordinates": [ [ [ 126.607335215543301, 36.858724252656053 ], [ 126.607383594612784, 36.858606945662892 ], [ 126.607317418847813, 36.858572603539457 ], [ 126.607371411983934, 36.858524257501216 ], [ 126.607412701883007, 36.85844915228563 ], [ 126.607336347526143, 36.858414181955794 ], [ 126.607141730362756, 36.858364738132558 ], [ 126.607045693625551, 36.858600705920765 ], [ 126.607072927576425, 36.858608058417147 ], [ 126.607157983612993, 36.85864965355595 ], [ 126.607184881974916, 36.858661249060177 ], [ 126.607264819283131, 36.858695113928867 ], [ 126.607335215543301, 36.858724252656053 ] ] ] } },
{ "type": "Feature", "properties": { "PNU": "4427034036101210000", "JIBUN": "121임", "BCHK": "1" }, "geometry": { "type": "Polygon", "coordinates": [ [ [ 126.607929672225055, 36.858770361268434 ], [ 126.607933889938039, 36.858752461440787 ], [ 126.607911836799786, 36.858720823744726 ], [ 126.607840845652305, 36.858658712483063 ], [ 126.607688314176499, 36.858562632257126 ], [ 126.607677024478406, 36.858579778936104 ], [ 126.607536190817086, 36.858509778513991 ], [ 126.607412701883007, 36.85844915228563 ], [ 126.607371411983934, 36.858524257501216 ], [ 126.607317418847813, 36.858572603539457 ], [ 126.607383594612784, 36.858606945662892 ], [ 126.607335215543301, 36.858724252656053 ], [ 126.607399825589027, 36.85874019834948 ], [ 126.607446372006038, 36.858740450641513 ], [ 126.607472182211097, 36.858736741975221 ], [ 126.607509458234205, 36.858751759653558 ], [ 126.607547506437697, 36.858767086231374 ], [ 126.607593426117248, 36.858782510776244 ], [ 126.607644007909357, 36.85881389093602 ], [ 126.607694127488159, 36.858854568813143 ], [ 126.607733961840779, 36.858829649471019 ], [ 126.607783187943866, 36.858812366200993 ], [ 126.607848083710195, 36.858792043678186 ], [ 126.607929672225055, 36.858770361268434 ] ] ] } },
{ "type": "Feature", "properties": { "PNU": "4427034036101220001", "JIBUN": "122-1전", "BCHK": "1" }, "geometry": { "type": "Polygon", "coordinates": [ [ [ 126.607631026080227, 36.859057566311463 ], [ 126.607621215902839, 36.859050613666959 ], [ 126.607547741722414, 36.859002641194472 ], [ 126.607494358337121, 36.858984092322899 ], [ 126.607488605425658, 36.859080985725491 ], [ 126.607535439063753, 36.859066722353212 ], [ 126.607631026080227, 36.859057566311463 ] ] ] } },
{ "type": "Feature", "properties": { "PNU": "4427034036101220002", "JIBUN": "122-2전", "BCHK": "1" }, "geometry": { "type": "Polygon", "coordinates": [ [ [ 126.607129646933885, 36.859084985411968 ], [ 126.607160555819206, 36.859088592441296 ], [ 126.607277905632571, 36.859099818935171 ], [ 126.607332091917442, 36.859103853971632 ], [ 126.607463762238922, 36.859088554245908 ], [ 126.60746806374938, 36.859087243795884 ], [ 126.607488605425658, 36.859080985725491 ], [ 126.607494358337121, 36.858984092322899 ], [ 126.607449560592102, 36.858968536268129 ], [ 126.607394285533246, 36.858949323330627 ], [ 126.607185548968928, 36.858895489854007 ], [ 126.607141951044582, 36.858895355300255 ], [ 126.6071639111168, 36.85891000726668 ], [ 126.60709881645576, 36.859074800669077 ], [ 126.607129646933885, 36.859084985411968 ] ] ] } },
{ "type": "Feature", "properties": { "PNU": "4427034036101220003", "JIBUN": "122-3제", "BCHK": "1" }, "geometry": { "type": "Polygon", "coordinates": [ [ [ 126.607651350579559, 36.859056515804212 ], [ 126.607797130707951, 36.859062617968036 ], [ 126.607890326903757, 36.859056112075869 ], [ 126.607859999941709, 36.859032908420879 ], [ 126.607798236457228, 36.858993003316435 ], [ 126.607619808480706, 36.858875617174363 ], [ 126.607503996202126, 36.858835588198701 ], [ 126.607503935865168, 36.858836426014783 ], [ 126.607494358337121, 36.858984092322899 ], [ 126.607547741722414, 36.859002641194472 ], [ 126.607621215902839, 36.859050613666959 ], [ 126.607631026080227, 36.859057566311463 ], [ 126.607651350579559, 36.859056515804212 ] ] ] } },
{ "type": "Feature", "properties": { "PNU": "4427034036101220004", "JIBUN": "122-4천", "BCHK": "1" }, "geometry": { "type": "Polygon", "coordinates": [ [ [ 126.607890326903757, 36.859056112075869 ], [ 126.607914915958048, 36.859054399722062 ], [ 126.607884338807054, 36.859031880080089 ], [ 126.607875330987298, 36.859012693278558 ], [ 126.607808973950185, 36.858947767806612 ], [ 126.60779767908619, 36.858935088368021 ], [ 126.607770073195383, 36.858910451889962 ], [ 126.607694127488159, 36.858854568813143 ], [ 126.607644007909357, 36.85881389093602 ], [ 126.607593426117248, 36.858782510776244 ], [ 126.607547506437697, 36.858767086231374 ], [ 126.607509458234205, 36.858751759653558 ], [ 126.607503996202126, 36.858835588198701 ], [ 126.607619808480706, 36.858875617174363 ], [ 126.607798236457228, 36.858993003316435 ], [ 126.607859999941709, 36.859032908420879 ], [ 126.607890326903757, 36.859056112075869 ] ] ] } },
{ "type": "Feature", "properties": { "PNU": "4427034036101220005", "JIBUN": "122-5제", "BCHK": "1" }, "geometry": { "type": "Polygon", "coordinates": [ [ [ 126.607494358337121, 36.858984092322899 ], [ 126.607503935865168, 36.858836426014783 ], [ 126.607503996202126, 36.858835588198701 ], [ 126.607448933407682, 36.858816547192063 ], [ 126.607228309045084, 36.858760845457851 ], [ 126.606962590763416, 36.858767530469414 ], [ 126.606795512568667, 36.858771007770713 ], [ 126.60681688182639, 36.858828892197934 ], [ 126.607103194025186, 36.858869501516224 ], [ 126.607141951044582, 36.858895355300255 ], [ 126.607185548968928, 36.858895489854007 ], [ 126.607394285533246, 36.858949323330627 ], [ 126.607449560592102, 36.858968536268129 ], [ 126.607494358337121, 36.858984092322899 ] ] ] } },
{ "type": "Feature", "properties": { "PNU": "4427034036101220006", "JIBUN": "122-6천", "BCHK": "1" }, "geometry": { "type": "Polygon", "coordinates": [ [ [ 126.607503996202126, 36.858835588198701 ], [ 126.607509458234205, 36.858751759653558 ], [ 126.607472182211097, 36.858736741975221 ], [ 126.607446372006038, 36.858740450641513 ], [ 126.607399825589027, 36.85874019834948 ], [ 126.607335215543301, 36.858724252656053 ], [ 126.607264819283131, 36.858695113928867 ], [ 126.607184881974916, 36.858661249060177 ], [ 126.607157983612993, 36.85864965355595 ], [ 126.607072927576425, 36.858608058417147 ], [ 126.607045693625551, 36.858600705920765 ], [ 126.607013332342532, 36.858600482179448 ], [ 126.606947234119687, 36.858597128625 ], [ 126.606818620563601, 36.858565130579535 ], [ 126.606790471321219, 36.858561352339294 ], [ 126.606764628439308, 36.85857146750697 ], [ 126.606747018182162, 36.858596594950527 ], [ 126.606748053149389, 36.858620107825963 ], [ 126.606746473563547, 36.858641773857002 ], [ 126.60676438066389, 36.858677119607655 ], [ 126.606774978313837, 36.858716505182642 ], [ 126.606795512568667, 36.858771007770713 ], [ 126.606962590763416, 36.858767530469414 ], [ 126.607228309045084, 36.858760845457851 ], [ 126.607448933407682, 36.858816547192063 ], [ 126.607503996202126, 36.858835588198701 ] ] ] } },
{ "type": "Feature", "properties": { "PNU": "4427034036101230001", "JIBUN": "123-1전", "BCHK": "1" }, "geometry": { "type": "Polygon", "coordinates": [ [ [ 126.60709881645576, 36.859074800669077 ], [ 126.6071639111168, 36.85891000726668 ], [ 126.607141951044582, 36.858895355300255 ], [ 126.607140863340319, 36.858895351718324 ], [ 126.606880214688047, 36.858897340533495 ], [ 126.606838296021706, 36.858897752056606 ], [ 126.606845555496321, 36.858921087203768 ], [ 126.606859313450855, 36.858943290369844 ], [ 126.606949364347642, 36.85907849843089 ], [ 126.607056606146301, 36.859070813984701 ], [ 126.60709881645576, 36.859074800669077 ] ] ] } },
{ "type": "Feature", "properties": { "PNU": "4427034036101230002", "JIBUN": "123-2제", "BCHK": "1" }, "geometry": { "type": "Polygon", "coordinates": [ [ [ 126.606838296021706, 36.858897752056606 ], [ 126.606880214688047, 36.858897340533495 ], [ 126.607140863340319, 36.858895351718324 ], [ 126.607141951044582, 36.858895355300255 ], [ 126.607103194025186, 36.858869501516224 ], [ 126.60681688182639, 36.858828892197934 ], [ 126.606838296021706, 36.858897752056606 ] ] ] } },
{ "type": "Feature", "properties": { "PNU": "4427034036101240000", "JIBUN": "124전", "BCHK": "1" }, "geometry": { "type": "Polygon", "coordinates": [ [ [ 126.607129646933885, 36.859084985411968 ], [ 126.60709881645576, 36.859074800669077 ], [ 126.607056606146301, 36.859070813984701 ], [ 126.606949364347642, 36.85907849843089 ], [ 126.606991491631973, 36.859125133512819 ], [ 126.607025065313834, 36.859147122599872 ], [ 126.607063283512488, 36.859168712473704 ], [ 126.607111584174177, 36.859205428813624 ], [ 126.607129646933885, 36.859084985411968 ] ] ] } },
{ "type": "Feature", "properties": { "PNU": "4427034036101250000", "JIBUN": "125전", "BCHK": "1" }, "geometry": { "type": "Polygon", "coordinates": [ [ [ 126.607081092586427, 36.859276091057609 ], [ 126.607088763656748, 36.859218752876657 ], [ 126.607049162913555, 36.859186804922665 ], [ 126.606979765940295, 36.859137574992438 ], [ 126.606925538696089, 36.859082231543894 ], [ 126.606910541080708, 36.859085399021367 ], [ 126.606896415941108, 36.859093390208287 ], [ 126.606871049016732, 36.859100299082478 ], [ 126.606823933683728, 36.859108208573204 ], [ 126.606812102997054, 36.85911045835207 ], [ 126.606856088062912, 36.859278647755126 ], [ 126.606891911147272, 36.859343283912594 ], [ 126.607081092586427, 36.859276091057609 ] ] ] } },
{ "type": "Feature", "properties": { "PNU": "4427034036101260001", "JIBUN": "126-1전", "BCHK": "1" }, "geometry": { "type": "Polygon", "coordinates": [ [ [ 126.607086209829532, 36.859697448986587 ], [ 126.607119254087692, 36.859678184363844 ], [ 126.607143052888162, 36.859655564260557 ], [ 126.607162543185197, 36.859626820568835 ], [ 126.607164015145315, 36.859621842383568 ], [ 126.607168328126519, 36.859607294957904 ], [ 126.607128379710829, 36.859507151331265 ], [ 126.60709953550662, 36.859369135368752 ], [ 126.607057724312611, 36.859416575255096 ], [ 126.606917035919693, 36.859572829488783 ], [ 126.606964673389399, 36.859623078085477 ], [ 126.606993323229858, 36.859625524319533 ], [ 126.607014924282737, 36.859638048555041 ], [ 126.607036749235988, 36.859659440257929 ], [ 126.607061846123159, 36.859683518973696 ], [ 126.607086209829532, 36.859697448986587 ] ] ] } },
{ "type": "Feature", "properties": { "PNU": "4427034036101260002", "JIBUN": "126-2전", "BCHK": "1" }, "geometry": { "type": "Polygon", "coordinates": [ [ [ 126.606917035919693, 36.859572829488783 ], [ 126.607057724312611, 36.859416575255096 ], [ 126.60709953550662, 36.859369135368752 ], [ 126.607093039445942, 36.859339008527641 ], [ 126.607081092586427, 36.859276091057609 ], [ 126.606891911147272, 36.859343283912594 ], [ 126.606856088062912, 36.859278647755126 ], [ 126.606812102997054, 36.85911045835207 ], [ 126.606745082599758, 36.85911413015404 ], [ 126.606632705260907, 36.859121734308715 ], [ 126.606596620580561, 36.859132536539327 ], [ 126.606595946805385, 36.859132723546487 ], [ 126.606607326380512, 36.859166110446537 ], [ 126.606645146213765, 36.859186635853561 ], [ 126.606659864415818, 36.859203057204404 ], [ 126.606679876935402, 36.859238959572039 ], [ 126.60671362473353, 36.859299317770244 ], [ 126.606724899367038, 36.859315935011153 ], [ 126.606810715855502, 36.859445929915665 ], [ 126.606879072088105, 36.859532128270402 ], [ 126.606917035919693, 36.859572829488783 ] ] ] } },
{ "type": "Feature", "properties": { "PNU": "4427034036101270000", "JIBUN": "127전", "BCHK": "1" }, "geometry": { "type": "Polygon", "coordinates": [ [ [ 126.606595946805385, 36.859132723546487 ], [ 126.606596620580561, 36.859132536539327 ], [ 126.606632705260907, 36.859121734308715 ], [ 126.606745082599758, 36.85911413015404 ], [ 126.606812102997054, 36.85911045835207 ], [ 126.606823933683728, 36.859108208573204 ], [ 126.606871049016732, 36.859100299082478 ], [ 126.606896415941108, 36.859093390208287 ], [ 126.606910541080708, 36.859085399021367 ], [ 126.606925538696089, 36.859082231543894 ], [ 126.606923653366849, 36.859080315019099 ], [ 126.606897850866446, 36.859040735183399 ], [ 126.606843098658999, 36.858956446926165 ], [ 126.606840574673896, 36.858954429175256 ], [ 126.606698625973493, 36.858999610544245 ], [ 126.606637005186585, 36.859046074872886 ], [ 126.606610823657647, 36.859089529252742 ], [ 126.606595250802343, 36.859130675774956 ], [ 126.606595946805385, 36.859132723546487 ] ] ] } },
{ "type": "Feature", "properties": { "PNU": "4427034036101280001", "JIBUN": "128-1전", "BCHK": "1" }, "geometry": { "type": "Polygon", "coordinates": [ [ [ 126.60618204919453, 36.859010107121343 ], [ 126.606180543043166, 36.859063437719605 ], [ 126.606168905021647, 36.859126700934617 ], [ 126.606160912700034, 36.859189714867298 ], [ 126.606202407020604, 36.859208729702033 ], [ 126.606238838051326, 36.859220131613824 ], [ 126.606298868829157, 36.859208390289112 ], [ 126.606359432608912, 36.859195479274618 ], [ 126.60648317684533, 36.859164493522627 ], [ 126.606595946805385, 36.859132723546487 ], [ 126.606595250802343, 36.859130675774956 ], [ 126.606610823657647, 36.859089529252742 ], [ 126.606637005186585, 36.859046074872886 ], [ 126.606698625973493, 36.858999610544245 ], [ 126.606840574673896, 36.858954429175256 ], [ 126.606826111935248, 36.858942883590032 ], [ 126.606796743250072, 36.85890117441464 ], [ 126.606682852780551, 36.858908701543257 ], [ 126.606404927468006, 36.858925347168999 ], [ 126.606296963155799, 36.85893181217061 ], [ 126.60618204919453, 36.859010107121343 ] ] ] } },
{ "type": "Feature", "properties": { "PNU": "4427034036101280002", "JIBUN": "128-2 제", "BCHK": "1" }, "geometry": { "type": "Polygon", "coordinates": [ [ [ 126.606796743250072, 36.85890117441464 ], [ 126.606765935017265, 36.858836131242079 ], [ 126.606753592831552, 36.858769445871417 ], [ 126.60651525500387, 36.858783329743353 ], [ 126.606419031426782, 36.858787625908505 ], [ 126.606201326370538, 36.858937542830013 ], [ 126.606404927468006, 36.858925347168999 ], [ 126.606682852780551, 36.858908701543257 ], [ 126.606796743250072, 36.85890117441464 ] ] ] } },
{ "type": "Feature", "properties": { "PNU": "4427034036101280003", "JIBUN": "128-3 천", "BCHK": "1" }, "geometry": { "type": "Polygon", "coordinates": [ [ [ 126.606658960745293, 36.858622382216573 ], [ 126.606419031426782, 36.858787625908505 ], [ 126.60651525500387, 36.858783329743353 ], [ 126.606753592831552, 36.858769445871417 ], [ 126.606745979965424, 36.858723086679113 ], [ 126.606737985281242, 36.858690017319155 ], [ 126.60672030253761, 36.858639281670349 ], [ 126.606699105691419, 36.858624524007055 ], [ 126.606671226107295, 36.858620638496667 ], [ 126.606658960745293, 36.858622382216573 ] ] ] } },
{ "type": "Feature", "properties": { "PNU": "4427034036101280005", "JIBUN": "128-5 제", "BCHK": "1" }, "geometry": { "type": "Polygon", "coordinates": [ [ [ 126.606219238816124, 36.858877481171824 ], [ 126.606217936003588, 36.858825231619349 ], [ 126.60618222888094, 36.858825807589113 ], [ 126.606176417608239, 36.858810965459071 ], [ 126.606276856191371, 36.858798159081367 ], [ 126.606277876753765, 36.858793747104016 ], [ 126.606159427533868, 36.858798086845752 ], [ 126.606171559257291, 36.858829070359107 ], [ 126.606174329606119, 36.858875017120219 ], [ 126.606173292782856, 36.858878221581108 ], [ 126.606219238816124, 36.858877481171824 ] ] ] } },
{ "type": "Feature", "properties": { "PNU": "4427034036101280006", "JIBUN": "128-6 천", "BCHK": "1" }, "geometry": { "type": "Polygon", "coordinates": [ [ [ 126.606277876753765, 36.858793747104016 ], [ 126.606293519666991, 36.858725748342259 ], [ 126.606137501735887, 36.85876580946848 ], [ 126.606154490657119, 36.85878549131774 ], [ 126.606159427533868, 36.858798086845752 ], [ 126.606277876753765, 36.858793747104016 ] ] ] } },
{ "type": "Feature", "properties": { "PNU": "4427034036101280007", "JIBUN": "128-7 전", "BCHK": "1" }, "geometry": { "type": "Polygon", "coordinates": [ [ [ 126.606296963155799, 36.85893181217061 ], [ 126.606201326370538, 36.858937542830013 ], [ 126.606184063295487, 36.85893857616297 ], [ 126.60618204919453, 36.859010107121343 ], [ 126.606296963155799, 36.85893181217061 ] ] ] } },
{ "type": "Feature", "properties": { "PNU": "4427034036101280008", "JIBUN": "128-8 제", "BCHK": "1" }, "geometry": { "type": "Polygon", "coordinates": [ [ [ 126.606419031426782, 36.858787625908505 ], [ 126.606299511881403, 36.858792953458725 ], [ 126.606277876753765, 36.858793747104016 ], [ 126.606276856191371, 36.858798159081367 ], [ 126.606176417608239, 36.858810965459071 ], [ 126.60618222888094, 36.858825807589113 ], [ 126.606217936003588, 36.858825231619349 ], [ 126.606219238816124, 36.858877481171824 ], [ 126.606173292782856, 36.858878221581108 ], [ 126.606161545098374, 36.858914685991586 ], [ 126.606158019378171, 36.858937526017506 ], [ 126.606183310316595, 36.858936708419066 ], [ 126.606184443105448, 36.858936667104047 ], [ 126.60620409455295, 36.858935659676888 ], [ 126.606419031426782, 36.858787625908505 ] ] ] } },
{ "type": "Feature", "properties": { "PNU": "4427034036101280009", "JIBUN": "128-9 천", "BCHK": "1" }, "geometry": { "type": "Polygon", "coordinates": [ [ [ 126.606658960745293, 36.858622382216573 ], [ 126.606543096223817, 36.858638859548151 ], [ 126.606443461005995, 36.858670060068697 ], [ 126.606412488030642, 36.858696594134365 ], [ 126.606352109157953, 36.858710704239137 ], [ 126.606293519666991, 36.858725748342259 ], [ 126.606277876753765, 36.858793747104016 ], [ 126.606299511881403, 36.858792953458725 ], [ 126.606419031426782, 36.858787625908505 ], [ 126.606658960745293, 36.858622382216573 ] ] ] } },
{ "type": "Feature", "properties": { "PNU": "4427034036101290000", "JIBUN": "129전", "BCHK": "1" }, "geometry": { "type": "Polygon", "coordinates": [ [ [ 126.606964673389399, 36.859623078085477 ], [ 126.606917035919693, 36.859572829488783 ], [ 126.606879072088105, 36.859532128270402 ], [ 126.606810715855502, 36.859445929915665 ], [ 126.606724899367038, 36.859315935011153 ], [ 126.60671362473353, 36.859299317770244 ], [ 126.606679876935402, 36.859238959572039 ], [ 126.606659864415818, 36.859203057204404 ], [ 126.606645146213765, 36.859186635853561 ], [ 126.606607326380512, 36.859166110446537 ], [ 126.606595946805385, 36.859132723546487 ], [ 126.60648317684533, 36.859164493522627 ], [ 126.606359432608912, 36.859195479274618 ], [ 126.606298868829157, 36.859208390289112 ], [ 126.606238838051326, 36.859220131613824 ], [ 126.606258236472968, 36.8592488953852 ], [ 126.606293405076912, 36.859270349287641 ], [ 126.606298230194298, 36.859282881363825 ], [ 126.606300243278397, 36.859301486522881 ], [ 126.606317484397891, 36.859337677164319 ], [ 126.606331891345135, 36.859366721810964 ], [ 126.606382203355011, 36.859437704556761 ], [ 126.606426672154768, 36.8594978999677 ], [ 126.606458896444124, 36.859525011968302 ], [ 126.606475474930775, 36.859535086787581 ], [ 126.606532007262871, 36.859569442623709 ], [ 126.606630281458294, 36.859629310798972 ], [ 126.606670891471694, 36.859645889608515 ], [ 126.606723603116549, 36.859675258734775 ], [ 126.606761382071312, 36.859701650070228 ], [ 126.606838048174538, 36.859682331070154 ], [ 126.60687357476975, 36.859664471387561 ], [ 126.606964673389399, 36.859623078085477 ] ] ] } },
{ "type": "Feature", "properties": { "PNU": "4427034036101310002", "JIBUN": "131-2제", "BCHK": "1" }, "geometry": { "type": "Polygon", "coordinates": [ [ [ 126.605877017687675, 36.858869403641002 ], [ 126.605813107585433, 36.858835050146119 ], [ 126.605780956121095, 36.858820102936733 ], [ 126.605759259031558, 36.858870249032279 ], [ 126.605741197772076, 36.858928643110318 ], [ 126.605739297000312, 36.858936323133833 ], [ 126.605775134264817, 36.85893662178551 ], [ 126.605877017687675, 36.858869403641002 ] ] ] } },
{ "type": "Feature", "properties": { "PNU": "4427034036101310003", "JIBUN": "131-3 제", "BCHK": "1" }, "geometry": { "type": "Polygon", "coordinates": [ [ [ 126.605775134264817, 36.85893662178551 ], [ 126.605945921948916, 36.858938042085427 ], [ 126.605970198516587, 36.85893823040351 ], [ 126.605936673861137, 36.858906734671592 ], [ 126.605898824289753, 36.858881126788063 ], [ 126.605877017687675, 36.858869403641002 ], [ 126.605775134264817, 36.85893662178551 ] ] ] } },
{ "type": "Feature", "properties": { "PNU": "4427034036101320002", "JIBUN": "132-2제", "BCHK": "1" }, "geometry": { "type": "Polygon", "coordinates": [ [ [ 126.605993380407384, 36.858799466881401 ], [ 126.605709151273388, 36.858794599042618 ], [ 126.605755147558469, 36.858808132258893 ], [ 126.605780956121095, 36.858820102936733 ], [ 126.605813107585433, 36.858835050146119 ], [ 126.605877017687675, 36.858869403641002 ], [ 126.605993380407384, 36.858799466881401 ] ] ] } },
{ "type": "Feature", "properties": { "PNU": "4427034036101320003", "JIBUN": "132-3천", "BCHK": "1" }, "geometry": { "type": "Polygon", "coordinates": [ [ [ 126.606018553857453, 36.85878433960584 ], [ 126.605999417556347, 36.858761370674081 ], [ 126.605982409973166, 36.858738769206411 ], [ 126.605933379161669, 36.858687118918155 ], [ 126.605903692726997, 36.858668179040535 ], [ 126.605767208756646, 36.858611842424516 ], [ 126.605718247873526, 36.858601345102002 ], [ 126.605660760119804, 36.858593928337363 ], [ 126.605560368437068, 36.858586658044125 ], [ 126.605504360371185, 36.858581534867326 ], [ 126.60545846624089, 36.858580932546928 ], [ 126.605413716929277, 36.85858888534851 ], [ 126.605599864898934, 36.858743920866559 ], [ 126.605639367119764, 36.858777427865192 ], [ 126.6056671432531, 36.858783998526462 ], [ 126.605705473499128, 36.858794541832395 ], [ 126.605709151273388, 36.858794599042618 ], [ 126.605993380407384, 36.858799466881401 ], [ 126.606018553857453, 36.85878433960584 ] ] ] } },
{ "type": "Feature", "properties": { "PNU": "4427034036101320004", "JIBUN": "132-4 답", "BCHK": "1" }, "geometry": { "type": "Polygon", "coordinates": [ [ [ 126.606033093497345, 36.858969381588658 ], [ 126.606058888249336, 36.858940217360562 ], [ 126.606005361547759, 36.858938806096972 ], [ 126.606033093497345, 36.858969381588658 ] ] ] } },
{ "type": "Feature", "properties": { "PNU": "4427034036101320005", "JIBUN": "132-5 제", "BCHK": "1" }, "geometry": { "type": "Polygon", "coordinates": [ [ [ 126.605877017687675, 36.858869403641002 ], [ 126.605898824289753, 36.858881126788063 ], [ 126.605936673861137, 36.858906734671592 ], [ 126.605970198516587, 36.85893823040351 ], [ 126.606005361547759, 36.858938806096972 ], [ 126.606058888249336, 36.858940217360562 ], [ 126.606066690934412, 36.858929646297362 ], [ 126.606075227167693, 36.858896235001147 ], [ 126.606081171545625, 36.85884776692734 ], [ 126.606063444200259, 36.858821180272905 ], [ 126.606034691146348, 36.85879951320485 ], [ 126.606018563975027, 36.858799901479642 ], [ 126.605993380407384, 36.858799466881401 ], [ 126.605877017687675, 36.858869403641002 ] ] ] } },
{ "type": "Feature", "properties": { "PNU": "4427034036101320006", "JIBUN": "132-6 천", "BCHK": "1" }, "geometry": { "type": "Polygon", "coordinates": [ [ [ 126.605993380407384, 36.858799466881401 ], [ 126.606018563975027, 36.858799901479642 ], [ 126.606034691146348, 36.85879951320485 ], [ 126.606025319024255, 36.858792453744549 ], [ 126.606018553857453, 36.85878433960584 ], [ 126.605993380407384, 36.858799466881401 ] ] ] } },
{ "type": "Feature", "properties": { "PNU": "4427034036101330002", "JIBUN": "133-2제", "BCHK": "1" }, "geometry": { "type": "Polygon", "coordinates": [ [ [ 126.605426035367202, 36.858911732903934 ], [ 126.60558253698315, 36.858935021003823 ], [ 126.605739297000312, 36.858936323133833 ], [ 126.605741197772076, 36.858928643110318 ], [ 126.605759259031558, 36.858870249032279 ], [ 126.605780956121095, 36.858820102936733 ], [ 126.605755147558469, 36.858808132258893 ], [ 126.605709151273388, 36.858794599042618 ], [ 126.605705473499128, 36.858794541832395 ], [ 126.605488529684195, 36.858793356026901 ], [ 126.605472009394006, 36.858798248382051 ], [ 126.605408749096455, 36.858825351219238 ], [ 126.605419329886104, 36.858852572129329 ], [ 126.605427106192337, 36.858901896533155 ], [ 126.605426035367202, 36.858911732903934 ] ] ] } },
{ "type": "Feature", "properties": { "PNU": "4427034036101330003", "JIBUN": "133-3천", "BCHK": "1" }, "geometry": { "type": "Polygon", "coordinates": [ [ [ 126.605488529684195, 36.858793356026901 ], [ 126.605705473499128, 36.858794541832395 ], [ 126.6056671432531, 36.858783998526462 ], [ 126.605639367119764, 36.858777427865192 ], [ 126.605581228727374, 36.858772225594798 ], [ 126.605527838379032, 36.858781438429247 ], [ 126.605488529684195, 36.858793356026901 ] ] ] } },
{ "type": "Feature", "properties": { "PNU": "4427034036101330004", "JIBUN": "133-4 제", "BCHK": "1" }, "geometry": { "type": "Polygon", "coordinates": [ [ [ 126.60558253698315, 36.858935021003823 ], [ 126.605426035367202, 36.858911732903934 ], [ 126.605423646510104, 36.858933693598644 ], [ 126.60558253698315, 36.858935021003823 ] ] ] } },
{ "type": "Feature", "properties": { "PNU": "4427034036101340002", "JIBUN": "134-2제", "BCHK": "1" }, "geometry": { "type": "Polygon", "coordinates": [ [ [ 126.605426035367202, 36.858911732903934 ], [ 126.605427106192337, 36.858901896533155 ], [ 126.605419329886104, 36.858852572129329 ], [ 126.605408749096455, 36.858825351219238 ], [ 126.605315082287404, 36.85885587669263 ], [ 126.605290312431194, 36.85886223753954 ], [ 126.605243774506548, 36.858871256656471 ], [ 126.60521825300107, 36.858906125516889 ], [ 126.605198517608287, 36.858919135033872 ], [ 126.605209665755595, 36.858931913352784 ], [ 126.605306491393506, 36.858932720333755 ], [ 126.605413183098975, 36.858909825135648 ], [ 126.605426035367202, 36.858911732903934 ] ] ] } },
{ "type": "Feature", "properties": { "PNU": "4427034036101340003", "JIBUN": "134-3 제", "BCHK": "1" }, "geometry": { "type": "Polygon", "coordinates": [ [ [ 126.605306491393506, 36.858932720333755 ], [ 126.605423646510104, 36.858933693598644 ], [ 126.605426035367202, 36.858911732903934 ], [ 126.605413183098975, 36.858909825135648 ], [ 126.605306491393506, 36.858932720333755 ] ] ] } },
{ "type": "Feature", "properties": { "PNU": "4427034036101380003", "JIBUN": "138-3제", "BCHK": "1" }, "geometry": { "type": "Polygon", "coordinates": [ [ [ 126.605160047650259, 36.858927099509074 ], [ 126.605147140489237, 36.858911837363465 ], [ 126.605137190491376, 36.858888457164717 ], [ 126.605112826587558, 36.858861560053441 ], [ 126.605083619141823, 36.858843270342902 ], [ 126.605060140391586, 36.858840579452426 ], [ 126.60501495208598, 36.858848818998773 ], [ 126.60490230434425, 36.858878578448028 ], [ 126.604838449086216, 36.858886080283504 ], [ 126.604747180731465, 36.858879641494454 ], [ 126.604687450989346, 36.858869873994571 ], [ 126.604688378906019, 36.858881347956327 ], [ 126.605160047650259, 36.858927099509074 ] ] ] } },
{ "type": "Feature", "properties": { "PNU": "4427034036101390001", "JIBUN": "139-1제", "BCHK": "1" }, "geometry": { "type": "Polygon", "coordinates": [ [ [ 126.605408749096455, 36.858825351219238 ], [ 126.605472009394006, 36.858798248382051 ], [ 126.605488529684195, 36.858793356026901 ], [ 126.605208421968101, 36.858793889144096 ], [ 126.605068853126895, 36.858785948122701 ], [ 126.60506708195976, 36.858785834128255 ], [ 126.605072468414122, 36.858811316789179 ], [ 126.605100363654117, 36.85881870796981 ], [ 126.605126399828137, 36.858834383026533 ], [ 126.605164553529846, 36.85887279666369 ], [ 126.605198517608287, 36.858919135033872 ], [ 126.60521825300107, 36.858906125516889 ], [ 126.605243774506548, 36.858871256656471 ], [ 126.605290312431194, 36.85886223753954 ], [ 126.605315082287404, 36.85885587669263 ], [ 126.605408749096455, 36.858825351219238 ] ] ] } },
{ "type": "Feature", "properties": { "PNU": "4427034036101390002", "JIBUN": "139-2천", "BCHK": "1" }, "geometry": { "type": "Polygon", "coordinates": [ [ [ 126.605418293560476, 36.858592973417302 ], [ 126.605336558712736, 36.858597154432452 ], [ 126.605203701912217, 36.858614304125034 ], [ 126.605122745271984, 36.8586197941503 ], [ 126.605031128100435, 36.85861583242518 ], [ 126.605051141295903, 36.858710477187437 ], [ 126.60506708195976, 36.858785834128255 ], [ 126.605068853126895, 36.858785948122701 ], [ 126.605208421968101, 36.858793889144096 ], [ 126.605488529684195, 36.858793356026901 ], [ 126.605527838379032, 36.858781438429247 ], [ 126.605581228727374, 36.858772225594798 ], [ 126.605639367119764, 36.858777427865192 ], [ 126.605599864898934, 36.858743920866559 ], [ 126.605418293560476, 36.858592973417302 ] ] ] } },
{ "type": "Feature", "properties": { "PNU": "4427034036101400001", "JIBUN": "140-1제", "BCHK": "1" }, "geometry": { "type": "Polygon", "coordinates": [ [ [ 126.605072468414122, 36.858811316789179 ], [ 126.60506708195976, 36.858785834128255 ], [ 126.604858018612845, 36.858772066998945 ], [ 126.604788658992419, 36.858763988735937 ], [ 126.60473155457214, 36.858758347941027 ], [ 126.604601710611476, 36.858714953633687 ], [ 126.604613398499239, 36.858742709928315 ], [ 126.604643795696944, 36.858782602845992 ], [ 126.604685738877961, 36.858814550351724 ], [ 126.604721403812562, 36.858828752582255 ], [ 126.604771259139866, 36.85883976690014 ], [ 126.604828877176743, 36.858845850911969 ], [ 126.604891118897896, 36.858840290093717 ], [ 126.605003171632021, 36.85881721477908 ], [ 126.605072468414122, 36.858811316789179 ] ] ] } },
{ "type": "Feature", "properties": { "PNU": "4427034036101400002", "JIBUN": "140-2천", "BCHK": "1" }, "geometry": { "type": "Polygon", "coordinates": [ [ [ 126.604590428152378, 36.858684675627103 ], [ 126.605051141295903, 36.858710477187437 ], [ 126.605031128100435, 36.85861583242518 ], [ 126.60502825802385, 36.858615714791831 ], [ 126.604846040037472, 36.85859547657909 ], [ 126.604575126178219, 36.858543973625899 ], [ 126.604560513326319, 36.858570489348331 ], [ 126.604590428152378, 36.858684675627103 ] ] ] } },
{ "type": "Feature", "properties": { "PNU": "4427034036101400003", "JIBUN": "140-3천", "BCHK": "1" }, "geometry": { "type": "Polygon", "coordinates": [ [ [ 126.604601710611476, 36.858714953633687 ], [ 126.60473155457214, 36.858758347941027 ], [ 126.604788658992419, 36.858763988735937 ], [ 126.604858018612845, 36.858772066998945 ], [ 126.60506708195976, 36.858785834128255 ], [ 126.605051141295903, 36.858710477187437 ], [ 126.604590428152378, 36.858684675627103 ], [ 126.604591109924272, 36.858687300061405 ], [ 126.604600547355858, 36.85871219243996 ], [ 126.604601710611476, 36.858714953633687 ] ] ] } },
{ "type": "Feature", "properties": { "PNU": "4427034036101410002", "JIBUN": "141-2제", "BCHK": "1" }, "geometry": { "type": "Polygon", "coordinates": [ [ [ 126.604687450989346, 36.858869873994571 ], [ 126.604651740353361, 36.858860204089574 ], [ 126.604607619715779, 36.858833016125843 ], [ 126.604586517676267, 36.858799858125558 ], [ 126.604554015485547, 36.858754984193922 ], [ 126.604533487280591, 36.858717088347987 ], [ 126.604524231329975, 36.858687429794955 ], [ 126.604399600592387, 36.858644295843831 ], [ 126.60439854879975, 36.858643850821373 ], [ 126.604319722021629, 36.858762983934909 ], [ 126.604688378906019, 36.858881347956327 ], [ 126.604687450989346, 36.858869873994571 ] ] ] } },
{ "type": "Feature", "properties": { "PNU": "4427034036101410003", "JIBUN": "141-3천", "BCHK": "1" }, "geometry": { "type": "Polygon", "coordinates": [ [ [ 126.60439854879975, 36.858643850821373 ], [ 126.604399600592387, 36.858644295843831 ], [ 126.604524231329975, 36.858687429794955 ], [ 126.60451576928962, 36.858660396047583 ], [ 126.60452557086785, 36.858599064250285 ], [ 126.604437659742104, 36.858576560891848 ], [ 126.60439854879975, 36.858643850821373 ] ] ] } },
{ "type": "Feature", "properties": { "PNU": "4427034036101430002", "JIBUN": "143-2제", "BCHK": "1" }, "geometry": { "type": "Polygon", "coordinates": [ [ [ 126.604319722021629, 36.858762983934909 ], [ 126.60439854879975, 36.858643850821373 ], [ 126.604084587180267, 36.858509231538306 ], [ 126.604075460838672, 36.858513301212987 ], [ 126.604068504283802, 36.858516287768374 ], [ 126.604038822783011, 36.8585204874569 ], [ 126.603993451331164, 36.858518561702205 ], [ 126.603959496505794, 36.858522945425172 ], [ 126.603922640604779, 36.858524517113651 ], [ 126.603870691855136, 36.858508521466874 ], [ 126.603846453756688, 36.85849870018631 ], [ 126.60382456750412, 36.858496005329478 ], [ 126.603832966176071, 36.858517866653891 ], [ 126.603832297486662, 36.858534507582227 ], [ 126.603826817423851, 36.858542572168552 ], [ 126.603848590162116, 36.858554259535204 ], [ 126.604319722021629, 36.858762983934909 ] ] ] } },
{ "type": "Feature", "properties": { "PNU": "4427034036101430003", "JIBUN": "143-3천", "BCHK": "1" }, "geometry": { "type": "Polygon", "coordinates": [ [ [ 126.604437659742104, 36.858576560891848 ], [ 126.604389834640202, 36.858539277355739 ], [ 126.604218198208144, 36.858460970929102 ], [ 126.60417487261752, 36.85846899106415 ], [ 126.604084587180267, 36.858509231538306 ], [ 126.60439854879975, 36.858643850821373 ], [ 126.604437659742104, 36.858576560891848 ] ] ] } },
{ "type": "Feature", "properties": { "PNU": "4427034036101440001", "JIBUN": "144-1제", "BCHK": "1" }, "geometry": { "type": "Polygon", "coordinates": [ [ [ 126.604011414966322, 36.858477216205088 ], [ 126.603849395358793, 36.858406411212215 ], [ 126.603640537745846, 36.858263552340752 ], [ 126.603541312396899, 36.858188837561727 ], [ 126.603627014479116, 36.858267859677582 ], [ 126.603673671715043, 36.858314078463017 ], [ 126.603728732173181, 36.858383456148118 ], [ 126.603778551981236, 36.85843617325181 ], [ 126.603793188949965, 36.858442078956919 ], [ 126.603834516025842, 36.858449812404295 ], [ 126.603934943052238, 36.858485036111944 ], [ 126.604011414966322, 36.858477216205088 ] ] ] } },
{ "type": "Feature", "properties": { "PNU": "4427034036101440002", "JIBUN": "144-2천", "BCHK": "1" }, "geometry": { "type": "Polygon", "coordinates": [ [ [ 126.604011414966322, 36.858477216205088 ], [ 126.604041567835225, 36.858475117629737 ], [ 126.604172126490354, 36.858418565914903 ], [ 126.60401654505516, 36.858356171667864 ], [ 126.603952306648537, 36.858340117240047 ], [ 126.603847811312107, 36.858276153257492 ], [ 126.603710963407465, 36.858182003297756 ], [ 126.603651677032175, 36.858142861185726 ], [ 126.603583017836172, 36.858109941469579 ], [ 126.603508811930922, 36.858139439871096 ], [ 126.603504170529021, 36.858141424866545 ], [ 126.603541312396899, 36.858188837561727 ], [ 126.603640537745846, 36.858263552340752 ], [ 126.603849395358793, 36.858406411212215 ], [ 126.604011414966322, 36.858477216205088 ] ] ] } },
{ "type": "Feature", "properties": { "PNU": "4427034036101460003", "JIBUN": "146-3제", "BCHK": "1" }, "geometry": { "type": "Polygon", "coordinates": [ [ [ 126.603233324422561, 36.858125151739245 ], [ 126.603309352441627, 36.858077178193511 ], [ 126.603294456437212, 36.858069334221767 ], [ 126.603266478883981, 36.858062771347555 ], [ 126.603237226456244, 36.858077307776796 ], [ 126.60322130594399, 36.858115974703402 ], [ 126.603233324422561, 36.858125151739245 ] ] ] } },
{ "type": "Feature", "properties": { "PNU": "4427034036101460005", "JIBUN": "146-5제", "BCHK": "1" }, "geometry": { "type": "Polygon", "coordinates": [ [ [ 126.603176973945949, 36.858082108420746 ], [ 126.60322130594399, 36.858115974703402 ], [ 126.603237226456244, 36.858077307776796 ], [ 126.603266478883981, 36.858062771347555 ], [ 126.603218453352412, 36.8580515101796 ], [ 126.603184339939418, 36.858040998120913 ], [ 126.603126226625236, 36.858024540108396 ], [ 126.603080089198741, 36.858008112903931 ], [ 126.603176973945949, 36.858082108420746 ] ] ] } },
{ "type": "Feature", "properties": { "PNU": "4427034036101470005", "JIBUN": "147-5제", "BCHK": "1" }, "geometry": { "type": "Polygon", "coordinates": [ [ [ 126.603275143308579, 36.858157099330349 ], [ 126.603494749028599, 36.858324837645405 ], [ 126.603722225569825, 36.858486438236795 ], [ 126.603737344576061, 36.858494553222691 ], [ 126.603710849017702, 36.858474524066743 ], [ 126.603692947592691, 36.8584383578848 ], [ 126.603598555369899, 36.858343961363474 ], [ 126.603563782724009, 36.858313343884568 ], [ 126.603522667506596, 36.858275361424724 ], [ 126.603441810546272, 36.858191831863756 ], [ 126.603398271273065, 36.85815642743335 ], [ 126.603372022067134, 36.858127793601689 ], [ 126.603355281337059, 36.858116699576833 ], [ 126.603345938377018, 36.858114929406185 ], [ 126.603327228036122, 36.858118309359966 ], [ 126.603275143308579, 36.858157099330349 ] ] ] } },
{ "type": "Feature", "properties": { "PNU": "4427034036101910000", "JIBUN": "191대", "BCHK": "1" }, "geometry": { "type": "Polygon", "coordinates": [ [ [ 126.604649876087549, 36.863437845940815 ], [ 126.604660812105806, 36.863253924620906 ], [ 126.604703475788497, 36.863239918889789 ], [ 126.60475123332543, 36.863212296526157 ], [ 126.604757089297024, 36.863148509730095 ], [ 126.604655368738833, 36.863128078342342 ], [ 126.604523638344048, 36.863077180639671 ], [ 126.604445094336, 36.86297662887506 ], [ 126.604367740068255, 36.863037466266597 ], [ 126.604304107456571, 36.863068613146602 ], [ 126.604310725709638, 36.863090081047389 ], [ 126.604372933393634, 36.863292672239801 ], [ 126.604530672857621, 36.863294961422852 ], [ 126.604521822542253, 36.863343446777961 ], [ 126.604520295338389, 36.863402814547364 ], [ 126.604649876087549, 36.863437845940815 ] ] ] } },
{ "type": "Feature", "properties": { "PNU": "4427034036101920001", "JIBUN": "192-1전", "BCHK": "1" }, "geometry": { "type": "Polygon", "coordinates": [ [ [ 126.604899872387577, 36.863281235741823 ], [ 126.604901150384535, 36.863220110014211 ], [ 126.604906286736664, 36.863139182090841 ], [ 126.604757089297024, 36.863148509730095 ], [ 126.60475123332543, 36.863212296526157 ], [ 126.604806353723262, 36.863251189983202 ], [ 126.604849073796501, 36.863285203484153 ], [ 126.604899872387577, 36.863281235741823 ] ] ] } },
{ "type": "Feature", "properties": { "PNU": "4427034036101930001", "JIBUN": "193-1전", "BCHK": "1" }, "geometry": { "type": "Polygon", "coordinates": [ [ [ 126.604965469295863, 36.863334995768795 ], [ 126.605071222821479, 36.863338815128962 ], [ 126.605082964137836, 36.863128863933447 ], [ 126.604923108755727, 36.863139057587105 ], [ 126.604920296637488, 36.863186634848795 ], [ 126.604917958526343, 36.863220508097633 ], [ 126.60491808033035, 36.863229555446878 ], [ 126.604915180138477, 36.863278997672758 ], [ 126.604949353656266, 36.863319831116868 ], [ 126.604965469295863, 36.863334995768795 ] ] ] } },
{ "type": "Feature", "properties": { "PNU": "4427034036101940000", "JIBUN": "194전", "BCHK": "1" }, "geometry": { "type": "Polygon", "coordinates": [ [ [ 126.604962412462925, 36.86362487536973 ], [ 126.605056162237815, 36.863570588741261 ], [ 126.605046855075528, 36.863555140273711 ], [ 126.60502815243386, 36.86351741278034 ], [ 126.605014651772493, 36.863479972835584 ], [ 126.605020381946318, 36.863434117307293 ], [ 126.605024127684928, 36.863414404845372 ], [ 126.605066836747881, 36.863409049600442 ], [ 126.605071111452432, 36.863340851224123 ], [ 126.605071222821479, 36.863338815128962 ], [ 126.604965469295863, 36.863334995768795 ], [ 126.604962407829362, 36.863367785314018 ], [ 126.604946952090728, 36.863390126221383 ], [ 126.604883896107651, 36.863461878443331 ], [ 126.604862007548888, 36.863503066860254 ], [ 126.604862715097525, 36.863529092688317 ], [ 126.60487042102632, 36.8635571781615 ], [ 126.604890807419338, 36.863601137789232 ], [ 126.60491398071612, 36.863622119833494 ], [ 126.604937819820663, 36.863624802937032 ], [ 126.604962412462925, 36.86362487536973 ] ] ] } },
{ "type": "Feature", "properties": { "PNU": "4427034036101950000", "JIBUN": "195대", "BCHK": "1" }, "geometry": { "type": "Polygon", "coordinates": [ [ [ 126.604649876087549, 36.863437845940815 ], [ 126.604703767256666, 36.863462804516125 ], [ 126.604861990782851, 36.863458246579007 ], [ 126.604900136496966, 36.863417751782542 ], [ 126.604928905716747, 36.863381884556361 ], [ 126.604942312808944, 36.863339172228059 ], [ 126.604899872387577, 36.863281235741823 ], [ 126.604849073796501, 36.863285203484153 ], [ 126.604806353723262, 36.863251189983202 ], [ 126.60475123332543, 36.863212296526157 ], [ 126.604703475788497, 36.863239918889789 ], [ 126.604660812105806, 36.863253924620906 ], [ 126.604649876087549, 36.863437845940815 ] ] ] } },
{ "type": "Feature", "properties": { "PNU": "4427034036101960000", "JIBUN": "196 대", "BCHK": "1" }, "geometry": { "type": "Polygon", "coordinates": [ [ [ 126.604517468539811, 36.863623545233978 ], [ 126.604621428546068, 36.863611995461831 ], [ 126.604692388911602, 36.863614933907179 ], [ 126.604747636803566, 36.863622478885482 ], [ 126.604772403635977, 36.863547085633357 ], [ 126.604837005266646, 36.863534756478622 ], [ 126.604861990782851, 36.863458246579007 ], [ 126.604703767256666, 36.863462804516125 ], [ 126.604649876087549, 36.863437845940815 ], [ 126.604520295338389, 36.863402814547364 ], [ 126.604520280376505, 36.863403544380809 ], [ 126.604517479505802, 36.863621409686679 ], [ 126.604517476220622, 36.863622049449781 ], [ 126.604517468539811, 36.863623545233978 ] ] ] } },
{ "type": "Feature", "properties": { "PNU": "4427034036101970000", "JIBUN": "197대", "BCHK": "1" }, "geometry": { "type": "Polygon", "coordinates": [ [ [ 126.604620295065232, 36.863933275391268 ], [ 126.604691473159221, 36.863843600517356 ], [ 126.604715111340838, 36.863800228283409 ], [ 126.604723603493213, 36.863779999917298 ], [ 126.604747636803566, 36.863622478885482 ], [ 126.604692388911602, 36.863614933907179 ], [ 126.604621428546068, 36.863611995461831 ], [ 126.604517468539811, 36.863623545233978 ], [ 126.604516659167473, 36.863912197762509 ], [ 126.604519232807718, 36.863928588113147 ], [ 126.604620295065232, 36.863933275391268 ] ] ] } },
{ "type": "Feature", "properties": { "PNU": "4427034036101980000", "JIBUN": "198대", "BCHK": "1" }, "geometry": { "type": "Polygon", "coordinates": [ [ [ 126.604996575544476, 36.863748681145083 ], [ 126.604982749833496, 36.863711204078157 ], [ 126.604964112168062, 36.863660807463205 ], [ 126.60495291925308, 36.863643514519772 ], [ 126.604880333627207, 36.863625108139402 ], [ 126.604837005266646, 36.863534756478622 ], [ 126.604772403635977, 36.863547085633357 ], [ 126.604747636803566, 36.863622478885482 ], [ 126.604723603493213, 36.863779999917298 ], [ 126.60481551509848, 36.863788972928702 ], [ 126.604917672617049, 36.863772496974732 ], [ 126.604958039317552, 36.863762529441225 ], [ 126.604996575544476, 36.863748681145083 ] ] ] } },
{ "type": "Feature", "properties": { "PNU": "4427034036101990000", "JIBUN": "199답", "BCHK": "1" }, "geometry": { "type": "Polygon", "coordinates": [ [ [ 126.605045317847086, 36.863795861420158 ], [ 126.605066714903785, 36.863410941486471 ], [ 126.605066836747881, 36.863409049600442 ], [ 126.605024127684928, 36.863414404845372 ], [ 126.605020381946318, 36.863434117307293 ], [ 126.605014651772493, 36.863479972835584 ], [ 126.60502815243386, 36.86351741278034 ], [ 126.605046855075528, 36.863555140273711 ], [ 126.605056162237815, 36.863570588741261 ], [ 126.604962412462925, 36.86362487536973 ], [ 126.604978905964032, 36.863649466673643 ], [ 126.605006873587854, 36.863730549267345 ], [ 126.605018209631822, 36.863754925247996 ], [ 126.605044928355042, 36.863795274421996 ], [ 126.605045317847086, 36.863795861420158 ] ] ] } },
{ "type": "Feature", "properties": { "PNU": "4427034036102010002", "JIBUN": "201-2 목", "BCHK": "1" }, "geometry": { "type": "Polygon", "coordinates": [ [ [ 126.604996575544476, 36.863748681145083 ], [ 126.604958039317552, 36.863762529441225 ], [ 126.604917672617049, 36.863772496974732 ], [ 126.60481551509848, 36.863788972928702 ], [ 126.604799958603593, 36.863964237485398 ], [ 126.604997431579847, 36.863975353201738 ], [ 126.605010649781747, 36.863825167225222 ], [ 126.605036213453488, 36.863826152959135 ], [ 126.605031068182456, 36.863812619571021 ], [ 126.60501649097192, 36.863779537339994 ], [ 126.604996575544476, 36.863748681145083 ] ] ] } },
{ "type": "Feature", "properties": { "PNU": "4427034036102010003", "JIBUN": "201-3 전", "BCHK": "1" }, "geometry": { "type": "Polygon", "coordinates": [ [ [ 126.604572735278268, 36.864260835196681 ], [ 126.604761638808839, 36.86425055805357 ], [ 126.604932317826666, 36.864207690902518 ], [ 126.60497694857068, 36.864208199141636 ], [ 126.604997431579847, 36.863975353201738 ], [ 126.604799958603593, 36.863964237485398 ], [ 126.60481551509848, 36.863788972928702 ], [ 126.604723603493213, 36.863779999917298 ], [ 126.604715111340838, 36.863800228283409 ], [ 126.604691473159221, 36.863843600517356 ], [ 126.604620295065232, 36.863933275391268 ], [ 126.604631527996048, 36.864012671627421 ], [ 126.604634921351618, 36.864037598015379 ], [ 126.604621510527252, 36.864074426172579 ], [ 126.60457955658751, 36.864107366126348 ], [ 126.604567747600115, 36.864133620789296 ], [ 126.604561638920899, 36.864196343440803 ], [ 126.604572735278268, 36.864260835196681 ] ] ] } },
{ "type": "Feature", "properties": { "PNU": "4427034036102020000", "JIBUN": "202대", "BCHK": "1" }, "geometry": { "type": "Polygon", "coordinates": [ [ [ 126.604487346269025, 36.864248207176047 ], [ 126.604572735278268, 36.864260835196681 ], [ 126.604561638920899, 36.864196343440803 ], [ 126.604567747600115, 36.864133620789296 ], [ 126.60457955658751, 36.864107366126348 ], [ 126.604621510527252, 36.864074426172579 ], [ 126.604634921351618, 36.864037598015379 ], [ 126.604631527996048, 36.864012671627421 ], [ 126.604620295065232, 36.863933275391268 ], [ 126.604519232807718, 36.863928588113147 ], [ 126.60450584597038, 36.863943267542751 ], [ 126.604475967970856, 36.863950386211556 ], [ 126.604402785663964, 36.863980429176117 ], [ 126.604374858740158, 36.863950474432421 ], [ 126.604339238393464, 36.863953338898398 ], [ 126.604313694932159, 36.864061916625168 ], [ 126.604356448448726, 36.864052353693936 ], [ 126.60440491129107, 36.86406002050186 ], [ 126.604487346269025, 36.864248207176047 ] ] ] } },
{ "type": "Feature", "properties": { "PNU": "4427034036102030000", "JIBUN": "203답", "BCHK": "1" }, "geometry": { "type": "Polygon", "coordinates": [ [ [ 126.604374858740158, 36.863950474432421 ], [ 126.604402785663964, 36.863980429176117 ], [ 126.604475967970856, 36.863950386211556 ], [ 126.60450584597038, 36.863943267542751 ], [ 126.604519232807718, 36.863928588113147 ], [ 126.604516659167473, 36.863912197762509 ], [ 126.604491250347962, 36.863924728781825 ], [ 126.604369006559182, 36.863926125590552 ], [ 126.604364038308319, 36.863926181199894 ], [ 126.604373397736481, 36.863948901690151 ], [ 126.604374858740158, 36.863950474432421 ] ] ] } },
{ "type": "Feature", "properties": { "PNU": "4427034036102030002", "JIBUN": "203-2답", "BCHK": "1" }, "geometry": { "type": "Polygon", "coordinates": [ [ [ 126.604521822542253, 36.863343446777961 ], [ 126.604530672857621, 36.863294961422852 ], [ 126.604372933393634, 36.863292672239801 ], [ 126.604521822542253, 36.863343446777961 ] ] ] } },
{ "type": "Feature", "properties": { "PNU": "4427034036102040001", "JIBUN": "204-1답", "BCHK": "1" }, "geometry": { "type": "Polygon", "coordinates": [ [ [ 126.604339238393464, 36.863953338898398 ], [ 126.604374858740158, 36.863950474432421 ], [ 126.604373397736481, 36.863948901690151 ], [ 126.604364038308319, 36.863926181199894 ], [ 126.604345454935242, 36.863926407912807 ], [ 126.60433972022129, 36.863951231945741 ], [ 126.604339490706735, 36.863952249416272 ], [ 126.604339238393464, 36.863953338898398 ] ] ] } },
{ "type": "Feature", "properties": { "PNU": "4427034036102120001", "JIBUN": "212-1답", "BCHK": "1" }, "geometry": { "type": "Polygon", "coordinates": [ [ [ 126.604313694932159, 36.864061916625168 ], [ 126.604380758736312, 36.864083404787763 ], [ 126.604478376277669, 36.86424790710759 ], [ 126.604487346269025, 36.864248207176047 ], [ 126.60440491129107, 36.86406002050186 ], [ 126.604356448448726, 36.864052353693936 ], [ 126.604313694932159, 36.864061916625168 ] ] ] } },
{ "type": "Feature", "properties": { "PNU": "4427034036103030000", "JIBUN": "303천", "BCHK": "1" }, "geometry": { "type": "Polygon", "coordinates": [ [ [ 126.603048473409061, 36.871178879184804 ], [ 126.602971266016439, 36.871279003525245 ], [ 126.60285858055984, 36.871425442803996 ], [ 126.602857994733014, 36.87147161264916 ], [ 126.602956476717182, 36.871558814492367 ], [ 126.60296877107001, 36.87154969134243 ], [ 126.603003716542844, 36.871419564267441 ], [ 126.603057796798709, 36.871310928753893 ], [ 126.603080264782406, 36.87127762718832 ], [ 126.603093116450566, 36.871245230752031 ], [ 126.603088515387114, 36.871208775404355 ], [ 126.603064399262749, 36.87118759164921 ], [ 126.603048473409061, 36.871178879184804 ] ] ] } },
{ "type": "Feature", "properties": { "PNU": "4427034036103190001", "JIBUN": "319-1도", "BCHK": "3" }, "geometry": { "type": "Polygon", "coordinates": [ [ [ 126.5976668267718, 36.874061631770637 ], [ 126.59765057053913, 36.87406248703099 ], [ 126.597662338989252, 36.874124143152024 ], [ 126.597654809820156, 36.874227787965715 ], [ 126.597628385929625, 36.874304904070328 ], [ 126.597617012847152, 36.874369311536469 ], [ 126.597608776426441, 36.874419420301294 ], [ 126.597627027143943, 36.874431826784509 ], [ 126.597643539708585, 36.87444202874574 ], [ 126.597673299937554, 36.874175064585337 ], [ 126.5976668267718, 36.874061631770637 ] ] ] } },
{ "type": "Feature", "properties": { "PNU": "4427034036103280000", "JIBUN": "328답", "BCHK": "1" }, "geometry": { "type": "Polygon", "coordinates": [ [ [ 126.598780376671129, 36.871251796861493 ], [ 126.598778936125683, 36.871244141771655 ], [ 126.598725560826153, 36.871143202459514 ], [ 126.598685290266971, 36.87115749340132 ], [ 126.598704162325106, 36.871205503834211 ], [ 126.598752220094724, 36.871248611408404 ], [ 126.598780376671129, 36.871251796861493 ] ] ] } },
{ "type": "Feature", "properties": { "PNU": "4427034036103300001", "JIBUN": "330-1도", "BCHK": "1" }, "geometry": { "type": "Polygon", "coordinates": [ [ [ 126.597900793313642, 36.87057563133061 ], [ 126.597926817392761, 36.870398664103078 ], [ 126.597923143870631, 36.870404130340091 ], [ 126.597908235042595, 36.870426309944136 ], [ 126.597863529614528, 36.870521016854291 ], [ 126.597865907345891, 36.870546768980596 ], [ 126.597875660539259, 36.870558299757768 ], [ 126.597900793313642, 36.87057563133061 ] ] ] } },
{ "type": "Feature", "properties": { "PNU": "4427034036103300002", "JIBUN": "330-2도", "BCHK": "1" }, "geometry": { "type": "Polygon", "coordinates": [ [ [ 126.597956908521368, 36.870596176093741 ], [ 126.597935875959607, 36.870543211277941 ], [ 126.597978420621672, 36.870449911767253 ], [ 126.598150493869682, 36.8702507202158 ], [ 126.598156756094895, 36.870215553790523 ], [ 126.598118367194985, 36.870221804158639 ], [ 126.598045736201456, 36.870310037336004 ], [ 126.597981520637589, 36.870354523932505 ], [ 126.597937724957916, 36.870382427206408 ], [ 126.597926817392761, 36.870398664103078 ], [ 126.597900793313642, 36.87057563133061 ], [ 126.597909778051928, 36.870581834078955 ], [ 126.597956908521368, 36.870596176093741 ] ] ] } },
{ "type": "Feature", "properties": { "PNU": "4427034036103310001", "JIBUN": "331-1전", "BCHK": "1" }, "geometry": { "type": "Polygon", "coordinates": [ [ [ 126.598103939156474, 36.87129923255533 ], [ 126.598121743008548, 36.871287542347488 ], [ 126.598159423374966, 36.871266727998865 ], [ 126.59831324648809, 36.871220939191033 ], [ 126.598483721528083, 36.871132674848731 ], [ 126.598472017781106, 36.871060719549831 ], [ 126.598412311177427, 36.871038405814978 ], [ 126.598381020791138, 36.871027541456648 ], [ 126.598334093121622, 36.871028005182637 ], [ 126.598120596873059, 36.871090281136183 ], [ 126.598109779760804, 36.87109132599489 ], [ 126.598105874843142, 36.87109170030535 ], [ 126.598123094244315, 36.871157591874145 ], [ 126.598075246730261, 36.87117096500095 ], [ 126.598085435794786, 36.871219333738857 ], [ 126.598103939156474, 36.87129923255533 ] ] ] } },
{ "type": "Feature", "properties": { "PNU": "4427034036103310002", "JIBUN": "331-2대", "BCHK": "1" }, "geometry": { "type": "Polygon", "coordinates": [ [ [ 126.598059782574865, 36.871097555248959 ], [ 126.598075246730261, 36.87117096500095 ], [ 126.598123094244315, 36.871157591874145 ], [ 126.598105874843142, 36.87109170030535 ], [ 126.598059782574865, 36.871097555248959 ] ] ] } },
{ "type": "Feature", "properties": { "PNU": "4427034036103310005", "JIBUN": "331-5 도", "BCHK": "1" }, "geometry": { "type": "Polygon", "coordinates": [ [ [ 126.597967601801869, 36.871200896815395 ], [ 126.597984999920087, 36.871241135007367 ], [ 126.598047883233647, 36.871335970276199 ], [ 126.598103939156474, 36.87129923255533 ], [ 126.598085435794786, 36.871219333738857 ], [ 126.598075246730261, 36.87117096500095 ], [ 126.598059782574865, 36.871097555248959 ], [ 126.59804333603347, 36.871098463989135 ], [ 126.598028527341157, 36.871056333234229 ], [ 126.598008890951789, 36.871015177403962 ], [ 126.597972658528917, 36.870866105297949 ], [ 126.597946557410509, 36.870817268410505 ], [ 126.597911411920606, 36.870816600270103 ], [ 126.597894939556269, 36.870863266194576 ], [ 126.597878541058506, 36.870923701002788 ], [ 126.597877933304503, 36.870977791316221 ], [ 126.597885995204408, 36.871027558599287 ], [ 126.597967601801869, 36.871200896815395 ] ] ] } },
{ "type": "Feature", "properties": { "PNU": "4427034036103320000", "JIBUN": "332전", "BCHK": "1" }, "geometry": { "type": "Polygon", "coordinates": [ [ [ 126.598632818075728, 36.871576097853485 ], [ 126.598664697889092, 36.871527726553332 ], [ 126.598694134924799, 36.871461712717782 ], [ 126.598727619340849, 36.871352919784087 ], [ 126.59874057448809, 36.871275199405055 ], [ 126.59873538704305, 36.871274181744731 ], [ 126.59867225236674, 36.87126184067165 ], [ 126.598622251731143, 36.871260113536223 ], [ 126.59857426898823, 36.871252103571365 ], [ 126.598528282766821, 36.871235458865783 ], [ 126.598508174123936, 36.871222433521467 ], [ 126.598223038261096, 36.871326729547704 ], [ 126.59817233107367, 36.871342183605911 ], [ 126.598222198984615, 36.871375800015507 ], [ 126.598310566367857, 36.871422936249196 ], [ 126.598418383326774, 36.871478319789986 ], [ 126.598495103879685, 36.871509287182839 ], [ 126.598599049653473, 36.871550014835677 ], [ 126.598632818075728, 36.871576097853485 ] ] ] } },
{ "type": "Feature", "properties": { "PNU": "4427034036103330000", "JIBUN": "333전", "BCHK": "1" }, "geometry": { "type": "Polygon", "coordinates": [ [ [ 126.598521223072595, 36.871894590539135 ], [ 126.598543165235313, 36.871831335881367 ], [ 126.598552991415289, 36.871779448222682 ], [ 126.598562680163226, 36.871678630981712 ], [ 126.598577622556846, 36.871617758662545 ], [ 126.598632818075728, 36.871576097853485 ], [ 126.598599049653473, 36.871550014835677 ], [ 126.598495103879685, 36.871509287182839 ], [ 126.598418383326774, 36.871478319789986 ], [ 126.598310566367857, 36.871422936249196 ], [ 126.598222198984615, 36.871375800015507 ], [ 126.59817233107367, 36.871342183605911 ], [ 126.598129800894242, 36.871355304341293 ], [ 126.598175632544468, 36.871453136778015 ], [ 126.598188121014175, 36.87155305552831 ], [ 126.598190348479051, 36.871566795624823 ], [ 126.598175877749199, 36.87167906758534 ], [ 126.598133474111407, 36.871788235793524 ], [ 126.598243430898961, 36.871844140321002 ], [ 126.598360249259628, 36.87191342198723 ], [ 126.598427752480788, 36.871944115089327 ], [ 126.598458340229811, 36.871896235096841 ], [ 126.598470743060716, 36.87188577916821 ], [ 126.598521223072595, 36.871894590539135 ] ] ] } },
{ "type": "Feature", "properties": { "PNU": "4427034036103330001", "JIBUN": "333-1도", "BCHK": "1" }, "geometry": { "type": "Polygon", "coordinates": [ [ [ 126.597867170741083, 36.872153684841763 ], [ 126.597998202677118, 36.87201827842857 ], [ 126.598099965392237, 36.871873555106689 ], [ 126.598133474111407, 36.871788235793524 ], [ 126.598175877749199, 36.87167906758534 ], [ 126.598190348479051, 36.871566795624823 ], [ 126.598188121014175, 36.87155305552831 ], [ 126.598175632544468, 36.871453136778015 ], [ 126.598129800894242, 36.871355304341293 ], [ 126.598079330512633, 36.87138124783084 ], [ 126.59808730578429, 36.871396079593936 ], [ 126.598110131654067, 36.871438588778268 ], [ 126.598141250385083, 36.87150814955087 ], [ 126.598148083417883, 36.871550586820412 ], [ 126.598141536153975, 36.871612406481553 ], [ 126.598122775759975, 36.871661227335203 ], [ 126.598065686396538, 36.871754081384786 ], [ 126.597994653431215, 36.87186031463056 ], [ 126.597919918310694, 36.871966706557856 ], [ 126.597888573017599, 36.872007095809423 ], [ 126.597798274798336, 36.872116940421151 ], [ 126.597731203268822, 36.87218395346045 ], [ 126.597715574075906, 36.872215132478452 ], [ 126.597827232046981, 36.872168724511042 ], [ 126.597867170741083, 36.872153684841763 ] ] ] } },
{ "type": "Feature", "properties": { "PNU": "4427034036103340000", "JIBUN": "334답", "BCHK": "1" }, "geometry": { "type": "Polygon", "coordinates": [ [ [ 126.598521223072595, 36.871894590539135 ], [ 126.598567592631298, 36.871921680154934 ], [ 126.598567636323693, 36.871943414561464 ], [ 126.598586467677961, 36.871966987344564 ], [ 126.598589892056566, 36.871968440611305 ], [ 126.598642639467627, 36.871968302739944 ], [ 126.598658142911077, 36.871924589030584 ], [ 126.598666302219954, 36.871880481160758 ], [ 126.598711412743995, 36.871652071785633 ], [ 126.598761396986376, 36.87139874565257 ], [ 126.598785068639671, 36.871276871924429 ], [ 126.598758011092769, 36.871275852782773 ], [ 126.59874057448809, 36.871275199405055 ], [ 126.598727619340849, 36.871352919784087 ], [ 126.598694134924799, 36.871461712717782 ], [ 126.598664697889092, 36.871527726553332 ], [ 126.598632818075728, 36.871576097853485 ], [ 126.598577622556846, 36.871617758662545 ], [ 126.598562680163226, 36.871678630981712 ], [ 126.598552991415289, 36.871779448222682 ], [ 126.598543165235313, 36.871831335881367 ], [ 126.598521223072595, 36.871894590539135 ] ] ] } },
{ "type": "Feature", "properties": { "PNU": "4427034036103370000", "JIBUN": "337전", "BCHK": "1" }, "geometry": { "type": "Polygon", "coordinates": [ [ [ 126.597577386729057, 36.87363988197945 ], [ 126.597584927084085, 36.873600619966055 ], [ 126.597578789895948, 36.873543100806735 ], [ 126.597553831566202, 36.873498665020719 ], [ 126.59744610317415, 36.873443082768091 ], [ 126.597503440014592, 36.873554272348962 ], [ 126.597560855447995, 36.873650459043745 ], [ 126.597577386729057, 36.87363988197945 ] ] ] } },
{ "type": "Feature", "properties": { "PNU": "4427034036103370003", "JIBUN": "337-3도", "BCHK": "1" }, "geometry": { "type": "Polygon", "coordinates": [ [ [ 126.59726376498827, 36.872654798721868 ], [ 126.597197323206814, 36.872749179636664 ], [ 126.597101609630812, 36.872884037650138 ], [ 126.597121243076487, 36.873092922219492 ], [ 126.597236513359846, 36.873273907685757 ], [ 126.597228659624363, 36.873220834086311 ], [ 126.59721886032878, 36.873149470830469 ], [ 126.597219847882371, 36.873027169425534 ], [ 126.597220956386266, 36.872933198649271 ], [ 126.597225765104241, 36.87285870387926 ], [ 126.597235890667548, 36.872799095023517 ], [ 126.59726376498827, 36.872654798721868 ] ] ] } },
{ "type": "Feature", "properties": { "PNU": "4427034036103370005", "JIBUN": "337-5 도", "BCHK": "1" }, "geometry": { "type": "Polygon", "coordinates": [ [ [ 126.59747926133754, 36.873976368683088 ], [ 126.597480338483891, 36.87411571662031 ], [ 126.597460977148813, 36.8743800756422 ], [ 126.597557424142465, 36.874411966242484 ], [ 126.597564734974426, 36.874384444641777 ], [ 126.597580254421771, 36.874320717976488 ], [ 126.597591757932094, 36.874278567834878 ], [ 126.597612344549475, 36.874195980460122 ], [ 126.59761182157591, 36.87410291429245 ], [ 126.597610463376128, 36.874012999114676 ], [ 126.59758548612372, 36.873950694692262 ], [ 126.597576721485893, 36.8739323550043 ], [ 126.597533559478862, 36.873821465602688 ], [ 126.597492664335533, 36.873718936923339 ], [ 126.597441119113014, 36.873615489215872 ], [ 126.59742034218101, 36.87358004235621 ], [ 126.597368836816742, 36.873520477756394 ], [ 126.597322705287297, 36.873469221290783 ], [ 126.597304704944847, 36.873447597470275 ], [ 126.597272228673319, 36.873395269739312 ], [ 126.597257902779646, 36.873370189128231 ], [ 126.597277775809403, 36.873456193037136 ], [ 126.597355755079903, 36.87363707047831 ], [ 126.597377653317153, 36.873700445863612 ], [ 126.597411592732826, 36.873803311539092 ], [ 126.597478415098919, 36.873955884088694 ], [ 126.59747926133754, 36.873976368683088 ] ] ] } },
{ "type": "Feature", "properties": { "PNU": "4427034036103390001", "JIBUN": "339-1답", "BCHK": "1" }, "geometry": { "type": "Polygon", "coordinates": [ [ [ 126.598043744656152, 36.872225339895607 ], [ 126.598102677449404, 36.872237054403477 ], [ 126.598174098917312, 36.872234781007073 ], [ 126.598243619545073, 36.872218498247349 ], [ 126.598364381100097, 36.872133995377531 ], [ 126.598388863634966, 36.872091195007812 ], [ 126.598449626931483, 36.871928266498315 ], [ 126.598473687093431, 36.871919120350412 ], [ 126.598586467677961, 36.871966987344564 ], [ 126.598567636323693, 36.871943414561464 ], [ 126.598567592631298, 36.871921680154934 ], [ 126.598521223072595, 36.871894590539135 ], [ 126.598470743060716, 36.87188577916821 ], [ 126.598458340229811, 36.871896235096841 ], [ 126.598427752480788, 36.871944115089327 ], [ 126.598385194938984, 36.872026926020965 ], [ 126.598350788245213, 36.872032874487751 ], [ 126.598311138221433, 36.872080750963747 ], [ 126.598293833821927, 36.872089117862956 ], [ 126.598242955287645, 36.872126566945198 ], [ 126.59815758406431, 36.872173523426305 ], [ 126.598075263249783, 36.872207613568101 ], [ 126.598043744656152, 36.872225339895607 ] ] ] } },
{ "type": "Feature", "properties": { "PNU": "4427034036103400000", "JIBUN": "340 도", "BCHK": "1" }, "geometry": { "type": "Polygon", "coordinates": [ [ [ 126.597601666742747, 36.872380728753015 ], [ 126.597549603964936, 36.872348537412577 ], [ 126.597522838610018, 36.872351627938947 ], [ 126.597469875037717, 36.872405929018804 ], [ 126.597414818031552, 36.872485210194633 ], [ 126.597289288132004, 36.872736974069198 ], [ 126.597269286418424, 36.872825681774579 ], [ 126.597266066599303, 36.872945921164892 ], [ 126.597263807123795, 36.87308625806871 ], [ 126.597269569697147, 36.873170313038663 ], [ 126.597289113495989, 36.873282798826558 ], [ 126.5973002594571, 36.873343308506314 ], [ 126.597321187411652, 36.873418475876406 ], [ 126.597351740071204, 36.873465471667259 ], [ 126.597384547097491, 36.873503896698217 ], [ 126.597483313288365, 36.873591815856308 ], [ 126.597535163910663, 36.87366688930269 ], [ 126.597560855447995, 36.873650459043745 ], [ 126.597503440014592, 36.873554272348962 ], [ 126.59744610317415, 36.873443082768091 ], [ 126.597435029455497, 36.873437368534688 ], [ 126.597396802110424, 36.873365224512739 ], [ 126.597349860836886, 36.873290816360722 ], [ 126.597331267126663, 36.873221820319934 ], [ 126.597329603694504, 36.873153872633125 ], [ 126.597338158157868, 36.873083706721069 ], [ 126.597332550432284, 36.873040795976642 ], [ 126.597329682046762, 36.872967347579817 ], [ 126.597366850110845, 36.872808791370225 ], [ 126.597374943156993, 36.872741056832659 ], [ 126.597381803433649, 36.872716029729496 ], [ 126.597471824256331, 36.872595137166755 ], [ 126.597511303925501, 36.872552108258667 ], [ 126.59759431704272, 36.872420018451798 ], [ 126.597601666742747, 36.872380728753015 ] ] ] } },
{ "type": "Feature", "properties": { "PNU": "4427034036103400002", "JIBUN": "340-2전", "BCHK": "1" }, "geometry": { "type": "Polygon", "coordinates": [ [ [ 126.598043744656152, 36.872225339895607 ], [ 126.598075263249783, 36.872207613568101 ], [ 126.59815758406431, 36.872173523426305 ], [ 126.598242955287645, 36.872126566945198 ], [ 126.598293833821927, 36.872089117862956 ], [ 126.598311138221433, 36.872080750963747 ], [ 126.598350788245213, 36.872032874487751 ], [ 126.598272601716474, 36.872039882953423 ], [ 126.598203482725367, 36.872084542366302 ], [ 126.598170345295983, 36.872103011178083 ], [ 126.598157533741457, 36.872118701022849 ], [ 126.598112631484838, 36.872134958556735 ], [ 126.59801760317167, 36.872154065790184 ], [ 126.597961744732132, 36.872172187637517 ], [ 126.597947982481514, 36.872178773259449 ], [ 126.59800895333602, 36.872210417753791 ], [ 126.598043744656152, 36.872225339895607 ] ] ] } },
{ "type": "Feature", "properties": { "PNU": "4427034036103410000", "JIBUN": "341답", "BCHK": "1" }, "geometry": { "type": "Polygon", "coordinates": [ [ [ 126.597932808487613, 36.872170053635585 ], [ 126.597947982481514, 36.872178773259449 ], [ 126.597961744732132, 36.872172187637517 ], [ 126.59801760317167, 36.872154065790184 ], [ 126.598112631484838, 36.872134958556735 ], [ 126.598157533741457, 36.872118701022849 ], [ 126.598170345295983, 36.872103011178083 ], [ 126.59800071150687, 36.872119893642235 ], [ 126.597931266445784, 36.872134599609851 ], [ 126.597867170741083, 36.872153684841763 ], [ 126.597854340672797, 36.872166464074795 ], [ 126.597859120412863, 36.872183276482851 ], [ 126.597932808487613, 36.872170053635585 ] ] ] } },
{ "type": "Feature", "properties": { "PNU": "4427034036103410002", "JIBUN": "341-2 도", "BCHK": "3" }, "geometry": { "type": "Polygon", "coordinates": [ [ [ 126.597549603964936, 36.872348537412577 ], [ 126.597601666742747, 36.872380728753015 ], [ 126.597611392929494, 36.872328795787062 ], [ 126.597840487733961, 36.872186115163842 ], [ 126.597859120412863, 36.872183276482851 ], [ 126.597854340672797, 36.872166464074795 ], [ 126.597867170741083, 36.872153684841763 ], [ 126.597827232046981, 36.872168724511042 ], [ 126.597715574075906, 36.872215132478452 ], [ 126.597549603964936, 36.872348537412577 ] ] ] } },
{ "type": "Feature", "properties": { "PNU": "4427034036103420000", "JIBUN": "342전", "BCHK": "1" }, "geometry": { "type": "Polygon", "coordinates": [ [ [ 126.598170345295983, 36.872103011178083 ], [ 126.598203482725367, 36.872084542366302 ], [ 126.598272601716474, 36.872039882953423 ], [ 126.598350788245213, 36.872032874487751 ], [ 126.598385194938984, 36.872026926020965 ], [ 126.598427752480788, 36.871944115089327 ], [ 126.598360249259628, 36.87191342198723 ], [ 126.598243430898961, 36.871844140321002 ], [ 126.598133474111407, 36.871788235793524 ], [ 126.598099965392237, 36.871873555106689 ], [ 126.597998202677118, 36.87201827842857 ], [ 126.597867170741083, 36.872153684841763 ], [ 126.597931266445784, 36.872134599609851 ], [ 126.59800071150687, 36.872119893642235 ], [ 126.598170345295983, 36.872103011178083 ] ] ] } },
{ "type": "Feature", "properties": { "PNU": "4427034036103430000", "JIBUN": "343전", "BCHK": "1" }, "geometry": { "type": "Polygon", "coordinates": [ [ [ 126.597365636679854, 36.8720350225015 ], [ 126.597424929230812, 36.872098001492652 ], [ 126.597452431279493, 36.872144905872062 ], [ 126.597458409558996, 36.872159848076848 ], [ 126.597474282554401, 36.872154990714513 ], [ 126.597511522242087, 36.872229312026398 ], [ 126.597608677102556, 36.872234694950919 ], [ 126.59774813290278, 36.872092775333059 ], [ 126.59787334835471, 36.871954402879702 ], [ 126.597917551558538, 36.871889448246449 ], [ 126.597973914267712, 36.871806936319885 ], [ 126.598008232925295, 36.871695398089692 ], [ 126.597990970819154, 36.871699971504519 ], [ 126.597876785055561, 36.871747353295788 ], [ 126.597729763308948, 36.871828469125575 ], [ 126.597604570110079, 36.871893907388376 ], [ 126.597471931892485, 36.871969628846315 ], [ 126.597365636679854, 36.8720350225015 ] ] ] } },
{ "type": "Feature", "properties": { "PNU": "4427034036103430001", "JIBUN": "343-1도", "BCHK": "1" }, "geometry": { "type": "Polygon", "coordinates": [ [ [ 126.598008232925295, 36.871695398089692 ], [ 126.597973914267712, 36.871806936319885 ], [ 126.597917551558538, 36.871889448246449 ], [ 126.59787334835471, 36.871954402879702 ], [ 126.59774813290278, 36.872092775333059 ], [ 126.597608677102556, 36.872234694950919 ], [ 126.597511522242087, 36.872229312026398 ], [ 126.597474282554401, 36.872154990714513 ], [ 126.597458409558996, 36.872159848076848 ], [ 126.597478746348415, 36.872210765143684 ], [ 126.597482378092977, 36.872269086844945 ], [ 126.597485026652606, 36.872356717639839 ], [ 126.597613705105758, 36.872242623472246 ], [ 126.597656244199683, 36.872215031471747 ], [ 126.597701234808113, 36.872175454235013 ], [ 126.597738999717208, 36.872138564888004 ], [ 126.597819006337744, 36.872049392636782 ], [ 126.597859316191204, 36.87200193305096 ], [ 126.597908121377401, 36.871940589281849 ], [ 126.597931715550757, 36.871904715382527 ], [ 126.598006852286616, 36.871794423085994 ], [ 126.598038120674133, 36.871727919991258 ], [ 126.598073569264869, 36.87168349863699 ], [ 126.598098282149962, 36.871650286684243 ], [ 126.598106278982286, 36.871600834847897 ], [ 126.59811131810531, 36.871544326530575 ], [ 126.598046988972811, 36.871382661682716 ], [ 126.59802120309692, 36.871391549624427 ], [ 126.598048090120741, 36.871481091319119 ], [ 126.598038023874992, 36.871548828279856 ], [ 126.598023926637623, 36.871647522073218 ], [ 126.598008232925295, 36.871695398089692 ] ] ] } },
{ "type": "Feature", "properties": { "PNU": "4427034036103440000", "JIBUN": "344전", "BCHK": "1" }, "geometry": { "type": "Polygon", "coordinates": [ [ [ 126.597365636679854, 36.8720350225015 ], [ 126.597471931892485, 36.871969628846315 ], [ 126.597604570110079, 36.871893907388376 ], [ 126.597729763308948, 36.871828469125575 ], [ 126.597876785055561, 36.871747353295788 ], [ 126.597990970819154, 36.871699971504519 ], [ 126.598008232925295, 36.871695398089692 ], [ 126.598023926637623, 36.871647522073218 ], [ 126.598038023874992, 36.871548828279856 ], [ 126.597969279613494, 36.871566888684399 ], [ 126.59787711122992, 36.871603306352753 ], [ 126.597717323225879, 36.871687199535558 ], [ 126.597566483217946, 36.871764968257438 ], [ 126.597419101041837, 36.871842018575656 ], [ 126.597251413402503, 36.871943617886579 ], [ 126.597365636679854, 36.8720350225015 ] ] ] } },
{ "type": "Feature", "properties": { "PNU": "4427034036103450000", "JIBUN": "345전", "BCHK": "1" }, "geometry": { "type": "Polygon", "coordinates": [ [ [ 126.597345427834824, 36.872047587541552 ], [ 126.597281032830139, 36.87198451018412 ], [ 126.597112443846044, 36.871846759084193 ], [ 126.597085936799289, 36.8718348112155 ], [ 126.597052074489852, 36.871856746458441 ], [ 126.59700686947231, 36.871935114593384 ], [ 126.597011567661198, 36.871935328707103 ], [ 126.597057327598506, 36.871937366586273 ], [ 126.597090257395507, 36.871935035881272 ], [ 126.597195707073453, 36.871973390964378 ], [ 126.59727072980327, 36.872011607174677 ], [ 126.597345427834824, 36.872047587541552 ] ] ] } },
{ "type": "Feature", "properties": { "PNU": "4427034036103460000", "JIBUN": "346전", "BCHK": "1" }, "geometry": { "type": "Polygon", "coordinates": [ [ [ 126.598038023874992, 36.871548828279856 ], [ 126.598048090120741, 36.871481091319119 ], [ 126.59802120309692, 36.871391549624427 ], [ 126.597885576999715, 36.87143832752394 ], [ 126.597750597363742, 36.871485846340882 ], [ 126.597700464442283, 36.871509411932216 ], [ 126.597624791811697, 36.871578432368501 ], [ 126.597584961674372, 36.871598500399799 ], [ 126.597472181089586, 36.871658114317704 ], [ 126.597421685452986, 36.871682372404408 ], [ 126.59728017974922, 36.871750936109052 ], [ 126.597111022477549, 36.871816180344268 ], [ 126.597138609111539, 36.871844720896391 ], [ 126.597251413402503, 36.871943617886579 ], [ 126.597419101041837, 36.871842018575656 ], [ 126.597566483217946, 36.871764968257438 ], [ 126.597717323225879, 36.871687199535558 ], [ 126.59787711122992, 36.871603306352753 ], [ 126.597969279613494, 36.871566888684399 ], [ 126.598038023874992, 36.871548828279856 ] ] ] } },
{ "type": "Feature", "properties": { "PNU": "4427034036103470000", "JIBUN": "347전", "BCHK": "1" }, "geometry": { "type": "Polygon", "coordinates": [ [ [ 126.596655631604875, 36.871430065548196 ], [ 126.5966489264529, 36.871483261172315 ], [ 126.596625610855114, 36.871540797932823 ], [ 126.596593683690656, 36.871615083833078 ], [ 126.596595570033799, 36.871642501331046 ], [ 126.596713718592056, 36.871675889739237 ], [ 126.596868592366519, 36.871718926673353 ], [ 126.596969383352643, 36.871751589352549 ], [ 126.597085768390272, 36.871794126492958 ], [ 126.59712241275939, 36.871789213191747 ], [ 126.597284961973003, 36.871728650311091 ], [ 126.597396229214652, 36.871677519719526 ], [ 126.597456517132059, 36.871655186979488 ], [ 126.597511339621306, 36.871627077808533 ], [ 126.597554413638775, 36.871602226955623 ], [ 126.597600401012599, 36.871577881514909 ], [ 126.597641043816822, 36.87154394846425 ], [ 126.597662587700199, 36.871516249585113 ], [ 126.597586278254454, 36.87153543764186 ], [ 126.59749432007024, 36.871561655397997 ], [ 126.597456144575631, 36.871571997211838 ], [ 126.597380635360025, 36.871579689944845 ], [ 126.59730184674865, 36.871579658238161 ], [ 126.597224975326938, 36.871586183868523 ], [ 126.597170735899795, 36.871582153042368 ], [ 126.59700671044466, 36.871543392783899 ], [ 126.596900125254919, 36.871522830196575 ], [ 126.59681316842503, 36.871493467154757 ], [ 126.596766373859822, 36.871483451049158 ], [ 126.596710591989506, 36.871448453390215 ], [ 126.596655631604875, 36.871430065548196 ] ] ] } },
{ "type": "Feature", "properties": { "PNU": "4427034036103480000", "JIBUN": "348대", "BCHK": "1" }, "geometry": { "type": "Polygon", "coordinates": [ [ [ 126.596661274036094, 36.871350653658297 ], [ 126.596726113138175, 36.871395125374875 ], [ 126.596793613228783, 36.871430487033827 ], [ 126.596812891744975, 36.871404952274432 ], [ 126.596814288121195, 36.871335338879277 ], [ 126.596795274814411, 36.871312377939972 ], [ 126.596806791357906, 36.871235608067167 ], [ 126.596769501494549, 36.871218199121493 ], [ 126.596706432661662, 36.871214768995401 ], [ 126.596579078021804, 36.871226124541096 ], [ 126.596611701801706, 36.871294987954158 ], [ 126.596631449272081, 36.871327656131299 ], [ 126.596661274036094, 36.871350653658297 ] ] ] } },
{ "type": "Feature", "properties": { "PNU": "4427034036103490000", "JIBUN": "349 대", "BCHK": "1" }, "geometry": { "type": "Polygon", "coordinates": [ [ [ 126.596699331816566, 36.870975253611398 ], [ 126.596635685477608, 36.871020011723573 ], [ 126.596568991574216, 36.871066318376457 ], [ 126.596508556673626, 36.871108176765333 ], [ 126.596553843188531, 36.871140534872524 ], [ 126.596577303574719, 36.871183776378835 ], [ 126.596579078021804, 36.871226124541096 ], [ 126.596706432661662, 36.871214768995401 ], [ 126.596769501494549, 36.871218199121493 ], [ 126.596806791357906, 36.871235608067167 ], [ 126.596839922288368, 36.87103631812716 ], [ 126.596840846796823, 36.870979705843588 ], [ 126.596699331816566, 36.870975253611398 ] ] ] } },
{ "type": "Feature", "properties": { "PNU": "4427034036103490001", "JIBUN": "349-1 임", "BCHK": "1" }, "geometry": { "type": "Polygon", "coordinates": [ [ [ 126.597325291194608, 36.871366584852062 ], [ 126.597385553306239, 36.871194725389309 ], [ 126.597225786642909, 36.871148113303448 ], [ 126.59716388101404, 36.871130296960452 ], [ 126.59703506414094, 36.871093214534966 ], [ 126.596839922288368, 36.87103631812716 ], [ 126.596806791357906, 36.871235608067167 ], [ 126.596863986123878, 36.87124492942808 ], [ 126.59691486423408, 36.871261131753954 ], [ 126.596964129080462, 36.871274859623398 ], [ 126.597004159072839, 36.871291601949906 ], [ 126.597061588371062, 36.871305411430257 ], [ 126.597183949613239, 36.871330992153496 ], [ 126.597325291194608, 36.871366584852062 ] ] ] } },
{ "type": "Feature", "properties": { "PNU": "4427034036103500000", "JIBUN": "350전", "BCHK": "1" }, "geometry": { "type": "Polygon", "coordinates": [ [ [ 126.597881160174168, 36.871390690091999 ], [ 126.597882442494168, 36.871336286675501 ], [ 126.597812995240844, 36.871357985019216 ], [ 126.597780530055658, 36.871368039822926 ], [ 126.597756384924409, 36.871376293467165 ], [ 126.597687254602462, 36.871399569711258 ], [ 126.597591042830757, 36.87141136478651 ], [ 126.597498371690378, 36.871413088549197 ], [ 126.597414652717958, 36.871397226171844 ], [ 126.597355855355289, 36.871376915393689 ], [ 126.597325291194608, 36.871366584852062 ], [ 126.597183949613239, 36.871330992153496 ], [ 126.597061588371062, 36.871305411430257 ], [ 126.597004159072839, 36.871291601949906 ], [ 126.596964129080462, 36.871274859623398 ], [ 126.59691486423408, 36.871261131753954 ], [ 126.596863986123878, 36.87124492942808 ], [ 126.596806791357906, 36.871235608067167 ], [ 126.596795274814411, 36.871312377939972 ], [ 126.596814288121195, 36.871335338879277 ], [ 126.596812891744975, 36.871404952274432 ], [ 126.596793613228783, 36.871430487033827 ], [ 126.596838646408386, 36.871453454830672 ], [ 126.596882996339687, 36.871467688751494 ], [ 126.596985247824932, 36.871489101755898 ], [ 126.59716788396203, 36.871529177415418 ], [ 126.597274282641337, 36.871538241240984 ], [ 126.597376420010079, 36.871540766704186 ], [ 126.597464896545176, 36.871530495570276 ], [ 126.597523484332967, 36.871515834333515 ], [ 126.597555028265674, 36.871506100883991 ], [ 126.597630594279494, 36.871487523079502 ], [ 126.59768078054995, 36.871475212295948 ], [ 126.597751265216118, 36.87144388489024 ], [ 126.597820603621585, 36.871415130691176 ], [ 126.597881160174168, 36.871390690091999 ] ] ] } },
{ "type": "Feature", "properties": { "PNU": "4427034036103510000", "JIBUN": "351전", "BCHK": "1" }, "geometry": { "type": "Polygon", "coordinates": [ [ [ 126.598008574666508, 36.871346407569646 ], [ 126.597985469226884, 36.871271539324873 ], [ 126.597984961888841, 36.871269897633262 ], [ 126.597941608266495, 36.871198015820632 ], [ 126.597882442494168, 36.871336286675501 ], [ 126.597881160174168, 36.871390690091999 ], [ 126.598008574666508, 36.871346407569646 ] ] ] } },
{ "type": "Feature", "properties": { "PNU": "4427034036103510001", "JIBUN": "351-1도", "BCHK": "1" }, "geometry": { "type": "Polygon", "coordinates": [ [ [ 126.598026812823747, 36.871339611751985 ], [ 126.597985469226884, 36.871271539324873 ], [ 126.598008574666508, 36.871346407569646 ], [ 126.598026812823747, 36.871339611751985 ] ] ] } },
{ "type": "Feature", "properties": { "PNU": "4427034036103520001", "JIBUN": "352-1 대", "BCHK": "1" }, "geometry": { "type": "Polygon", "coordinates": [ [ [ 126.597882442494168, 36.871336286675501 ], [ 126.597941608266495, 36.871198015820632 ], [ 126.597905191287822, 36.871172338177828 ], [ 126.597849250936207, 36.871302897559431 ], [ 126.597493784748949, 36.871219978758837 ], [ 126.597385553306239, 36.871194725389309 ], [ 126.597325291194608, 36.871366584852062 ], [ 126.597355855355289, 36.871376915393689 ], [ 126.597414652717958, 36.871397226171844 ], [ 126.597498371690378, 36.871413088549197 ], [ 126.597591042830757, 36.87141136478651 ], [ 126.597687254602462, 36.871399569711258 ], [ 126.597756384924409, 36.871376293467165 ], [ 126.597780530055658, 36.871368039822926 ], [ 126.597812995240844, 36.871357985019216 ], [ 126.597882442494168, 36.871336286675501 ] ] ] } },
{ "type": "Feature", "properties": { "PNU": "4427034036103520002", "JIBUN": "352-2 대", "BCHK": "1" }, "geometry": { "type": "Polygon", "coordinates": [ [ [ 126.59703506414094, 36.871093214534966 ], [ 126.59716388101404, 36.871130296960452 ], [ 126.597234745160449, 36.87091921293576 ], [ 126.597205610090953, 36.870912302315539 ], [ 126.596935676691942, 36.870848314197296 ], [ 126.596901217285421, 36.870866552920027 ], [ 126.596828037114321, 36.870917919939437 ], [ 126.596699331816566, 36.870975253611398 ], [ 126.596840846796823, 36.870979705843588 ], [ 126.596839922288368, 36.87103631812716 ], [ 126.59703506414094, 36.871093214534966 ] ] ] } },
{ "type": "Feature", "properties": { "PNU": "4427034036103520003", "JIBUN": "352-3 도", "BCHK": "1" }, "geometry": { "type": "Polygon", "coordinates": [ [ [ 126.597673129493174, 36.870537702695344 ], [ 126.597758558511657, 36.870636101388172 ], [ 126.59776622838335, 36.870677162841368 ], [ 126.597786851508644, 36.870789165646926 ], [ 126.597771714361414, 36.870936604821573 ], [ 126.597767302543275, 36.870988925182225 ], [ 126.597822513286133, 36.871068875743447 ], [ 126.597882149964917, 36.871156085953992 ], [ 126.597941608266495, 36.871198015820632 ], [ 126.597901524114306, 36.871114304706936 ], [ 126.597862266892207, 36.871020450106741 ], [ 126.597852067535868, 36.870950464192873 ], [ 126.597863550737145, 36.870845508038563 ], [ 126.597887572186721, 36.870790036898562 ], [ 126.59790289199907, 36.870734275102365 ], [ 126.597895428077479, 36.870647321896179 ], [ 126.597857326081268, 36.870613627876189 ], [ 126.597826851023626, 36.870594872582217 ], [ 126.597787888720703, 36.870577737652681 ], [ 126.597741909242728, 36.870559912238782 ], [ 126.597673129493174, 36.870537702695344 ] ] ] } },
{ "type": "Feature", "properties": { "PNU": "4427034036103520004", "JIBUN": "352-4 대", "BCHK": "1" }, "geometry": { "type": "Polygon", "coordinates": [ [ [ 126.597905191287822, 36.871172338177828 ], [ 126.597882149964917, 36.871156085953992 ], [ 126.597822513286133, 36.871068875743447 ], [ 126.597813830941703, 36.87105630331066 ], [ 126.597610455626807, 36.871008157007878 ], [ 126.597545876460671, 36.871205719098903 ], [ 126.597560197743306, 36.871223041293639 ], [ 126.597865725363704, 36.871264449581737 ], [ 126.597905191287822, 36.871172338177828 ] ] ] } },
{ "type": "Feature", "properties": { "PNU": "4427034036103520005", "JIBUN": "352-5 대", "BCHK": "1" }, "geometry": { "type": "Polygon", "coordinates": [ [ [ 126.597234745160449, 36.87091921293576 ], [ 126.59716388101404, 36.871130296960452 ], [ 126.597225786642909, 36.871148113303448 ], [ 126.597385553306239, 36.871194725389309 ], [ 126.597493784748949, 36.871219978758837 ], [ 126.597566422356124, 36.870997736031867 ], [ 126.597234745160449, 36.87091921293576 ] ] ] } },
{ "type": "Feature", "properties": { "PNU": "4427034036103520007", "JIBUN": "352-7 묘", "BCHK": "1" }, "geometry": { "type": "Polygon", "coordinates": [ [ [ 126.597566422356124, 36.870997736031867 ], [ 126.597813830941703, 36.87105630331066 ], [ 126.597767302543275, 36.870988925182225 ], [ 126.597350661831086, 36.870890255851393 ], [ 126.597282749208333, 36.870899497009987 ], [ 126.597214678048474, 36.870909025942737 ], [ 126.597205610090953, 36.870912302315539 ], [ 126.597234745160449, 36.87091921293576 ], [ 126.597566422356124, 36.870997736031867 ] ] ] } },
{ "type": "Feature", "properties": { "PNU": "4427034036103520008", "JIBUN": "352-8 대", "BCHK": "1" }, "geometry": { "type": "Polygon", "coordinates": [ [ [ 126.59778629384553, 36.87079501183301 ], [ 126.597786851508644, 36.870789165646926 ], [ 126.59776622838335, 36.870677162841368 ], [ 126.59776396992676, 36.870665080634119 ], [ 126.597594027963865, 36.870672851482496 ], [ 126.597562400139182, 36.870741614992603 ], [ 126.597555546016594, 36.870756928398116 ], [ 126.597527413538188, 36.870914379843455 ], [ 126.59751818637541, 36.870922368397459 ], [ 126.597498925092381, 36.870925367101044 ], [ 126.597767302543275, 36.870988925182225 ], [ 126.597771714361414, 36.870936604821573 ], [ 126.59778629384553, 36.87079501183301 ] ] ] } },
{ "type": "Feature", "properties": { "PNU": "4427034036103520010", "JIBUN": "352-10 묘", "BCHK": "1" }, "geometry": { "type": "Polygon", "coordinates": [ [ [ 126.597431433478235, 36.870710373808549 ], [ 126.597438330640088, 36.870691122797083 ], [ 126.59735456091083, 36.87073658831347 ], [ 126.597310843882312, 36.870725780842221 ], [ 126.597393006005476, 36.87081616709532 ], [ 126.597431433478235, 36.870710373808549 ] ] ] } },
{ "type": "Feature", "properties": { "PNU": "4427034036103520011", "JIBUN": "352-11 전", "BCHK": "1" }, "geometry": { "type": "Polygon", "coordinates": [ [ [ 126.597350661831086, 36.870890255851393 ], [ 126.596984731303152, 36.870803596727136 ], [ 126.59695594295404, 36.870837587638917 ], [ 126.596935676691942, 36.870848314197296 ], [ 126.597205610090953, 36.870912302315539 ], [ 126.597214678048474, 36.870909025942737 ], [ 126.597282749208333, 36.870899497009987 ], [ 126.597350661831086, 36.870890255851393 ] ] ] } },
{ "type": "Feature", "properties": { "PNU": "4427034036103520012", "JIBUN": "352-12 대", "BCHK": "1" }, "geometry": { "type": "Polygon", "coordinates": [ [ [ 126.597393006005476, 36.87081616709532 ], [ 126.597310843882312, 36.870725780842221 ], [ 126.597276860397216, 36.870717385095176 ], [ 126.597234241720216, 36.870736740747951 ], [ 126.597199441300972, 36.870738722763576 ], [ 126.597044768062531, 36.870732712676173 ], [ 126.596984731303152, 36.870803596727136 ], [ 126.597350661831086, 36.870890255851393 ], [ 126.597393006005476, 36.87081616709532 ] ] ] } },
{ "type": "Feature", "properties": { "PNU": "4427034036103520013", "JIBUN": "352-13 대", "BCHK": "1" }, "geometry": { "type": "Polygon", "coordinates": [ [ [ 126.597489066263222, 36.870496406525099 ], [ 126.597490077519041, 36.870584004787844 ], [ 126.597438330640088, 36.870691122797083 ], [ 126.597431433478235, 36.870710373808549 ], [ 126.597393006005476, 36.87081616709532 ], [ 126.597350661831086, 36.870890255851393 ], [ 126.597498925092381, 36.870925367101044 ], [ 126.59751818637541, 36.870922368397459 ], [ 126.597527413538188, 36.870914379843455 ], [ 126.597555546016594, 36.870756928398116 ], [ 126.597562400139182, 36.870741614992603 ], [ 126.597594027963865, 36.870672851482496 ], [ 126.597626865915927, 36.870600001101977 ], [ 126.597665482363851, 36.870535225938291 ], [ 126.59766071272152, 36.870533677998012 ], [ 126.597626068939888, 36.870520729624424 ], [ 126.597585131463404, 36.870510292066385 ], [ 126.597489066263222, 36.870496406525099 ] ] ] } },
{ "type": "Feature", "properties": { "PNU": "4427034036103520015", "JIBUN": "352-15 묘", "BCHK": "1" }, "geometry": { "type": "Polygon", "coordinates": [ [ [ 126.597626865915927, 36.870600001101977 ], [ 126.597594027963865, 36.870672851482496 ], [ 126.59776396992676, 36.870665080634119 ], [ 126.597758558511657, 36.870636101388172 ], [ 126.597673129493174, 36.870537702695344 ], [ 126.597665482363851, 36.870535225938291 ], [ 126.597626865915927, 36.870600001101977 ] ] ] } },
{ "type": "Feature", "properties": { "PNU": "4427034036103520016", "JIBUN": "352-16 묘", "BCHK": "1" }, "geometry": { "type": "Polygon", "coordinates": [ [ [ 126.597626068939888, 36.870520729624424 ], [ 126.59766071272152, 36.870533677998012 ], [ 126.597579138707104, 36.870489555813691 ], [ 126.597487070155154, 36.870438441751311 ], [ 126.597455121893162, 36.870426917134075 ], [ 126.597488925724164, 36.870484673873506 ], [ 126.597489066263222, 36.870496406525099 ], [ 126.597585131463404, 36.870510292066385 ], [ 126.597626068939888, 36.870520729624424 ] ] ] } },
{ "type": "Feature", "properties": { "PNU": "4427034036103520017", "JIBUN": "352-17 대", "BCHK": "1" }, "geometry": { "type": "Polygon", "coordinates": [ [ [ 126.597610455626807, 36.871008157007878 ], [ 126.597566422356124, 36.870997736031867 ], [ 126.597497534716794, 36.871208484510106 ], [ 126.597560197743306, 36.871223041293639 ], [ 126.597545876460671, 36.871205719098903 ], [ 126.597610455626807, 36.871008157007878 ] ] ] } },
{ "type": "Feature", "properties": { "PNU": "4427034036103520018", "JIBUN": "352-18 대", "BCHK": "1" }, "geometry": { "type": "Polygon", "coordinates": [ [ [ 126.597865725363704, 36.871264449581737 ], [ 126.597560197743306, 36.871223041293639 ], [ 126.597497534716794, 36.871208484510106 ], [ 126.597493784748949, 36.871219978758837 ], [ 126.597849250936207, 36.871302897559431 ], [ 126.597865725363704, 36.871264449581737 ] ] ] } },
{ "type": "Feature", "properties": { "PNU": "4427034036103530000", "JIBUN": "353전", "BCHK": "1" }, "geometry": { "type": "Polygon", "coordinates": [ [ [ 126.597276860397216, 36.870717385095176 ], [ 126.597272215990699, 36.870685461857086 ], [ 126.597283450657997, 36.870634597281438 ], [ 126.597281884387115, 36.870601693238648 ], [ 126.597110041830874, 36.870582613540904 ], [ 126.597078729459483, 36.870693891359664 ], [ 126.597044768062531, 36.870732712676173 ], [ 126.597199441300972, 36.870738722763576 ], [ 126.597234241720216, 36.870736740747951 ], [ 126.597276860397216, 36.870717385095176 ] ] ] } },
{ "type": "Feature", "properties": { "PNU": "4427034036103540000", "JIBUN": "354대", "BCHK": "1" }, "geometry": { "type": "Polygon", "coordinates": [ [ [ 126.597310843882312, 36.870725780842221 ], [ 126.59735456091083, 36.87073658831347 ], [ 126.597438330640088, 36.870691122797083 ], [ 126.597490077519041, 36.870584004787844 ], [ 126.597488925724164, 36.870484673873506 ], [ 126.597455121893162, 36.870426917134075 ], [ 126.59730957014925, 36.870371044885047 ], [ 126.597197167281678, 36.870324466507448 ], [ 126.597164351497696, 36.870425178515191 ], [ 126.59714727134633, 36.870493621603572 ], [ 126.59713145012627, 36.870548660738578 ], [ 126.597110041830874, 36.870582613540904 ], [ 126.597281884387115, 36.870601693238648 ], [ 126.597283450657997, 36.870634597281438 ], [ 126.597272215990699, 36.870685461857086 ], [ 126.597276860397216, 36.870717385095176 ], [ 126.597310843882312, 36.870725780842221 ] ] ] } },
{ "type": "Feature", "properties": { "PNU": "4427034036103550000", "JIBUN": "355 대", "BCHK": "1" }, "geometry": { "type": "Polygon", "coordinates": [ [ [ 126.596661699734867, 36.870592884481148 ], [ 126.596998864419547, 36.870618993356764 ], [ 126.596995620549109, 36.870430943171456 ], [ 126.59696510344105, 36.870415990109699 ], [ 126.596958351799898, 36.87041599432758 ], [ 126.596926354320274, 36.870416030372446 ], [ 126.596895092209394, 36.870404138477255 ], [ 126.596842245323714, 36.870361365387033 ], [ 126.596795034958944, 36.870347356063412 ], [ 126.59674006034794, 36.870376798009012 ], [ 126.596702829162055, 36.870425348945311 ], [ 126.596700260952574, 36.870485280692847 ], [ 126.596661699734867, 36.870592884481148 ] ] ] } },
{ "type": "Feature", "properties": { "PNU": "4427034036103550001", "JIBUN": "355-1 대", "BCHK": "1" }, "geometry": { "type": "Polygon", "coordinates": [ [ [ 126.596998864419547, 36.870618993356764 ], [ 126.596661699734867, 36.870592884481148 ], [ 126.596656099984855, 36.870608499435924 ], [ 126.596590057827939, 36.870725273455299 ], [ 126.596459454885206, 36.870813021209528 ], [ 126.596342493845825, 36.870889254019033 ], [ 126.596380635374885, 36.870936699270324 ], [ 126.596435536897971, 36.870959817756855 ], [ 126.596453311045153, 36.870988063953064 ], [ 126.596463178456133, 36.871026988330101 ], [ 126.596505805007837, 36.871076818578317 ], [ 126.596605148272602, 36.871019566031862 ], [ 126.59667449181606, 36.870979134406184 ], [ 126.596743867516295, 36.87093897317493 ], [ 126.596824333517517, 36.870903408901334 ], [ 126.596878731257817, 36.870868540415906 ], [ 126.596935944771943, 36.870831383644337 ], [ 126.596951418080337, 36.870814991062524 ], [ 126.596935730871451, 36.870790833924531 ], [ 126.596956694849027, 36.870764656050333 ], [ 126.597043246608536, 36.870654835438216 ], [ 126.597048976690175, 36.870622875153643 ], [ 126.596998864419547, 36.870618993356764 ] ] ] } },
{ "type": "Feature", "properties": { "PNU": "4427034036103550003", "JIBUN": "355-3 대", "BCHK": "1" }, "geometry": { "type": "Polygon", "coordinates": [ [ [ 126.596951418080337, 36.870814991062524 ], [ 126.596984360893586, 36.870780086068066 ], [ 126.597043508495148, 36.870705513559628 ], [ 126.597075530751709, 36.870664333850563 ], [ 126.597081266612975, 36.870633409836167 ], [ 126.597086686150135, 36.870598637103299 ], [ 126.596998389882671, 36.870591805902642 ], [ 126.596998864419547, 36.870618993356764 ], [ 126.597048976690175, 36.870622875153643 ], [ 126.597043246608536, 36.870654835438216 ], [ 126.596956694849027, 36.870764656050333 ], [ 126.596935730871451, 36.870790833924531 ], [ 126.596951418080337, 36.870814991062524 ] ] ] } },
{ "type": "Feature", "properties": { "PNU": "4427034036103550004", "JIBUN": "355-4 대", "BCHK": "1" }, "geometry": { "type": "Polygon", "coordinates": [ [ [ 126.596998389882671, 36.870591805902642 ], [ 126.597086686150135, 36.870598637103299 ], [ 126.597087974507147, 36.870590333416203 ], [ 126.597115738590773, 36.870542011697843 ], [ 126.597124596931181, 36.87048448006248 ], [ 126.597088948932935, 36.870474853158477 ], [ 126.597050620499331, 36.87046093701607 ], [ 126.597008306185927, 36.870437158492606 ], [ 126.596995620549109, 36.870430943171456 ], [ 126.596998389882671, 36.870591805902642 ] ] ] } },
{ "type": "Feature", "properties": { "PNU": "4427034036103560000", "JIBUN": "356전", "BCHK": "1" }, "geometry": { "type": "Polygon", "coordinates": [ [ [ 126.596444421653132, 36.870437315421185 ], [ 126.59650860921866, 36.870488236852609 ], [ 126.596522760989288, 36.870533555430683 ], [ 126.596521913602146, 36.870575408141065 ], [ 126.596536104829084, 36.870630323446562 ], [ 126.596559397957847, 36.870673348132541 ], [ 126.596533079004615, 36.870721908890459 ], [ 126.596590057827939, 36.870725273455299 ], [ 126.596656099984855, 36.870608499435924 ], [ 126.596700260952574, 36.870485280692847 ], [ 126.596702829162055, 36.870425348945311 ], [ 126.59674006034794, 36.870376798009012 ], [ 126.596627934597805, 36.870352314730397 ], [ 126.596613905235301, 36.870407783368655 ], [ 126.59649567521511, 36.870437398717591 ], [ 126.596444421653132, 36.870437315421185 ] ] ] } },
{ "type": "Feature", "properties": { "PNU": "4427034036103570000", "JIBUN": "357임", "BCHK": "1" }, "geometry": { "type": "Polygon", "coordinates": [ [ [ 126.596342493845825, 36.870889254019033 ], [ 126.596459454885206, 36.870813021209528 ], [ 126.596590057827939, 36.870725273455299 ], [ 126.596533079004615, 36.870721908890459 ], [ 126.596559397957847, 36.870673348132541 ], [ 126.596536104829084, 36.870630323446562 ], [ 126.596521913602146, 36.870575408141065 ], [ 126.596522760989288, 36.870533555430683 ], [ 126.59650860921866, 36.870488236852609 ], [ 126.596444421653132, 36.870437315421185 ], [ 126.596432396933636, 36.870448376149739 ], [ 126.596353044729184, 36.870455523588426 ], [ 126.596304454495979, 36.870456566595159 ], [ 126.596268468821634, 36.870571243508792 ], [ 126.5962759389664, 36.870620297038307 ], [ 126.596325407196474, 36.870717061196075 ], [ 126.596322494752272, 36.870744192133934 ], [ 126.596306416161042, 36.870775468572198 ], [ 126.596285387181496, 36.870814000038507 ], [ 126.596278939764986, 36.870841533510252 ], [ 126.596288206031645, 36.870856054383154 ], [ 126.596342493845825, 36.870889254019033 ] ] ] } },
{ "type": "Feature", "properties": { "PNU": "4427034036103580000", "JIBUN": "358대", "BCHK": "1" }, "geometry": { "type": "Polygon", "coordinates": [ [ [ 126.596060620670215, 36.870441900321602 ], [ 126.596112198549207, 36.870478506012802 ], [ 126.596194652625726, 36.870515045013228 ], [ 126.596254990071742, 36.870528071770792 ], [ 126.59627709596316, 36.870453121941672 ], [ 126.596314383577948, 36.870440921255366 ], [ 126.59636509585944, 36.870443706042664 ], [ 126.596423335955933, 36.870437487369877 ], [ 126.59642237198932, 36.870405288202988 ], [ 126.596413544687849, 36.870399031809789 ], [ 126.596384638135433, 36.870378533341551 ], [ 126.59633419210239, 36.8703677568055 ], [ 126.596270841070634, 36.870354116157728 ], [ 126.596162778435186, 36.870305542066731 ], [ 126.59611219685074, 36.870374069808875 ], [ 126.596060620670215, 36.870441900321602 ] ] ] } },
{ "type": "Feature", "properties": { "PNU": "4427034036103590000", "JIBUN": "359임", "BCHK": "1" }, "geometry": { "type": "Polygon", "coordinates": [ [ [ 126.596259585118105, 36.870817417935037 ], [ 126.596272737796511, 36.870796593240364 ], [ 126.596309933840161, 36.870735580265816 ], [ 126.596299094875775, 36.870700157821545 ], [ 126.59626194689605, 36.870630098576328 ], [ 126.596251385589866, 36.870593064118019 ], [ 126.596254990071742, 36.870528071770792 ], [ 126.596194652625726, 36.870515045013228 ], [ 126.596112198549207, 36.870478506012802 ], [ 126.596060620670215, 36.870441900321602 ], [ 126.596014535202428, 36.870484978476519 ], [ 126.595949800307991, 36.870544825776015 ], [ 126.596083558431715, 36.870633837838383 ], [ 126.59602932256125, 36.870695531922934 ], [ 126.595986098706476, 36.870744666062649 ], [ 126.595973437216827, 36.870780873975249 ], [ 126.596108311867809, 36.870798235208859 ], [ 126.596259585118105, 36.870817417935037 ] ] ] } },
{ "type": "Feature", "properties": { "PNU": "4427034036103600000", "JIBUN": "360전", "BCHK": "1" }, "geometry": { "type": "Polygon", "coordinates": [ [ [ 126.595585958245763, 36.871004923069613 ], [ 126.595724512871115, 36.870953742384089 ], [ 126.595792274915311, 36.870919820784948 ], [ 126.595851076582079, 36.870904980877782 ], [ 126.595931494807161, 36.870904235117962 ], [ 126.596040778182783, 36.870895558369895 ], [ 126.596057653100715, 36.870894227845824 ], [ 126.596130549973125, 36.870881994628618 ], [ 126.596247204465655, 36.870823620570434 ], [ 126.596259585118105, 36.870817417935037 ], [ 126.596108311867809, 36.870798235208859 ], [ 126.595973437216827, 36.870780873975249 ], [ 126.595986098706476, 36.870744666062649 ], [ 126.59602932256125, 36.870695531922934 ], [ 126.596083558431715, 36.870633837838383 ], [ 126.595949800307991, 36.870544825776015 ], [ 126.595933074069251, 36.870577676875961 ], [ 126.595899841582025, 36.870639919632438 ], [ 126.595858189937118, 36.870692924723706 ], [ 126.595839625692761, 36.870716965943913 ], [ 126.59579808722566, 36.870754806072355 ], [ 126.595733057151122, 36.870793900174938 ], [ 126.595666987690393, 36.87082374554705 ], [ 126.595590046075856, 36.870858699235299 ], [ 126.595519170278507, 36.870900368534031 ], [ 126.595443635412849, 36.870942914064699 ], [ 126.595566169512608, 36.871012235886333 ], [ 126.595585958245763, 36.871004923069613 ] ] ] } },
{ "type": "Feature", "properties": { "PNU": "4427034036103600001", "JIBUN": "360-1전", "BCHK": "1" }, "geometry": { "type": "Polygon", "coordinates": [ [ [ 126.595585958245763, 36.871004923069613 ], [ 126.595581747948145, 36.871052756605891 ], [ 126.595603199075143, 36.871177350792046 ], [ 126.595608855594577, 36.871206493158404 ], [ 126.595713794887644, 36.871207155284729 ], [ 126.595821633292786, 36.87115762748968 ], [ 126.595882005587313, 36.871104271347079 ], [ 126.595951498764066, 36.87104396263409 ], [ 126.596061103792124, 36.871016769583683 ], [ 126.596038107803494, 36.870938522249318 ], [ 126.596040778182783, 36.870895558369895 ], [ 126.595931494807161, 36.870904235117962 ], [ 126.595851076582079, 36.870904980877782 ], [ 126.595792274915311, 36.870919820784948 ], [ 126.595724512871115, 36.870953742384089 ], [ 126.595585958245763, 36.871004923069613 ] ] ] } },
{ "type": "Feature", "properties": { "PNU": "4427034036103610000", "JIBUN": "361전", "BCHK": "1" }, "geometry": { "type": "Polygon", "coordinates": [ [ [ 126.595241348859389, 36.870944011905173 ], [ 126.595287099832191, 36.870934831879168 ], [ 126.59531010178894, 36.870928584285366 ], [ 126.595342601388353, 36.870935479752298 ], [ 126.595372796133091, 36.870947728869162 ], [ 126.595443635412849, 36.870942914064699 ], [ 126.595519170278507, 36.870900368534031 ], [ 126.595590046075856, 36.870858699235299 ], [ 126.595666987690393, 36.87082374554705 ], [ 126.595733057151122, 36.870793900174938 ], [ 126.59579808722566, 36.870754806072355 ], [ 126.595839625692761, 36.870716965943913 ], [ 126.595858189937118, 36.870692924723706 ], [ 126.595899841582025, 36.870639919632438 ], [ 126.595933074069251, 36.870577676875961 ], [ 126.595949800307991, 36.870544825776015 ], [ 126.595917669026392, 36.870495553514907 ], [ 126.595881526519591, 36.870415639644037 ], [ 126.595859047158257, 36.870354415587059 ], [ 126.595842373961176, 36.870302384284599 ], [ 126.595805873526274, 36.87033981797881 ], [ 126.595739564888731, 36.870406751401141 ], [ 126.595695773255699, 36.87045935270519 ], [ 126.5956639389711, 36.870492377825492 ], [ 126.595632967846342, 36.870523342369999 ], [ 126.595565179316168, 36.870581575167748 ], [ 126.595556185239758, 36.870587861301971 ], [ 126.595455756805279, 36.870653092941289 ], [ 126.595383014825615, 36.870693494306494 ], [ 126.595296669863913, 36.870725108909127 ], [ 126.595234678529962, 36.870740811773963 ], [ 126.595190982818039, 36.87076013600479 ], [ 126.595117964499224, 36.870797589708211 ], [ 126.595046736996139, 36.870816532072674 ], [ 126.595167816580613, 36.870951205333512 ], [ 126.595209005680417, 36.870950029543195 ], [ 126.595241348859389, 36.870944011905173 ] ] ] } },
{ "type": "Feature", "properties": { "PNU": "4427034036103610001", "JIBUN": "361-1전", "BCHK": "1" }, "geometry": { "type": "Polygon", "coordinates": [ [ [ 126.595231252200307, 36.871036276160041 ], [ 126.595064955270558, 36.871109943366413 ], [ 126.59506936826368, 36.871119590987398 ], [ 126.595043703532014, 36.871167234519554 ], [ 126.595068858503254, 36.871235703547491 ], [ 126.595300737013403, 36.871272083575697 ], [ 126.59526398865053, 36.871147464461373 ], [ 126.595231252200307, 36.871036276160041 ] ] ] } },
{ "type": "Feature", "properties": { "PNU": "4427034036103620000", "JIBUN": "362전", "BCHK": "1" }, "geometry": { "type": "Polygon", "coordinates": [ [ [ 126.595046736996139, 36.870816532072674 ], [ 126.595117964499224, 36.870797589708211 ], [ 126.595190982818039, 36.87076013600479 ], [ 126.595234678529962, 36.870740811773963 ], [ 126.595296669863913, 36.870725108909127 ], [ 126.595383014825615, 36.870693494306494 ], [ 126.595455756805279, 36.870653092941289 ], [ 126.595556185239758, 36.870587861301971 ], [ 126.595379947980462, 36.870412758693945 ], [ 126.595359918194546, 36.870429685277486 ], [ 126.595299727549943, 36.870463452106812 ], [ 126.595229574470082, 36.87049568928856 ], [ 126.595126877427333, 36.87052949198489 ], [ 126.594984647268319, 36.870601474648211 ], [ 126.595022780203365, 36.87067595296925 ], [ 126.595018807386225, 36.870721219190713 ], [ 126.595031117999781, 36.870788049690447 ], [ 126.595046736996139, 36.870816532072674 ] ] ] } },
{ "type": "Feature", "properties": { "PNU": "4427034036103620001", "JIBUN": "362-1전", "BCHK": "1" }, "geometry": { "type": "Polygon", "coordinates": [ [ [ 126.595052410348188, 36.871076984003217 ], [ 126.595064955270558, 36.871109943366413 ], [ 126.595231252200307, 36.871036276160041 ], [ 126.595225009684114, 36.87101196162218 ], [ 126.595241348859389, 36.870944011905173 ], [ 126.595209005680417, 36.870950029543195 ], [ 126.595167816580613, 36.870951205333512 ], [ 126.595046736996139, 36.870816532072674 ], [ 126.595031117999781, 36.870788049690447 ], [ 126.595018807386225, 36.870721219190713 ], [ 126.595022780203365, 36.87067595296925 ], [ 126.594984647268319, 36.870601474648211 ], [ 126.594936839157057, 36.870536974552479 ], [ 126.594883187453178, 36.870470436149688 ], [ 126.594835731800956, 36.870486044004778 ], [ 126.594738663434995, 36.870517955177725 ], [ 126.594766387957833, 36.870569051004068 ], [ 126.594830709249067, 36.870688141158332 ], [ 126.594911653632764, 36.870804773698218 ], [ 126.594990585377019, 36.870918155427489 ], [ 126.595023758202487, 36.87100174493014 ], [ 126.595052410348188, 36.871076984003217 ] ] ] } },
{ "type": "Feature", "properties": { "PNU": "4427034036103620002", "JIBUN": "362-2대", "BCHK": "1" }, "geometry": { "type": "Polygon", "coordinates": [ [ [ 126.595229574470082, 36.87049568928856 ], [ 126.595151602508281, 36.870419480882134 ], [ 126.595046212837062, 36.870444948308894 ], [ 126.594980102081209, 36.87046133089396 ], [ 126.594883187453178, 36.870470436149688 ], [ 126.594936839157057, 36.870536974552479 ], [ 126.594984647268319, 36.870601474648211 ], [ 126.595126877427333, 36.87052949198489 ], [ 126.595229574470082, 36.87049568928856 ] ] ] } },
{ "type": "Feature", "properties": { "PNU": "4427034036103620003", "JIBUN": "362-3전", "BCHK": "1" }, "geometry": { "type": "Polygon", "coordinates": [ [ [ 126.595556185239758, 36.870587861301971 ], [ 126.595565179316168, 36.870581575167748 ], [ 126.595632967846342, 36.870523342369999 ], [ 126.5956639389711, 36.870492377825492 ], [ 126.595695773255699, 36.87045935270519 ], [ 126.595739564888731, 36.870406751401141 ], [ 126.595805873526274, 36.87033981797881 ], [ 126.595842373961176, 36.870302384284599 ], [ 126.595736370639884, 36.87023333503447 ], [ 126.595764472787522, 36.87014639410711 ], [ 126.595804463475929, 36.870097825782651 ], [ 126.595938444126119, 36.870127159649456 ], [ 126.595936964095458, 36.870082208321278 ], [ 126.595919219440802, 36.870037733533316 ], [ 126.595870969160472, 36.869995426127957 ], [ 126.595829622676561, 36.869956178767275 ], [ 126.59577168864368, 36.869899889649489 ], [ 126.595663632213288, 36.869781976331197 ], [ 126.59562964169811, 36.869809200135215 ], [ 126.595607404080482, 36.869840816037879 ], [ 126.595598546815481, 36.869893670915708 ], [ 126.595604647498249, 36.869979159883869 ], [ 126.595604017603918, 36.870052109905565 ], [ 126.595580736196069, 36.870126560028368 ], [ 126.595547355437688, 36.870204201796831 ], [ 126.595501688763122, 36.870291353430467 ], [ 126.595431663079225, 36.870369826033766 ], [ 126.595379947980462, 36.870412758693945 ], [ 126.595556185239758, 36.870587861301971 ] ] ] } },
{ "type": "Feature", "properties": { "PNU": "4427034036103630000", "JIBUN": "363대", "BCHK": "1" }, "geometry": { "type": "Polygon", "coordinates": [ [ [ 126.59491750656737, 36.871461588126138 ], [ 126.59493344061336, 36.871477104924551 ], [ 126.594943576282958, 36.871496882199807 ], [ 126.594939456396673, 36.871516791278047 ], [ 126.594996703399943, 36.871486330650363 ], [ 126.595037763791964, 36.871456373711389 ], [ 126.595097343266062, 36.871411034969405 ], [ 126.595145910874066, 36.871369623608437 ], [ 126.595079336400119, 36.871348213010805 ], [ 126.594997470499706, 36.871302132708898 ], [ 126.594961078101178, 36.87127409339805 ], [ 126.59492157980533, 36.871252306093766 ], [ 126.594860681458414, 36.871296784234637 ], [ 126.59477770381271, 36.871357551100537 ], [ 126.594804899578591, 36.871389839394631 ], [ 126.594835701130478, 36.871410407757139 ], [ 126.594862961708728, 36.871426125237477 ], [ 126.594905768036668, 36.871450158496394 ], [ 126.59491750656737, 36.871461588126138 ] ] ] } },
{ "type": "Feature", "properties": { "PNU": "4427034036103630001", "JIBUN": "363-1 임", "BCHK": "1" }, "geometry": { "type": "Polygon", "coordinates": [ [ [ 126.593921489073935, 36.871622127139027 ], [ 126.594120398804677, 36.871032266753346 ], [ 126.594278118340483, 36.870564561627056 ], [ 126.59397646727659, 36.870384443714045 ], [ 126.593582073709612, 36.87031358144116 ], [ 126.593394584872485, 36.870513713999514 ], [ 126.593744952159611, 36.870677284135141 ], [ 126.59347512739545, 36.871589591074233 ], [ 126.593522098661509, 36.871597933051959 ], [ 126.593632614697526, 36.871617313611637 ], [ 126.593644806056545, 36.871581167431295 ], [ 126.593921489073935, 36.871622127139027 ] ] ] } },
{ "type": "Feature", "properties": { "PNU": "4427034036103630002", "JIBUN": "363-2 임", "BCHK": "1" }, "geometry": { "type": "Polygon", "coordinates": [ [ [ 126.594120398804677, 36.871032266753346 ], [ 126.593909753579425, 36.871656923267125 ], [ 126.593933218867264, 36.871664959773284 ], [ 126.59397427207162, 36.871672614617687 ], [ 126.594275980504605, 36.871536342475515 ], [ 126.594681375865633, 36.871446728918805 ], [ 126.594905768036668, 36.871450158496394 ], [ 126.594862961708728, 36.871426125237477 ], [ 126.594835701130478, 36.871410407757139 ], [ 126.594804899578591, 36.871389839394631 ], [ 126.59477770381271, 36.871357551100537 ], [ 126.594860681458414, 36.871296784234637 ], [ 126.59492157980533, 36.871252306093766 ], [ 126.594120398804677, 36.871032266753346 ] ] ] } },
{ "type": "Feature", "properties": { "PNU": "4427034036103630003", "JIBUN": "363-3 임", "BCHK": "1" }, "geometry": { "type": "Polygon", "coordinates": [ [ [ 126.594120398804677, 36.871032266753346 ], [ 126.59492157980533, 36.871252306093766 ], [ 126.594961078101178, 36.87127409339805 ], [ 126.594997470499706, 36.871302132708898 ], [ 126.595079336400119, 36.871348213010805 ], [ 126.595145910874066, 36.871369623608437 ], [ 126.595273061802089, 36.871431239069999 ], [ 126.595343838190118, 36.871476885078941 ], [ 126.595391371750367, 36.871519109160083 ], [ 126.595444045983811, 36.871545644683714 ], [ 126.595457179364217, 36.871560575215511 ], [ 126.595461559733124, 36.871587118123081 ], [ 126.595477941558272, 36.871611358905461 ], [ 126.595504917531727, 36.871638591186255 ], [ 126.595571321877259, 36.87158997736919 ], [ 126.595588058929877, 36.871535923747096 ], [ 126.595614423345438, 36.871481010686423 ], [ 126.595627607314341, 36.871452148461294 ], [ 126.595371092249195, 36.870966772104829 ], [ 126.595231252200307, 36.871036276160041 ], [ 126.59526398865053, 36.871147464461373 ], [ 126.595300737013403, 36.871272083575697 ], [ 126.595068858503254, 36.871235703547491 ], [ 126.595043703532014, 36.871167234519554 ], [ 126.59506936826368, 36.871119590987398 ], [ 126.595064955270558, 36.871109943366413 ], [ 126.595055286634079, 36.871084535881437 ], [ 126.595030069792472, 36.871093938726546 ], [ 126.594635896293738, 36.870778038623087 ], [ 126.59444527307879, 36.87066436703126 ], [ 126.594278118340483, 36.870564561627056 ], [ 126.594120398804677, 36.871032266753346 ] ] ] } },
{ "type": "Feature", "properties": { "PNU": "4427034036103630004", "JIBUN": "363-4 임", "BCHK": "1" }, "geometry": { "type": "Polygon", "coordinates": [ [ [ 126.593632614697526, 36.871617313611637 ], [ 126.593665568941717, 36.871623093735934 ], [ 126.593719006851913, 36.871634458292064 ], [ 126.59374597001171, 36.871638496906272 ], [ 126.593774566285603, 36.871641234498298 ], [ 126.593825719803419, 36.87163704744755 ], [ 126.593843085251834, 36.871638440196698 ], [ 126.593876850727511, 36.871645646745016 ], [ 126.593909753579425, 36.871656923267125 ], [ 126.593921489073935, 36.871622127139027 ], [ 126.593644806056545, 36.871581167431295 ], [ 126.593632614697526, 36.871617313611637 ] ] ] } },
{ "type": "Feature", "properties": { "PNU": "4427034036103640000", "JIBUN": "364 대", "BCHK": "1" }, "geometry": { "type": "Polygon", "coordinates": [ [ [ 126.595134552671865, 36.871691084474364 ], [ 126.595144796039762, 36.871675467336139 ], [ 126.595187904069149, 36.871657096286 ], [ 126.595261880755928, 36.871650832477322 ], [ 126.595342515545738, 36.871651709812689 ], [ 126.595419726289805, 36.871659621991718 ], [ 126.595466367021842, 36.871656211884456 ], [ 126.595504917531727, 36.871638591186255 ], [ 126.595477941558272, 36.871611358905461 ], [ 126.595461559733124, 36.871587118123081 ], [ 126.595457179364217, 36.871560575215511 ], [ 126.595444045983811, 36.871545644683714 ], [ 126.595391371750367, 36.871519109160083 ], [ 126.595343838190118, 36.871476885078941 ], [ 126.595273061802089, 36.871431239069999 ], [ 126.595145910874066, 36.871369623608437 ], [ 126.595097343266062, 36.871411034969405 ], [ 126.595037763791964, 36.871456373711389 ], [ 126.594996703399943, 36.871486330650363 ], [ 126.594939456396673, 36.871516791278047 ], [ 126.594943472967913, 36.871537836328137 ], [ 126.594940979817068, 36.871542729783208 ], [ 126.595124534630273, 36.871695844258603 ], [ 126.595134552671865, 36.871691084474364 ] ] ] } },
{ "type": "Feature", "properties": { "PNU": "4427034036103640001", "JIBUN": "364-1 전", "BCHK": "1" }, "geometry": { "type": "Polygon", "coordinates": [ [ [ 126.594924502412141, 36.871575058947606 ], [ 126.594889463044211, 36.871624499812384 ], [ 126.594864905460085, 36.871644988250452 ], [ 126.594890445369444, 36.871682929735677 ], [ 126.594946304021519, 36.871709602447616 ], [ 126.594980345022861, 36.871709231463129 ], [ 126.595009229534426, 36.87170409422248 ], [ 126.595045401308766, 36.871690962028779 ], [ 126.595085497976228, 36.871699253014832 ], [ 126.595114516587429, 36.871700604041955 ], [ 126.595124534630273, 36.871695844258603 ], [ 126.594940979817068, 36.871542729783208 ], [ 126.594924502412141, 36.871575058947606 ] ] ] } },
{ "type": "Feature", "properties": { "PNU": "4427034036103650000", "JIBUN": "365전", "BCHK": "1" }, "geometry": { "type": "Polygon", "coordinates": [ [ [ 126.595571321877259, 36.87158997736919 ], [ 126.595591237512153, 36.871603372000408 ], [ 126.595795149143214, 36.871547285635103 ], [ 126.595764898636133, 36.871537054875596 ], [ 126.59573272317553, 36.87152177148716 ], [ 126.595706860032124, 36.87150259876244 ], [ 126.595742739228186, 36.871476796056861 ], [ 126.595779448303219, 36.871431775931086 ], [ 126.595815846769071, 36.87139036810661 ], [ 126.595706095217267, 36.871391951490132 ], [ 126.595671736450186, 36.871418687460768 ], [ 126.595627607314341, 36.871452148461294 ], [ 126.595614423345438, 36.871481010686423 ], [ 126.595588058929877, 36.871535923747096 ], [ 126.595571321877259, 36.87158997736919 ] ] ] } },
{ "type": "Feature", "properties": { "PNU": "4427034036103660000", "JIBUN": "366전", "BCHK": "1" }, "geometry": { "type": "Polygon", "coordinates": [ [ [ 126.595815846769071, 36.87139036810661 ], [ 126.595779448303219, 36.871431775931086 ], [ 126.595742739228186, 36.871476796056861 ], [ 126.595706860032124, 36.87150259876244 ], [ 126.59573272317553, 36.87152177148716 ], [ 126.595764898636133, 36.871537054875596 ], [ 126.595795149143214, 36.871547285635103 ], [ 126.595816448866827, 36.871555539703095 ], [ 126.595936871861696, 36.871550811528564 ], [ 126.595993436823122, 36.871530566455014 ], [ 126.59602892403656, 36.871508916354003 ], [ 126.596081581051607, 36.871442576325933 ], [ 126.596116722281394, 36.871397073208477 ], [ 126.596172721776668, 36.871347757011904 ], [ 126.596249681637786, 36.871285842437011 ], [ 126.596300351843411, 36.871260396000665 ], [ 126.596253290702123, 36.871252063826859 ], [ 126.596174376273254, 36.871258978341849 ], [ 126.596110423443989, 36.871267988941781 ], [ 126.596019310238958, 36.871280620000874 ], [ 126.595947867301447, 36.871304238823932 ], [ 126.595860626750493, 36.871358954712235 ], [ 126.595815846769071, 36.87139036810661 ] ] ] } },
{ "type": "Feature", "properties": { "PNU": "4427034036103670000", "JIBUN": "367전", "BCHK": "1" }, "geometry": { "type": "Polygon", "coordinates": [ [ [ 126.596641740445847, 36.871412023829158 ], [ 126.596574625195714, 36.871358884905213 ], [ 126.596538791625747, 36.871313979585246 ], [ 126.596522197451947, 36.87127456389446 ], [ 126.596489953761122, 36.871255171514761 ], [ 126.596449794996218, 36.871252323367997 ], [ 126.596396836254755, 36.871260776601375 ], [ 126.596339877530653, 36.87130056515057 ], [ 126.596257645311539, 36.871354144887647 ], [ 126.596222897117599, 36.871376049864587 ], [ 126.596169179266809, 36.871420156506332 ], [ 126.596140556455865, 36.871443857343017 ], [ 126.59611447431972, 36.871481380465902 ], [ 126.596064725961909, 36.871551262626618 ], [ 126.596040996330913, 36.871582882558073 ], [ 126.59611391014991, 36.871588923490073 ], [ 126.596192497491771, 36.871580286829747 ], [ 126.596265867270986, 36.871580652353579 ], [ 126.596374542291088, 36.871596203517569 ], [ 126.596544783278674, 36.871619532002057 ], [ 126.596571212656784, 36.871603464881446 ], [ 126.596608908445077, 36.871539146516888 ], [ 126.596627782801633, 36.871477314568139 ], [ 126.596641740445847, 36.871412023829158 ] ] ] } },
{ "type": "Feature", "properties": { "PNU": "4427034036103680000", "JIBUN": "368전", "BCHK": "1" }, "geometry": { "type": "Polygon", "coordinates": [ [ [ 126.596585807153076, 36.871846871263571 ], [ 126.59667075822469, 36.871869523588494 ], [ 126.596774040608665, 36.871893346167262 ], [ 126.596877517168252, 36.871922936280015 ], [ 126.596916106974149, 36.871938475319588 ], [ 126.596970906675551, 36.871946932500826 ], [ 126.596994899798446, 36.87192277428931 ], [ 126.59701498352139, 36.871886978820292 ], [ 126.597025514983812, 36.871859107687087 ], [ 126.59708644453103, 36.871814943925465 ], [ 126.596974925656298, 36.871768377340885 ], [ 126.596910639454393, 36.871748885808429 ], [ 126.596792049493217, 36.87171408139443 ], [ 126.596615425872741, 36.871660923663647 ], [ 126.596545424045615, 36.871647071439746 ], [ 126.596481424829676, 36.871641340270251 ], [ 126.596424400848349, 36.871637903412179 ], [ 126.59639372883565, 36.871639592789535 ], [ 126.596387163497184, 36.871666080601315 ], [ 126.596377223387591, 36.871692358752576 ], [ 126.596385174986167, 36.87173304278204 ], [ 126.596404598765233, 36.871763276959747 ], [ 126.596434866226801, 36.871781004671526 ], [ 126.596459048936993, 36.871793449430669 ], [ 126.596510142938158, 36.871819871004838 ], [ 126.596585807153076, 36.871846871263571 ] ] ] } },
{ "type": "Feature", "properties": { "PNU": "4427034036103690000", "JIBUN": "369전", "BCHK": "1" }, "geometry": { "type": "Polygon", "coordinates": [ [ [ 126.596662563009644, 36.872192148679787 ], [ 126.59675278062447, 36.872121574106437 ], [ 126.596783898524649, 36.87208189624819 ], [ 126.596814901393003, 36.872057752760576 ], [ 126.5968441973083, 36.872038307177569 ], [ 126.596926504828659, 36.871985403112689 ], [ 126.596970906675551, 36.871946932500826 ], [ 126.596916106974149, 36.871938475319588 ], [ 126.596877517168252, 36.871922936280015 ], [ 126.596774040608665, 36.871893346167262 ], [ 126.59667075822469, 36.871869523588494 ], [ 126.596585807153076, 36.871846871263571 ], [ 126.59655051759664, 36.871897149784523 ], [ 126.596533297437688, 36.871927935797586 ], [ 126.59650675382666, 36.871942236388385 ], [ 126.596442848486078, 36.871997716465998 ], [ 126.596454686508693, 36.872022320196031 ], [ 126.596451694896359, 36.872064553108423 ], [ 126.596482362703384, 36.872192088819595 ], [ 126.596495678677897, 36.872202199029623 ], [ 126.59653110198299, 36.872201336679353 ], [ 126.596565583386749, 36.872204715259791 ], [ 126.596595858653217, 36.872212431861904 ], [ 126.596662563009644, 36.872192148679787 ] ] ] } },
{ "type": "Feature", "properties": { "PNU": "4427034036103700000", "JIBUN": "370대", "BCHK": "1" }, "geometry": { "type": "Polygon", "coordinates": [ [ [ 126.596496935537132, 36.872356136244647 ], [ 126.59655186311241, 36.872380903754923 ], [ 126.59658652900832, 36.872359791366065 ], [ 126.596606069646697, 36.872324958297476 ], [ 126.59663408657326, 36.87225424551194 ], [ 126.596662563009644, 36.872192148679787 ], [ 126.596595858653217, 36.872212431861904 ], [ 126.596565583386749, 36.872204715259791 ], [ 126.59653110198299, 36.872201336679353 ], [ 126.596495678677897, 36.872202199029623 ], [ 126.596443427055462, 36.872212564980742 ], [ 126.596472388934117, 36.872344609373044 ], [ 126.596496935537132, 36.872356136244647 ] ] ] } },
{ "type": "Feature", "properties": { "PNU": "4427034036103700001", "JIBUN": "370-1전", "BCHK": "1" }, "geometry": { "type": "Polygon", "coordinates": [ [ [ 126.596206987166212, 36.872502068437669 ], [ 126.596360445550388, 36.872569322499658 ], [ 126.596395247080537, 36.872513807066085 ], [ 126.596461093528802, 36.87241118863431 ], [ 126.596496935537132, 36.872356136244647 ], [ 126.596472388934117, 36.872344609373044 ], [ 126.596443427055462, 36.872212564980742 ], [ 126.596495678677897, 36.872202199029623 ], [ 126.596482362703384, 36.872192088819595 ], [ 126.596451694896359, 36.872064553108423 ], [ 126.596454686508693, 36.872022320196031 ], [ 126.596442848486078, 36.871997716465998 ], [ 126.596411722633803, 36.871987536974729 ], [ 126.596381189554393, 36.871962698769345 ], [ 126.596351641036563, 36.871916931599166 ], [ 126.596353550886874, 36.871850005198517 ], [ 126.5963221411495, 36.871780614187756 ], [ 126.596315360885981, 36.871756108660449 ], [ 126.596281804497451, 36.871775278377008 ], [ 126.596236345901445, 36.871788514672303 ], [ 126.596253975646221, 36.871855011618791 ], [ 126.596210150514167, 36.871903215672312 ], [ 126.596251002116091, 36.87198146033149 ], [ 126.596266747789684, 36.872011582959637 ], [ 126.596277205779771, 36.872070495489986 ], [ 126.596296219613478, 36.872178915753935 ], [ 126.596299032581129, 36.872277711616945 ], [ 126.596248575643216, 36.872315828073859 ], [ 126.596252900834841, 36.872376476965115 ], [ 126.596255626889786, 36.872414845533221 ], [ 126.596206987166212, 36.872502068437669 ] ] ] } },
{ "type": "Feature", "properties": { "PNU": "4427034036103700002", "JIBUN": "370-2대", "BCHK": "1" }, "geometry": { "type": "Polygon", "coordinates": [ [ [ 126.596206987166212, 36.872502068437669 ], [ 126.596153944603387, 36.872584059110061 ], [ 126.596098443091748, 36.872621653809823 ], [ 126.5960167077818, 36.872676415472725 ], [ 126.596031770028802, 36.872781218028528 ], [ 126.596167847988823, 36.872830707078606 ], [ 126.596202316252914, 36.872761800401136 ], [ 126.596224610046306, 36.872717452213926 ], [ 126.596280989165649, 36.872655801363059 ], [ 126.596360445550388, 36.872569322499658 ], [ 126.596206987166212, 36.872502068437669 ] ] ] } },
{ "type": "Feature", "properties": { "PNU": "4427034036103710000", "JIBUN": "371전", "BCHK": "1" }, "geometry": { "type": "Polygon", "coordinates": [ [ [ 126.596442848486078, 36.871997716465998 ], [ 126.59650675382666, 36.871942236388385 ], [ 126.596533297437688, 36.871927935797586 ], [ 126.59655051759664, 36.871897149784523 ], [ 126.596585807153076, 36.871846871263571 ], [ 126.596510142938158, 36.871819871004838 ], [ 126.596459048936993, 36.871793449430669 ], [ 126.596434866226801, 36.871781004671526 ], [ 126.596404598765233, 36.871763276959747 ], [ 126.596385174986167, 36.87173304278204 ], [ 126.596377223387591, 36.871692358752576 ], [ 126.596387163497184, 36.871666080601315 ], [ 126.596369188415807, 36.871656882732729 ], [ 126.596337850749919, 36.87166787808895 ], [ 126.596323814189745, 36.871681851521984 ], [ 126.596315360885981, 36.871756108660449 ], [ 126.5963221411495, 36.871780614187756 ], [ 126.596353550886874, 36.871850005198517 ], [ 126.596351641036563, 36.871916931599166 ], [ 126.596381189554393, 36.871962698769345 ], [ 126.596411722633803, 36.871987536974729 ], [ 126.596442848486078, 36.871997716465998 ] ] ] } },
{ "type": "Feature", "properties": { "PNU": "4427034036103720000", "JIBUN": "372전", "BCHK": "1" }, "geometry": { "type": "Polygon", "coordinates": [ [ [ 126.596236345901445, 36.871788514672303 ], [ 126.596281804497451, 36.871775278377008 ], [ 126.596315360885981, 36.871756108660449 ], [ 126.596323814189745, 36.871681851521984 ], [ 126.596337850749919, 36.87166787808895 ], [ 126.596369188415807, 36.871656882732729 ], [ 126.596376911402587, 36.871636346024779 ], [ 126.596366135164658, 36.871610322158816 ], [ 126.596317470233842, 36.871599803948151 ], [ 126.596253866493015, 36.871593524330677 ], [ 126.596192904509437, 36.871594633539551 ], [ 126.596115635710817, 36.871599922615218 ], [ 126.596048432894065, 36.87159771263191 ], [ 126.595919418272544, 36.871606809124224 ], [ 126.595824380599282, 36.871614903270896 ], [ 126.59584880987704, 36.871682901105558 ], [ 126.59593854640147, 36.871691197805013 ], [ 126.595995110896325, 36.871715944086525 ], [ 126.596002261255606, 36.871729745952386 ], [ 126.595998681044023, 36.871747314064805 ], [ 126.595995064711218, 36.871784588863378 ], [ 126.596135073156134, 36.871794290182876 ], [ 126.596224574056833, 36.871791944011839 ], [ 126.596236345901445, 36.871788514672303 ] ] ] } },
{ "type": "Feature", "properties": { "PNU": "4427034036103730000", "JIBUN": "373대", "BCHK": "1" }, "geometry": { "type": "Polygon", "coordinates": [ [ [ 126.595734734575728, 36.871873464193655 ], [ 126.595867495784816, 36.871887844946315 ], [ 126.595981400934889, 36.871898485236819 ], [ 126.595995064711218, 36.871784588863378 ], [ 126.595998681044023, 36.871747314064805 ], [ 126.596002261255606, 36.871729745952386 ], [ 126.595995110896325, 36.871715944086525 ], [ 126.59593854640147, 36.871691197805013 ], [ 126.59584880987704, 36.871682901105558 ], [ 126.595824380599282, 36.871614903270896 ], [ 126.595772414542182, 36.871622206195141 ], [ 126.595723040679829, 36.871637780866202 ], [ 126.595635922589381, 36.871671213286227 ], [ 126.595577375143861, 36.871705859873778 ], [ 126.595592495257662, 36.871711957447445 ], [ 126.595620097912715, 36.871718115363421 ], [ 126.59571109785017, 36.871718622101398 ], [ 126.595752004088752, 36.871816249534604 ], [ 126.595734734575728, 36.871873464193655 ] ] ] } },
{ "type": "Feature", "properties": { "PNU": "4427034036103740000", "JIBUN": "374전", "BCHK": "1" }, "geometry": { "type": "Polygon", "coordinates": [ [ [ 126.595399226866718, 36.871723169310528 ], [ 126.595402205078457, 36.871722007998372 ], [ 126.595459141971631, 36.871718542712543 ], [ 126.595499615178028, 36.871712813896956 ], [ 126.595550374288749, 36.871700433870437 ], [ 126.59561004043023, 36.871668467322479 ], [ 126.595648068811357, 36.87164988965354 ], [ 126.595767432143973, 36.87160777189014 ], [ 126.595761195341169, 36.871595144521557 ], [ 126.595735058472073, 36.871596056141762 ], [ 126.595702984694526, 36.871599849137063 ], [ 126.595663018851397, 36.871615762044101 ], [ 126.595597817863023, 36.871644538020355 ], [ 126.595571250806643, 36.871654747380738 ], [ 126.595533710816525, 36.871672155266019 ], [ 126.595503891816691, 36.871686525623616 ], [ 126.595458517999703, 36.871696418870052 ], [ 126.595407537260328, 36.87169761559548 ], [ 126.595399226866718, 36.871723169310528 ] ] ] } },
{ "type": "Feature", "properties": { "PNU": "4427034036103750000", "JIBUN": "375전", "BCHK": "1" }, "geometry": { "type": "Polygon", "coordinates": [ [ [ 126.595497922684245, 36.871844961815214 ], [ 126.595734734575728, 36.871873464193655 ], [ 126.595752004088752, 36.871816249534604 ], [ 126.59571109785017, 36.871718622101398 ], [ 126.595620097912715, 36.871718115363421 ], [ 126.595592495257662, 36.871711957447445 ], [ 126.595577375143861, 36.871705859873778 ], [ 126.595530119603055, 36.871721684941015 ], [ 126.595515273497966, 36.871755227177765 ], [ 126.595502169605027, 36.871822196698268 ], [ 126.595497922684245, 36.871844961815214 ] ] ] } },
{ "type": "Feature", "properties": { "PNU": "4427034036103760000", "JIBUN": "376대", "BCHK": "1" }, "geometry": { "type": "Polygon", "coordinates": [ [ [ 126.59575929566239, 36.871956943192878 ], [ 126.595734734575728, 36.871873464193655 ], [ 126.595497922684245, 36.871844961815214 ], [ 126.59548418029226, 36.871892564772914 ], [ 126.595462066813738, 36.87196659529706 ], [ 126.595462165287103, 36.872018291083791 ], [ 126.595473664423452, 36.872036892511176 ], [ 126.595479851069456, 36.872061197831826 ], [ 126.595542378424199, 36.872058940904807 ], [ 126.595640795300795, 36.872026835420478 ], [ 126.595765356275137, 36.871977499543434 ], [ 126.59575929566239, 36.871956943192878 ] ] ] } },
{ "type": "Feature", "properties": { "PNU": "4427034036103760001", "JIBUN": "376-1임", "BCHK": "1" }, "geometry": { "type": "Polygon", "coordinates": [ [ [ 126.595479851069456, 36.872061197831826 ], [ 126.595942430475219, 36.872250417546375 ], [ 126.596150579106421, 36.871947068200186 ], [ 126.596001933947775, 36.871935319205342 ], [ 126.59575929566239, 36.871956943192878 ], [ 126.595765356275137, 36.871977499543434 ], [ 126.595640795300795, 36.872026835420478 ], [ 126.595542378424199, 36.872058940904807 ], [ 126.595479851069456, 36.872061197831826 ] ] ] } },
{ "type": "Feature", "properties": { "PNU": "4427034036103760002", "JIBUN": "376-2임", "BCHK": "1" }, "geometry": { "type": "Polygon", "coordinates": [ [ [ 126.596252900834841, 36.872376476965115 ], [ 126.596248575643216, 36.872315828073859 ], [ 126.596299032581129, 36.872277711616945 ], [ 126.596296219613478, 36.872178915753935 ], [ 126.596277205779771, 36.872070495489986 ], [ 126.596266747789684, 36.872011582959637 ], [ 126.596251002116091, 36.87198146033149 ], [ 126.596198396509976, 36.871965251873867 ], [ 126.595977807584873, 36.872264774590569 ], [ 126.596252900834841, 36.872376476965115 ] ] ] } },
{ "type": "Feature", "properties": { "PNU": "4427034036103760003", "JIBUN": "376-3임", "BCHK": "1" }, "geometry": { "type": "Polygon", "coordinates": [ [ [ 126.595977807584873, 36.872264774590569 ], [ 126.596198396509976, 36.871965251873867 ], [ 126.596251002116091, 36.87198146033149 ], [ 126.596210150514167, 36.871903215672312 ], [ 126.596253975646221, 36.871855011618791 ], [ 126.596236345901445, 36.871788514672303 ], [ 126.596224574056833, 36.871791944011839 ], [ 126.596135073156134, 36.871794290182876 ], [ 126.595995064711218, 36.871784588863378 ], [ 126.595981400934889, 36.871898485236819 ], [ 126.595867495784816, 36.871887844946315 ], [ 126.595734734575728, 36.871873464193655 ], [ 126.59575929566239, 36.871956943192878 ], [ 126.596001933947775, 36.871935319205342 ], [ 126.596150579106421, 36.871947068200186 ], [ 126.595942430475219, 36.872250417546375 ], [ 126.595977807584873, 36.872264774590569 ] ] ] } },
{ "type": "Feature", "properties": { "PNU": "4427034036103770000", "JIBUN": "377대", "BCHK": "1" }, "geometry": { "type": "Polygon", "coordinates": [ [ [ 126.595316526186323, 36.872565496653039 ], [ 126.595384994463814, 36.872557556077638 ], [ 126.595411207512853, 36.872505931532437 ], [ 126.59541873023781, 36.872459541981613 ], [ 126.595431340632629, 36.872369133491212 ], [ 126.595443985508382, 36.872274291759297 ], [ 126.595410319988432, 36.872250118497419 ], [ 126.595407198000103, 36.872248756273947 ], [ 126.595393468029499, 36.872242753501808 ], [ 126.595370177705149, 36.872254713032412 ], [ 126.595309774266198, 36.872243343605234 ], [ 126.595276687851708, 36.872243429574361 ], [ 126.595241158797492, 36.872285732254056 ], [ 126.59521858852186, 36.87233991920732 ], [ 126.595204797804357, 36.872407327889839 ], [ 126.595184162772441, 36.872496591768389 ], [ 126.595247003502649, 36.872573460643302 ], [ 126.595316526186323, 36.872565496653039 ] ] ] } },
{ "type": "Feature", "properties": { "PNU": "4427034036103770001", "JIBUN": "377-1임", "BCHK": "1" }, "geometry": { "type": "Polygon", "coordinates": [ [ [ 126.594826830086689, 36.872934046269158 ], [ 126.595108769527755, 36.872917054056103 ], [ 126.595123121549392, 36.872917823648557 ], [ 126.595092988672292, 36.872772123480182 ], [ 126.595089170064185, 36.872596136947152 ], [ 126.595247003502649, 36.872573460643302 ], [ 126.595184162772441, 36.872496591768389 ], [ 126.595204797804357, 36.872407327889839 ], [ 126.59521858852186, 36.87233991920732 ], [ 126.595241158797492, 36.872285732254056 ], [ 126.595207771950001, 36.872272562171894 ], [ 126.59517114553644, 36.872271861160769 ], [ 126.595123636172076, 36.872265491391367 ], [ 126.595070834299889, 36.872246091915855 ], [ 126.595044805658503, 36.872230648993899 ], [ 126.595050980320437, 36.872293457808368 ], [ 126.59498444913811, 36.872453409393096 ], [ 126.594915260906944, 36.872621632914189 ], [ 126.594906013102587, 36.872644110694466 ], [ 126.594852480850292, 36.872771982541266 ], [ 126.594826683182262, 36.872834097040339 ], [ 126.594826830086689, 36.872934046269158 ] ] ] } },
{ "type": "Feature", "properties": { "PNU": "4427034036103770002", "JIBUN": "377-2임", "BCHK": "1" }, "geometry": { "type": "Polygon", "coordinates": [ [ [ 126.594830557949621, 36.873131424329443 ], [ 126.595155622418488, 36.873071794824845 ], [ 126.595248858626178, 36.872924585073633 ], [ 126.595123121549392, 36.872917823648557 ], [ 126.595108769527755, 36.872917054056103 ], [ 126.594826830086689, 36.872934046269158 ], [ 126.594830557949621, 36.873131424329443 ] ] ] } },
{ "type": "Feature", "properties": { "PNU": "4427034036103770003", "JIBUN": "377-3임", "BCHK": "1" }, "geometry": { "type": "Polygon", "coordinates": [ [ [ 126.594830557949621, 36.873131424329443 ], [ 126.594831540262689, 36.87318345651066 ], [ 126.595153873260458, 36.873114356304342 ], [ 126.595155622418488, 36.873071794824845 ], [ 126.594830557949621, 36.873131424329443 ] ] ] } },
{ "type": "Feature", "properties": { "PNU": "4427034036103770004", "JIBUN": "377-4임", "BCHK": "1" }, "geometry": { "type": "Polygon", "coordinates": [ [ [ 126.595248858626178, 36.872924585073633 ], [ 126.595258024245567, 36.872879327472582 ], [ 126.595273285306078, 36.872796785492653 ], [ 126.595299865853036, 36.872656080614178 ], [ 126.595316526186323, 36.872565496653039 ], [ 126.595247003502649, 36.872573460643302 ], [ 126.595089170064185, 36.872596136947152 ], [ 126.595092988672292, 36.872772123480182 ], [ 126.595123121549392, 36.872917823648557 ], [ 126.595248858626178, 36.872924585073633 ] ] ] } },
{ "type": "Feature", "properties": { "PNU": "4427034036103780000", "JIBUN": "378전", "BCHK": "1" }, "geometry": { "type": "Polygon", "coordinates": [ [ [ 126.595276687851708, 36.872243429574361 ], [ 126.595309774266198, 36.872243343605234 ], [ 126.595370177705149, 36.872254713032412 ], [ 126.595393468029499, 36.872242753501808 ], [ 126.595418401328757, 36.87221694079782 ], [ 126.595437381879464, 36.8721820699784 ], [ 126.595443294973308, 36.872123969822837 ], [ 126.595456568815649, 36.872071634567611 ], [ 126.595452940081401, 36.872047184736942 ], [ 126.595441249568708, 36.872000973303983 ], [ 126.595446075301126, 36.871966243696455 ], [ 126.59531148708966, 36.871968706630689 ], [ 126.595281966097204, 36.871994629898367 ], [ 126.595244552901917, 36.872026275320593 ], [ 126.595245297490735, 36.872080910848027 ], [ 126.595277307788265, 36.872159639453031 ], [ 126.595278429245923, 36.872210861132345 ], [ 126.595276687851708, 36.872243429574361 ] ] ] } },
{ "type": "Feature", "properties": { "PNU": "4427034036103790000", "JIBUN": "379전", "BCHK": "1" }, "geometry": { "type": "Polygon", "coordinates": [ [ [ 126.595446075301126, 36.871966243696455 ], [ 126.595447229133796, 36.871957966605962 ], [ 126.595474734423874, 36.871858868065061 ], [ 126.595491346415784, 36.871794487559569 ], [ 126.595498524949676, 36.871764487632667 ], [ 126.595502747234079, 36.87173146804318 ], [ 126.595419714005615, 36.871738791597856 ], [ 126.595356850585731, 36.871753824757754 ], [ 126.595257554708823, 36.871793171778648 ], [ 126.595170883694195, 36.871837490523482 ], [ 126.595237297900383, 36.871836139027074 ], [ 126.595294983521654, 36.87184174131265 ], [ 126.595338514666437, 36.871866641919517 ], [ 126.59531148708966, 36.871968706630689 ], [ 126.595446075301126, 36.871966243696455 ] ] ] } },
{ "type": "Feature", "properties": { "PNU": "4427034036103800000", "JIBUN": "380전", "BCHK": "1" }, "geometry": { "type": "Polygon", "coordinates": [ [ [ 126.59499805869325, 36.871947179006924 ], [ 126.595099097267749, 36.871949729729714 ], [ 126.595112349767078, 36.871892961083553 ], [ 126.595140995482481, 36.871843669658915 ], [ 126.595021844225229, 36.871866657398762 ], [ 126.594954713124153, 36.871876359431354 ], [ 126.594891555139341, 36.871874865379063 ], [ 126.594873747978298, 36.871916903752691 ], [ 126.59491349216934, 36.871932519449658 ], [ 126.59499805869325, 36.871947179006924 ] ] ] } },
{ "type": "Feature", "properties": { "PNU": "4427034036103800001", "JIBUN": "380-1전", "BCHK": "1" }, "geometry": { "type": "Polygon", "coordinates": [ [ [ 126.59531148708966, 36.871968706630689 ], [ 126.595338514666437, 36.871866641919517 ], [ 126.595294983521654, 36.87184174131265 ], [ 126.595237297900383, 36.871836139027074 ], [ 126.595170883694195, 36.871837490523482 ], [ 126.595140995482481, 36.871843669658915 ], [ 126.595112349767078, 36.871892961083553 ], [ 126.595099097267749, 36.871949729729714 ], [ 126.595193647759928, 36.871951195061229 ], [ 126.595227478588257, 36.871971620417646 ], [ 126.595277957393364, 36.871976333207918 ], [ 126.59531148708966, 36.871968706630689 ] ] ] } },
{ "type": "Feature", "properties": { "PNU": "4427034036103810000", "JIBUN": "381전", "BCHK": "1" }, "geometry": { "type": "Polygon", "coordinates": [ [ [ 126.595276687851708, 36.872243429574361 ], [ 126.595278429245923, 36.872210861132345 ], [ 126.595277307788265, 36.872159639453031 ], [ 126.595245297490735, 36.872080910848027 ], [ 126.595244552901917, 36.872026275320593 ], [ 126.595281966097204, 36.871994629898367 ], [ 126.59531148708966, 36.871968706630689 ], [ 126.595277957393364, 36.871976333207918 ], [ 126.595227478588257, 36.871971620417646 ], [ 126.595193647759928, 36.871951195061229 ], [ 126.595099097267749, 36.871949729729714 ], [ 126.59499805869325, 36.871947179006924 ], [ 126.595002046322108, 36.871997184942366 ], [ 126.594994384041101, 36.872031688637698 ], [ 126.59503451563198, 36.872071752142574 ], [ 126.595049468772416, 36.872101070270482 ], [ 126.595053820940976, 36.872130820969907 ], [ 126.59503607338192, 36.872150873007705 ], [ 126.595024199705591, 36.872218414332586 ], [ 126.595044805658503, 36.872230648993899 ], [ 126.595070834299889, 36.872246091915855 ], [ 126.595123636172076, 36.872265491391367 ], [ 126.59517114553644, 36.872271861160769 ], [ 126.595207771950001, 36.872272562171894 ], [ 126.595241158797492, 36.872285732254056 ], [ 126.595276687851708, 36.872243429574361 ] ] ] } },
{ "type": "Feature", "properties": { "PNU": "4427034036103820000", "JIBUN": "382대", "BCHK": "1" }, "geometry": { "type": "Polygon", "coordinates": [ [ [ 126.594555693816048, 36.872386200202214 ], [ 126.59461984192184, 36.872421254335286 ], [ 126.594743603436143, 36.872453726644267 ], [ 126.594763827470985, 36.87240641612766 ], [ 126.594782893157912, 36.872331996928935 ], [ 126.594784940722178, 36.872277524073283 ], [ 126.594720177834148, 36.872288955096813 ], [ 126.594620185495046, 36.87228358719986 ], [ 126.59459998248073, 36.87231624606499 ], [ 126.594555693816048, 36.872386200202214 ] ] ] } },
{ "type": "Feature", "properties": { "PNU": "4427034036103830000", "JIBUN": "383 대", "BCHK": "1" }, "geometry": { "type": "Polygon", "coordinates": [ [ [ 126.594555693816048, 36.872386200202214 ], [ 126.59459998248073, 36.87231624606499 ], [ 126.594620185495046, 36.87228358719986 ], [ 126.594720177834148, 36.872288955096813 ], [ 126.594784940722178, 36.872277524073283 ], [ 126.594835328266896, 36.872252726092235 ], [ 126.594911955928424, 36.872190378747334 ], [ 126.594677128459381, 36.872038333221454 ], [ 126.59462868601274, 36.872096315828294 ], [ 126.594581184325264, 36.872169448910874 ], [ 126.594562289104573, 36.872245544683018 ], [ 126.594535898836256, 36.872290266101409 ], [ 126.594487960245559, 36.872369651212708 ], [ 126.594480676556671, 36.872434432732838 ], [ 126.594555693816048, 36.872386200202214 ] ] ] } },
{ "type": "Feature", "properties": { "PNU": "4427034036103830001", "JIBUN": "383-1 전", "BCHK": "1" }, "geometry": { "type": "Polygon", "coordinates": [ [ [ 126.594904033374803, 36.872218916345396 ], [ 126.594918768946997, 36.872210712423083 ], [ 126.594954452748098, 36.872188054095545 ], [ 126.595000292324187, 36.872168575042693 ], [ 126.59503607338192, 36.872150873007705 ], [ 126.595053820940976, 36.872130820969907 ], [ 126.595049468772416, 36.872101070270482 ], [ 126.59503451563198, 36.872071752142574 ], [ 126.594994384041101, 36.872031688637698 ], [ 126.595002046322108, 36.871997184942366 ], [ 126.59499805869325, 36.871947179006924 ], [ 126.59491349216934, 36.871932519449658 ], [ 126.594873747978298, 36.871916903752691 ], [ 126.594891555139341, 36.871874865379063 ], [ 126.59484566281381, 36.871898002631816 ], [ 126.594798358069298, 36.871906077877867 ], [ 126.594769266905985, 36.871899319995364 ], [ 126.594731092854914, 36.871926331075592 ], [ 126.594718568137722, 36.871951320757162 ], [ 126.594717201457513, 36.871982971354733 ], [ 126.594703505424221, 36.872006758606389 ], [ 126.594677128459381, 36.872038333221454 ], [ 126.594911955928424, 36.872190378747334 ], [ 126.594835328266896, 36.872252726092235 ], [ 126.594904033374803, 36.872218916345396 ] ] ] } },
{ "type": "Feature", "properties": { "PNU": "4427034036103840000", "JIBUN": "384전", "BCHK": "1" }, "geometry": { "type": "Polygon", "coordinates": [ [ [ 126.594790981309615, 36.871828784468967 ], [ 126.594848753532304, 36.871839235121904 ], [ 126.59488236286478, 36.871844179122022 ], [ 126.594942429715928, 36.871849104839569 ], [ 126.595000414202858, 36.871844796308423 ], [ 126.595037000011047, 36.871821194874087 ], [ 126.595061068898161, 36.871808327951527 ], [ 126.595122805393203, 36.871807131844072 ], [ 126.595165136466136, 36.871782964165504 ], [ 126.595231636739214, 36.871767366753147 ], [ 126.595280170899599, 36.871745148414512 ], [ 126.595355577810238, 36.871720714443299 ], [ 126.595356314575142, 36.871695765798606 ], [ 126.59533467718208, 36.871685609205663 ], [ 126.595292932144872, 36.871683656374344 ], [ 126.595240562857796, 36.871690840555907 ], [ 126.595194577517475, 36.871699713396019 ], [ 126.595144441598748, 36.871730072103944 ], [ 126.595109001107986, 36.871740638707671 ], [ 126.595044465791815, 36.871732354863845 ], [ 126.594978994269354, 36.871740008063448 ], [ 126.594924920741164, 36.871734291740196 ], [ 126.594852622081802, 36.871705121223627 ], [ 126.594790981309615, 36.871828784468967 ] ] ] } },
{ "type": "Feature", "properties": { "PNU": "4427034036103850000", "JIBUN": "385천", "BCHK": "1" }, "geometry": { "type": "Polygon", "coordinates": [ [ [ 126.594265351263346, 36.871680480495264 ], [ 126.594307076858271, 36.871688245642815 ], [ 126.594361530015249, 36.871685754620927 ], [ 126.59443197308974, 36.871666873081303 ], [ 126.594490044395457, 36.871650319299654 ], [ 126.594566261764584, 36.871638134379211 ], [ 126.594644457810219, 36.871637823471893 ], [ 126.594716294204531, 36.871646123331701 ], [ 126.594768858705777, 36.871659385745311 ], [ 126.594852622081802, 36.871705121223627 ], [ 126.594850282391704, 36.871682982539276 ], [ 126.594834727244077, 36.8716572666941 ], [ 126.59477589694275, 36.871602821292598 ], [ 126.594749449731736, 36.871579591477094 ], [ 126.594663858630838, 36.871567901853716 ], [ 126.594626835813656, 36.871563739148115 ], [ 126.594590864157013, 36.871566554430096 ], [ 126.59452100670255, 36.871580743383753 ], [ 126.594472365187528, 36.871576478052972 ], [ 126.594417725478777, 36.871593106572021 ], [ 126.594369314514452, 36.871611071839347 ], [ 126.594351519046739, 36.871631691299427 ], [ 126.594315047333296, 36.871637874868405 ], [ 126.594265351263346, 36.871680480495264 ] ] ] } },
{ "type": "Feature", "properties": { "PNU": "4427034036103860000", "JIBUN": "386 대", "BCHK": "1" }, "geometry": { "type": "Polygon", "coordinates": [ [ [ 126.594262516423044, 36.871958754038829 ], [ 126.594281161874306, 36.871947121337946 ], [ 126.594304450850558, 36.871914148630282 ], [ 126.594330634350442, 36.871889511821536 ], [ 126.594370314371972, 36.871881095449297 ], [ 126.594417039866983, 36.871885047936402 ], [ 126.594460104918554, 36.871870632784407 ], [ 126.594472546848863, 36.871863502424205 ], [ 126.594453990440954, 36.871819916749672 ], [ 126.59440858972134, 36.871741205461589 ], [ 126.594381870090899, 36.871746277831548 ], [ 126.594344582031752, 36.871713684790571 ], [ 126.594327085181718, 36.871707425789253 ], [ 126.594228822430466, 36.871710263353812 ], [ 126.59421266360404, 36.87169485382767 ], [ 126.594155393384881, 36.871710482078079 ], [ 126.59414443974093, 36.871709741955407 ], [ 126.594089934315718, 36.871700869972656 ], [ 126.593991368185755, 36.871714447284411 ], [ 126.593947067077266, 36.871725055464893 ], [ 126.594029189449728, 36.871760747808175 ], [ 126.59413120583595, 36.871803274971093 ], [ 126.594133779744197, 36.871844769848281 ], [ 126.594109066252784, 36.871918178529732 ], [ 126.594132319640039, 36.871947281725959 ], [ 126.594158901842476, 36.871968295458686 ], [ 126.594262516423044, 36.871958754038829 ] ] ] } },
{ "type": "Feature", "properties": { "PNU": "4427034036103860001", "JIBUN": "386-1 전", "BCHK": "1" }, "geometry": { "type": "Polygon", "coordinates": [ [ [ 126.594498713140908, 36.871848507167421 ], [ 126.594529915291076, 36.871833492981544 ], [ 126.594599530842189, 36.871841857449091 ], [ 126.594790981309615, 36.871828784468967 ], [ 126.594852622081802, 36.871705121223627 ], [ 126.594768858705777, 36.871659385745311 ], [ 126.594716294204531, 36.871646123331701 ], [ 126.594644457810219, 36.871637823471893 ], [ 126.594566261764584, 36.871638134379211 ], [ 126.594490044395457, 36.871650319299654 ], [ 126.59443197308974, 36.871666873081303 ], [ 126.594361530015249, 36.871685754620927 ], [ 126.594307076858271, 36.871688245642815 ], [ 126.594265351263346, 36.871680480495264 ], [ 126.59421266360404, 36.87169485382767 ], [ 126.594228822430466, 36.871710263353812 ], [ 126.594327085181718, 36.871707425789253 ], [ 126.594344582031752, 36.871713684790571 ], [ 126.594381870090899, 36.871746277831548 ], [ 126.59440858972134, 36.871741205461589 ], [ 126.594453990440954, 36.871819916749672 ], [ 126.594472546848863, 36.871863502424205 ], [ 126.594498713140908, 36.871848507167421 ] ] ] } },
{ "type": "Feature", "properties": { "PNU": "4427034036103870000", "JIBUN": "387대", "BCHK": "1" }, "geometry": { "type": "Polygon", "coordinates": [ [ [ 126.594544061818752, 36.872135180472092 ], [ 126.594574310530177, 36.872071224915061 ], [ 126.594625246256541, 36.872027506025638 ], [ 126.594661860093325, 36.871964536243638 ], [ 126.59469635296476, 36.871914570961103 ], [ 126.594768432994186, 36.871859588166075 ], [ 126.594735416440827, 36.871852825948999 ], [ 126.594687387219096, 36.871849391787954 ], [ 126.59463242378034, 36.871855053056265 ], [ 126.594547809612379, 36.871857991337251 ], [ 126.594507412457972, 36.871866288189217 ], [ 126.594424107072683, 36.87190606733283 ], [ 126.594427510017127, 36.871937121406013 ], [ 126.594391525602688, 36.872012573332746 ], [ 126.594437076099766, 36.872050105386663 ], [ 126.594513045278774, 36.872097896112443 ], [ 126.594544061818752, 36.872135180472092 ] ] ] } },
{ "type": "Feature", "properties": { "PNU": "4427034036103880000", "JIBUN": "388대", "BCHK": "1" }, "geometry": { "type": "Polygon", "coordinates": [ [ [ 126.594399941283029, 36.872343905173906 ], [ 126.594442868118705, 36.872306809162048 ], [ 126.594510913214464, 36.872225870469123 ], [ 126.594540133133165, 36.872182645471497 ], [ 126.594544061818752, 36.872135180472092 ], [ 126.594513045278774, 36.872097896112443 ], [ 126.594437076099766, 36.872050105386663 ], [ 126.594391525602688, 36.872012573332746 ], [ 126.594427510017127, 36.871937121406013 ], [ 126.594424107072683, 36.87190606733283 ], [ 126.594417039866983, 36.871885047936402 ], [ 126.594370314371972, 36.871881095449297 ], [ 126.594330634350442, 36.871889511821536 ], [ 126.594304450850558, 36.871914148630282 ], [ 126.594281161874306, 36.871947121337946 ], [ 126.594262516423044, 36.871958754038829 ], [ 126.594158603445891, 36.871967456430944 ], [ 126.594048596904173, 36.872070409875263 ], [ 126.59412841353506, 36.872094659487374 ], [ 126.594163616504204, 36.872135589579131 ], [ 126.594238225773736, 36.872181771914647 ], [ 126.594408657864037, 36.872207266720935 ], [ 126.594409356531514, 36.872238572912323 ], [ 126.594381394847346, 36.872285640793351 ], [ 126.594381874312305, 36.872313846494485 ], [ 126.594399941283029, 36.872343905173906 ] ] ] } },
{ "type": "Feature", "properties": { "PNU": "4427034036103890001", "JIBUN": "389-1대", "BCHK": "1" }, "geometry": { "type": "Polygon", "coordinates": [ [ [ 126.593939906479292, 36.872098144825969 ], [ 126.59400422182307, 36.872035458787515 ], [ 126.594019491913755, 36.872057767654198 ], [ 126.594048596904173, 36.872070409875263 ], [ 126.594144300355339, 36.871980842990133 ], [ 126.59411177971208, 36.871977875870321 ], [ 126.594053598177723, 36.871968477739856 ], [ 126.594006118895038, 36.871962837508299 ], [ 126.593922401612758, 36.871910532657346 ], [ 126.593875742021851, 36.871885584836761 ], [ 126.593847512292101, 36.871881379742817 ], [ 126.593768595243276, 36.87189287918924 ], [ 126.59372962469952, 36.871904983229321 ], [ 126.593727560698596, 36.871905048285598 ], [ 126.593687391520362, 36.871906254068143 ], [ 126.593676505335651, 36.871905478088557 ], [ 126.593680073065926, 36.871975378670896 ], [ 126.5937526797033, 36.872073673449414 ], [ 126.593801028659954, 36.872118559149513 ], [ 126.593853624716104, 36.872113115476985 ], [ 126.593939906479292, 36.872098144825969 ] ] ] } },
{ "type": "Feature", "properties": { "PNU": "4427034036103890002", "JIBUN": "389-2전", "BCHK": "1" }, "geometry": { "type": "Polygon", "coordinates": [ [ [ 126.593727560698596, 36.871905048285598 ], [ 126.59372962469952, 36.871904983229321 ], [ 126.59385843309677, 36.871864963054833 ], [ 126.594052414048988, 36.871916534964946 ], [ 126.594109066252784, 36.871918178529732 ], [ 126.594133779744197, 36.871844769848281 ], [ 126.59413120583595, 36.871803274971093 ], [ 126.594029189449728, 36.871760747808175 ], [ 126.593947067077266, 36.871725055464893 ], [ 126.593901064593695, 36.871747777477189 ], [ 126.593819309442424, 36.871742407926959 ], [ 126.593710362342122, 36.871759346755056 ], [ 126.593666879582329, 36.871750890584323 ], [ 126.593640346736137, 36.871750313598447 ], [ 126.593628783747235, 36.871784272273004 ], [ 126.593646633548687, 36.871825648000915 ], [ 126.593687482350447, 36.871850792376897 ], [ 126.593716023864417, 36.871880922888785 ], [ 126.593727560698596, 36.871905048285598 ] ] ] } },
{ "type": "Feature", "properties": { "PNU": "4427034036103890003", "JIBUN": "389-3 대", "BCHK": "1" }, "geometry": { "type": "Polygon", "coordinates": [ [ [ 126.594144300355339, 36.871980842990133 ], [ 126.594158603445891, 36.871967456430944 ], [ 126.594132319640039, 36.871947281725959 ], [ 126.594109066252784, 36.871918178529732 ], [ 126.594052414048988, 36.871916534964946 ], [ 126.59385843309677, 36.871864963054833 ], [ 126.593768595243276, 36.87189287918924 ], [ 126.593847512292101, 36.871881379742817 ], [ 126.593875742021851, 36.871885584836761 ], [ 126.593922401612758, 36.871910532657346 ], [ 126.594006118895038, 36.871962837508299 ], [ 126.594053598177723, 36.871968477739856 ], [ 126.59411177971208, 36.871977875870321 ], [ 126.594144300355339, 36.871980842990133 ] ] ] } },
{ "type": "Feature", "properties": { "PNU": "4427034036103900000", "JIBUN": "390 대", "BCHK": "1" }, "geometry": { "type": "Polygon", "coordinates": [ [ [ 126.593279775181713, 36.871674681651868 ], [ 126.593299445171382, 36.871677181667351 ], [ 126.593420180261347, 36.871715357935166 ], [ 126.593536889095006, 36.871734417281239 ], [ 126.593587933657602, 36.871742385646641 ], [ 126.593606044958918, 36.87170022235015 ], [ 126.593587604407347, 36.871668783609501 ], [ 126.593503277699924, 36.871630055790732 ], [ 126.59346279307303, 36.871623060516505 ], [ 126.593373309597098, 36.871620007146923 ], [ 126.593296135808785, 36.87161151706843 ], [ 126.593279775181713, 36.871674681651868 ] ] ] } },
{ "type": "Feature", "properties": { "PNU": "4427034036103900001", "JIBUN": "390-1대", "BCHK": "1" }, "geometry": { "type": "Polygon", "coordinates": [ [ [ 126.593539211848949, 36.871895647962617 ], [ 126.593587933657602, 36.871742385646641 ], [ 126.593536889095006, 36.871734417281239 ], [ 126.593420180261347, 36.871715357935166 ], [ 126.593299445171382, 36.871677181667351 ], [ 126.593279775181713, 36.871674681651868 ], [ 126.593242440117919, 36.871831514943743 ], [ 126.593342306495529, 36.871871215042646 ], [ 126.593364179864267, 36.871910973560631 ], [ 126.593420178968444, 36.871902486991786 ], [ 126.593519323042457, 36.871894219536365 ], [ 126.593539211848949, 36.871895647962617 ] ] ] } },
{ "type": "Feature", "properties": { "PNU": "4427034036103900002", "JIBUN": "390-2대", "BCHK": "1" }, "geometry": { "type": "Polygon", "coordinates": [ [ [ 126.593168031988156, 36.871896013375149 ], [ 126.59327253936091, 36.871921284914031 ], [ 126.593364179864267, 36.871910973560631 ], [ 126.593342306495529, 36.871871215042646 ], [ 126.593242440117919, 36.871831514943743 ], [ 126.593194943172165, 36.871740099708539 ], [ 126.593180786407274, 36.871736383990175 ], [ 126.59318078645488, 36.871736374979463 ], [ 126.593168032035791, 36.87189600436443 ], [ 126.593168031988156, 36.871896013375149 ] ] ] } },
{ "type": "Feature", "properties": { "PNU": "4427034036103900003", "JIBUN": "390-3전", "BCHK": "1" }, "geometry": { "type": "Polygon", "coordinates": [ [ [ 126.592867849368886, 36.871692226094424 ], [ 126.593057208769821, 36.871660982822874 ], [ 126.593048764477871, 36.871643824316578 ], [ 126.593035552196767, 36.871597228998283 ], [ 126.592969750157692, 36.871569800584865 ], [ 126.592873600767618, 36.871529328913709 ], [ 126.592797923558194, 36.871570827004135 ], [ 126.592762009393596, 36.871630608748028 ], [ 126.592770737072911, 36.871664150032224 ], [ 126.592867849368886, 36.871692226094424 ] ] ] } },
{ "type": "Feature", "properties": { "PNU": "4427034036103900004", "JIBUN": "390-4전", "BCHK": "1" }, "geometry": { "type": "Polygon", "coordinates": [ [ [ 126.59269296857164, 36.87204365724152 ], [ 126.592182561215893, 36.871941820134801 ], [ 126.592163288692788, 36.872069645721844 ], [ 126.592231671254879, 36.872105391438417 ], [ 126.592307365001929, 36.872132935170377 ], [ 126.592412622773764, 36.872175357743245 ], [ 126.592566107026357, 36.87223484940322 ], [ 126.592715952381965, 36.872293220099678 ], [ 126.592737721458647, 36.872047360358174 ], [ 126.59269296857164, 36.87204365724152 ] ] ] } },
{ "type": "Feature", "properties": { "PNU": "4427034036103900005", "JIBUN": "390-5임", "BCHK": "1" }, "geometry": { "type": "Polygon", "coordinates": [ [ [ 126.594469950204783, 36.872522531727036 ], [ 126.59438090816009, 36.87270796128918 ], [ 126.594139271701167, 36.872690054615859 ], [ 126.594047704335779, 36.872675704021489 ], [ 126.593892115014413, 36.872387673048593 ], [ 126.593805807731016, 36.87222885964939 ], [ 126.593546775571525, 36.872139102806202 ], [ 126.593275166327913, 36.872447286261036 ], [ 126.5931666924632, 36.872569716623595 ], [ 126.593373965872871, 36.873071329516208 ], [ 126.593379535382553, 36.874012877641569 ], [ 126.593683825215422, 36.874012094502376 ], [ 126.593852667646999, 36.873933590098837 ], [ 126.594615213923746, 36.87394549268906 ], [ 126.594837740111615, 36.873512104500847 ], [ 126.594831540262689, 36.87318345651066 ], [ 126.594830557949621, 36.873131424329443 ], [ 126.594826830086689, 36.872934046269158 ], [ 126.594826683182262, 36.872834097040339 ], [ 126.594515185865774, 36.872532597501291 ], [ 126.594469950204783, 36.872522531727036 ] ] ] } },
{ "type": "Feature", "properties": { "PNU": "4427034036103900006", "JIBUN": "390-6 도", "BCHK": "1" }, "geometry": { "type": "Polygon", "coordinates": [ [ [ 126.590841078502208, 36.871695634655772 ], [ 126.59099627033514, 36.87178796085368 ], [ 126.591121511881056, 36.871940394904328 ], [ 126.591127082006011, 36.872046733427588 ], [ 126.59113254141009, 36.872150692695691 ], [ 126.59117270075815, 36.872354115912735 ], [ 126.591165579641753, 36.872556710237049 ], [ 126.59116959964949, 36.87272053287068 ], [ 126.591171517673985, 36.872798645783121 ], [ 126.591447749165596, 36.872825931180749 ], [ 126.591623597185873, 36.872843293682706 ], [ 126.591984468527144, 36.873133949371791 ], [ 126.59198705949251, 36.873136039749753 ], [ 126.592257298305427, 36.873354847106917 ], [ 126.5924485996686, 36.873639776307385 ], [ 126.592907791040972, 36.873846495343919 ], [ 126.593226163550298, 36.873988628982474 ], [ 126.593281339343818, 36.874013137528777 ], [ 126.593314112480712, 36.874013051048955 ], [ 126.593227159010425, 36.873861795198302 ], [ 126.593189227196561, 36.873664399578068 ], [ 126.593121347153684, 36.873507766127354 ], [ 126.593065873061931, 36.87331486110542 ], [ 126.593016239864241, 36.873099142405124 ], [ 126.592885164969033, 36.872947988020634 ], [ 126.592816177541522, 36.87284828136422 ], [ 126.592747732568824, 36.872781754593468 ], [ 126.592747230447387, 36.872781266291156 ], [ 126.592611541481887, 36.872637511801621 ], [ 126.592486051475134, 36.872482510376976 ], [ 126.592338022301206, 36.872339524384763 ], [ 126.592197434627636, 36.872189237801948 ], [ 126.592019907983484, 36.872050800162015 ], [ 126.591871138334724, 36.871918759274692 ], [ 126.591757769608392, 36.871819756144575 ], [ 126.591586675355089, 36.871638231796155 ], [ 126.591333900361917, 36.871407984824017 ], [ 126.5911325410503, 36.871225806442609 ], [ 126.591022789234813, 36.871048014807315 ], [ 126.591018922701863, 36.871030601527529 ], [ 126.590999241448898, 36.870931044842415 ], [ 126.590913872361071, 36.870979131500441 ], [ 126.590755276804586, 36.871130790277562 ], [ 126.590626248293077, 36.871254319225116 ], [ 126.59053042458801, 36.871346919535206 ], [ 126.590429245905682, 36.871427805247329 ], [ 126.590819786763475, 36.871534041493931 ], [ 126.590732104657718, 36.871709056415455 ], [ 126.590778564529998, 36.871731274484461 ], [ 126.590841078502208, 36.871695634655772 ] ] ] } },
{ "type": "Feature", "properties": { "PNU": "4427034036103900008", "JIBUN": "390-8 임", "BCHK": "1" }, "geometry": { "type": "Polygon", "coordinates": [ [ [ 126.592338022301206, 36.872339524384763 ], [ 126.592486051475134, 36.872482510376976 ], [ 126.592611541481887, 36.872637511801621 ], [ 126.592675303980585, 36.872705040889741 ], [ 126.592729100778513, 36.872672001479771 ], [ 126.592762791291051, 36.872708286211072 ], [ 126.592709198409878, 36.872740938864432 ], [ 126.592747732568824, 36.872781754593468 ], [ 126.592882785360288, 36.872623858402683 ], [ 126.592869693120434, 36.872058290593252 ], [ 126.592864388757761, 36.871822773000993 ], [ 126.592867849368886, 36.871692226094424 ], [ 126.592770737072911, 36.871664150032224 ], [ 126.592763612939166, 36.871757874960053 ], [ 126.592741443300639, 36.872005283223196 ], [ 126.592715952381965, 36.872293220099678 ], [ 126.592566107026357, 36.87223484940322 ], [ 126.592412622773764, 36.872175357743245 ], [ 126.592338022301206, 36.872339524384763 ] ] ] } },
{ "type": "Feature", "properties": { "PNU": "4427034036103900009", "JIBUN": "390-9 임", "BCHK": "1" }, "geometry": { "type": "Polygon", "coordinates": [ [ [ 126.591171517673985, 36.872798645783121 ], [ 126.59116959964949, 36.87272053287068 ], [ 126.591165579641753, 36.872556710237049 ], [ 126.59117270075815, 36.872354115912735 ], [ 126.59113254141009, 36.872150692695691 ], [ 126.591127082006011, 36.872046733427588 ], [ 126.591092413648724, 36.872053273612899 ], [ 126.590123235227168, 36.872236129637088 ], [ 126.590021371604507, 36.872681196497311 ], [ 126.59022639877503, 36.872703392082059 ], [ 126.590600928835627, 36.872744443365406 ], [ 126.59101888533975, 36.872783569893301 ], [ 126.591171517673985, 36.872798645783121 ] ] ] } },
{ "type": "Feature", "properties": { "PNU": "4427034036103900010", "JIBUN": "390-10 전", "BCHK": "1" }, "geometry": { "type": "Polygon", "coordinates": [ [ [ 126.591229632369249, 36.871272401140565 ], [ 126.591262229915444, 36.871300942205394 ], [ 126.591449611078687, 36.871242977436111 ], [ 126.591649728086239, 36.871342350000056 ], [ 126.591671707590976, 36.87135344556625 ], [ 126.591987802467571, 36.871353698354099 ], [ 126.591988747811442, 36.871175322089655 ], [ 126.591493136056357, 36.871173625562321 ], [ 126.591485618707438, 36.871193216512438 ], [ 126.591229632369249, 36.871272401140565 ] ] ] } },
{ "type": "Feature", "properties": { "PNU": "4427034036103900014", "JIBUN": "390-14 창", "BCHK": "1" }, "geometry": { "type": "Polygon", "coordinates": [ [ [ 126.591681604489168, 36.871445570701162 ], [ 126.591649728086239, 36.871342350000056 ], [ 126.591449611078687, 36.871242977436111 ], [ 126.591262229915444, 36.871300942205394 ], [ 126.59122747227245, 36.871311690209481 ], [ 126.591333900361917, 36.871407984824017 ], [ 126.591586675355089, 36.871638231796155 ], [ 126.591757769608392, 36.871819756144575 ], [ 126.591681604489168, 36.871445570701162 ] ] ] } },
{ "type": "Feature", "properties": { "PNU": "4427034036103900017", "JIBUN": "390-17대", "BCHK": "1" }, "geometry": { "type": "Polygon", "coordinates": [ [ [ 126.591891951025204, 36.871754363820344 ], [ 126.592134667413376, 36.871775234319671 ], [ 126.592153626053872, 36.871619852369747 ], [ 126.592167403919305, 36.871519356023271 ], [ 126.591974879843562, 36.871472660912609 ], [ 126.591936865498454, 36.871471512624083 ], [ 126.591921108343911, 36.871515837322114 ], [ 126.591909714052832, 36.87160458258964 ], [ 126.591891951025204, 36.871754363820344 ] ] ] } },
{ "type": "Feature", "properties": { "PNU": "4427034036103900018", "JIBUN": "390-18전", "BCHK": "1" }, "geometry": { "type": "Polygon", "coordinates": [ [ [ 126.592163288692788, 36.872069645721844 ], [ 126.592211713631059, 36.871748528198161 ], [ 126.592246346011876, 36.871509452651331 ], [ 126.592122006247507, 36.871474416674609 ], [ 126.592058918048622, 36.871455593423505 ], [ 126.591953495952055, 36.871425352690721 ], [ 126.591936865498454, 36.871471512624083 ], [ 126.591974879843562, 36.871472660912609 ], [ 126.592167403919305, 36.871519356023271 ], [ 126.592153626053872, 36.871619852369747 ], [ 126.592134667413376, 36.871775234319671 ], [ 126.591891951025204, 36.871754363820344 ], [ 126.591877591369368, 36.871865094504315 ], [ 126.591871138334724, 36.871918759274692 ], [ 126.592016378904461, 36.87199293820921 ], [ 126.592163288692788, 36.872069645721844 ] ] ] } },
{ "type": "Feature", "properties": { "PNU": "4427034036103900019", "JIBUN": "390-19임", "BCHK": "1" }, "geometry": { "type": "Polygon", "coordinates": [ [ [ 126.592338022301206, 36.872339524384763 ], [ 126.592412622773764, 36.872175357743245 ], [ 126.592307365001929, 36.872132935170377 ], [ 126.592231671254879, 36.872105391438417 ], [ 126.592163288692788, 36.872069645721844 ], [ 126.592016378904461, 36.87199293820921 ], [ 126.591871138334724, 36.871918759274692 ], [ 126.592019907983484, 36.872050800162015 ], [ 126.592197434627636, 36.872189237801948 ], [ 126.592338022301206, 36.872339524384763 ] ] ] } },
{ "type": "Feature", "properties": { "PNU": "4427034036103900020", "JIBUN": "390-20 임", "BCHK": "1" }, "geometry": { "type": "Polygon", "coordinates": [ [ [ 126.590021371604507, 36.872681196497311 ], [ 126.590123235227168, 36.872236129637088 ], [ 126.591092413648724, 36.872053273612899 ], [ 126.591127082006011, 36.872046733427588 ], [ 126.591121511881056, 36.871940394904328 ], [ 126.59099627033514, 36.87178796085368 ], [ 126.590841078502208, 36.871695634655772 ], [ 126.590778564529998, 36.871731274484461 ], [ 126.590732104657718, 36.871709056415455 ], [ 126.590819786763475, 36.871534041493931 ], [ 126.590429245905682, 36.871427805247329 ], [ 126.590254770261822, 36.871566270934096 ], [ 126.590174510220294, 36.87162986431639 ], [ 126.589904302357439, 36.871756998188467 ], [ 126.589732229902495, 36.871837747634395 ], [ 126.589697285615173, 36.87197812512742 ], [ 126.589635324505863, 36.872223404467263 ], [ 126.589531160915698, 36.872628121263212 ], [ 126.590021371604507, 36.872681196497311 ] ] ] } },
{ "type": "Feature", "properties": { "PNU": "4427034036103900021", "JIBUN": "390-21 대", "BCHK": "1" }, "geometry": { "type": "Polygon", "coordinates": [ [ [ 126.593057208769821, 36.871660982822874 ], [ 126.592867849368886, 36.871692226094424 ], [ 126.592864388757761, 36.871822773000993 ], [ 126.593023211706225, 36.87186096254289 ], [ 126.593110484337657, 36.871717906136368 ], [ 126.59318078645488, 36.871736374979463 ], [ 126.593279775181713, 36.871674681651868 ], [ 126.593296135808785, 36.87161151706843 ], [ 126.593189908401158, 36.871599828099086 ], [ 126.593084261314871, 36.871592934806046 ], [ 126.593035552196767, 36.871597228998283 ], [ 126.593048764477871, 36.871643824316578 ], [ 126.593057208769821, 36.871660982822874 ] ] ] } },
{ "type": "Feature", "properties": { "PNU": "4427034036103900022", "JIBUN": "390-22전", "BCHK": "1" }, "geometry": { "type": "Polygon", "coordinates": [ [ [ 126.593539211848949, 36.871895647962617 ], [ 126.593687391520362, 36.871906254068143 ], [ 126.593727560698596, 36.871905048285598 ], [ 126.593716023864417, 36.871880922888785 ], [ 126.593687482350447, 36.871850792376897 ], [ 126.593646633548687, 36.871825648000915 ], [ 126.593628783747235, 36.871784272273004 ], [ 126.593640346736137, 36.871750313598447 ], [ 126.593620375805386, 36.871747452178504 ], [ 126.593587933657602, 36.871742385646641 ], [ 126.593539211848949, 36.871895647962617 ] ] ] } },
{ "type": "Feature", "properties": { "PNU": "4427034036103900023", "JIBUN": "390-23임", "BCHK": "1" }, "geometry": { "type": "Polygon", "coordinates": [ [ [ 126.5931666924632, 36.872569716623595 ], [ 126.593115332576374, 36.872627679641667 ], [ 126.593010313027477, 36.872705481721404 ], [ 126.592816177541522, 36.87284828136422 ], [ 126.592885164969033, 36.872947988020634 ], [ 126.593016239864241, 36.873099142405124 ], [ 126.593065873061931, 36.87331486110542 ], [ 126.593121347153684, 36.873507766127354 ], [ 126.593189227196561, 36.873664399578068 ], [ 126.593227159010425, 36.873861795198302 ], [ 126.593314112480712, 36.874013051048955 ], [ 126.593379535382553, 36.874012877641569 ], [ 126.593373965872871, 36.873071329516208 ], [ 126.5931666924632, 36.872569716623595 ] ] ] } },
{ "type": "Feature", "properties": { "PNU": "4427034036103900027", "JIBUN": "390-27 창", "BCHK": "1" }, "geometry": { "type": "Polygon", "coordinates": [ [ [ 126.591671707590976, 36.87135344556625 ], [ 126.591649728086239, 36.871342350000056 ], [ 126.591681604489168, 36.871445570701162 ], [ 126.591757769608392, 36.871819756144575 ], [ 126.591871138334724, 36.871918759274692 ], [ 126.591877591369368, 36.871865094504315 ], [ 126.591891951025204, 36.871754363820344 ], [ 126.591909714052832, 36.87160458258964 ], [ 126.591921108343911, 36.871515837322114 ], [ 126.591936865498454, 36.871471512624083 ], [ 126.591953495952055, 36.871425352690721 ], [ 126.591703082773151, 36.87136931302004 ], [ 126.591671707590976, 36.87135344556625 ] ] ] } },
{ "type": "Feature", "properties": { "PNU": "4427034036103900031", "JIBUN": "390-31 답", "BCHK": "1" }, "geometry": { "type": "Polygon", "coordinates": [ [ [ 126.593620375805386, 36.871747452178504 ], [ 126.593640346736137, 36.871750313598447 ], [ 126.593666879582329, 36.871750890584323 ], [ 126.593710362342122, 36.871759346755056 ], [ 126.593819309442424, 36.871742407926959 ], [ 126.593901064593695, 36.871747777477189 ], [ 126.593947067077266, 36.871725055464893 ], [ 126.59380508297528, 36.871673245981476 ], [ 126.593690278388635, 36.871667394333713 ], [ 126.593568189329844, 36.871637116272773 ], [ 126.593527316451897, 36.871627182148657 ], [ 126.593435341407087, 36.871611712344418 ], [ 126.593328095402811, 36.871597514999984 ], [ 126.593273269244918, 36.871577206735211 ], [ 126.593165162594218, 36.871585812861014 ], [ 126.593084261314871, 36.871592934806046 ], [ 126.593189908401158, 36.871599828099086 ], [ 126.593373309597098, 36.871620007146923 ], [ 126.59346279307303, 36.871623060516505 ], [ 126.593503277699924, 36.871630055790732 ], [ 126.593587604407347, 36.871668783609501 ], [ 126.593606044958918, 36.87170022235015 ], [ 126.593587933657602, 36.871742385646641 ], [ 126.593620375805386, 36.871747452178504 ] ] ] } },
{ "type": "Feature", "properties": { "PNU": "4427034036103900032", "JIBUN": "390-32 임", "BCHK": "1" }, "geometry": { "type": "Polygon", "coordinates": [ [ [ 126.592762791291051, 36.872708286211072 ], [ 126.592729100778513, 36.872672001479771 ], [ 126.592675303980585, 36.872705040889741 ], [ 126.592709198409878, 36.872740938864432 ], [ 126.592762791291051, 36.872708286211072 ] ] ] } },
{ "type": "Feature", "properties": { "PNU": "4427034036103900036", "JIBUN": "390-36 임", "BCHK": "1" }, "geometry": { "type": "Polygon", "coordinates": [ [ [ 126.593676505335651, 36.871905478088557 ], [ 126.59358412427683, 36.871898864716428 ], [ 126.593465077627982, 36.872112206202026 ], [ 126.593546775571525, 36.872139102806202 ], [ 126.593805807731016, 36.87222885964939 ], [ 126.593939906479292, 36.872098144825969 ], [ 126.593853624716104, 36.872113115476985 ], [ 126.593801028659954, 36.872118559149513 ], [ 126.5937526797033, 36.872073673449414 ], [ 126.593680073065926, 36.871975378670896 ], [ 126.593676505335651, 36.871905478088557 ] ] ] } },
{ "type": "Feature", "properties": { "PNU": "4427034036103900038", "JIBUN": "390-38 임", "BCHK": "1" }, "geometry": { "type": "Polygon", "coordinates": [ [ [ 126.592040797293606, 36.871054925471867 ], [ 126.592024665532875, 36.870698003139537 ], [ 126.592008481354142, 36.870376394272071 ], [ 126.591858954043559, 36.870457701528075 ], [ 126.591269401584569, 36.870782435344466 ], [ 126.590999241448898, 36.870931044842415 ], [ 126.591018922701863, 36.871030601527529 ], [ 126.591204243355193, 36.871121922435243 ], [ 126.591211694474566, 36.871116928911093 ], [ 126.59133849558178, 36.8711106593612 ], [ 126.591426571507739, 36.871099850696631 ], [ 126.591835030672755, 36.871067161087147 ], [ 126.5919093112784, 36.871062747635548 ], [ 126.592040797293606, 36.871054925471867 ] ] ] } },
{ "type": "Feature", "properties": { "PNU": "4427034036103900039", "JIBUN": "390-39 임", "BCHK": "1" }, "geometry": { "type": "Polygon", "coordinates": [ [ [ 126.591204243355193, 36.871121922435243 ], [ 126.591018922701863, 36.871030601527529 ], [ 126.591022789234813, 36.871048014807315 ], [ 126.591101853121955, 36.871114362728513 ], [ 126.591134831791479, 36.871168261768197 ], [ 126.591204243355193, 36.871121922435243 ] ] ] } },
{ "type": "Feature", "properties": { "PNU": "4427034036103900040", "JIBUN": "390-40 임", "BCHK": "1" }, "geometry": { "type": "Polygon", "coordinates": [ [ [ 126.594826683182262, 36.872834097040339 ], [ 126.594852480850292, 36.872771982541266 ], [ 126.594906013102587, 36.872644110694466 ], [ 126.594915260906944, 36.872621632914189 ], [ 126.594515185865774, 36.872532597501291 ], [ 126.594826683182262, 36.872834097040339 ] ] ] } },
{ "type": "Feature", "properties": { "PNU": "4427034036103900041", "JIBUN": "390-41 대", "BCHK": "1" }, "geometry": { "type": "Polygon", "coordinates": [ [ [ 126.593534497037794, 36.871987804241492 ], [ 126.59358412427683, 36.871898864716428 ], [ 126.593539211848949, 36.871895647962617 ], [ 126.593519323042457, 36.871894219536365 ], [ 126.593420178968444, 36.871902486991786 ], [ 126.593364179864267, 36.871910973560631 ], [ 126.59327253936091, 36.871921284914031 ], [ 126.593197748825986, 36.87190319729492 ], [ 126.59319849915822, 36.871945857385398 ], [ 126.593534497037794, 36.871987804241492 ] ] ] } },
{ "type": "Feature", "properties": { "PNU": "4427034036103900043", "JIBUN": "390-43 대", "BCHK": "1" }, "geometry": { "type": "Polygon", "coordinates": [ [ [ 126.593023211706225, 36.87186096254289 ], [ 126.593168031988156, 36.871896013375149 ], [ 126.593168032035791, 36.87189600436443 ], [ 126.59318078645488, 36.871736374979463 ], [ 126.593110484337657, 36.871717906136368 ], [ 126.593023211706225, 36.87186096254289 ] ] ] } },
{ "type": "Feature", "properties": { "PNU": "4427034036103900044", "JIBUN": "390-44 대", "BCHK": "1" }, "geometry": { "type": "Polygon", "coordinates": [ [ [ 126.59318078645488, 36.871736374979463 ], [ 126.593180786407274, 36.871736383990175 ], [ 126.593194943172165, 36.871740099708539 ], [ 126.593242440117919, 36.871831514943743 ], [ 126.593279775181713, 36.871674681651868 ], [ 126.59318078645488, 36.871736374979463 ] ] ] } },
{ "type": "Feature", "properties": { "PNU": "4427034036103900045", "JIBUN": "390-45 임", "BCHK": "1" }, "geometry": { "type": "Polygon", "coordinates": [ [ [ 126.593168043251083, 36.871896004402686 ], [ 126.593023211706225, 36.87186096254289 ], [ 126.592864388757761, 36.871822773000993 ], [ 126.592865914871993, 36.871890486003082 ], [ 126.59286629604351, 36.871907481833894 ], [ 126.593013715681764, 36.871957887264813 ], [ 126.593168043251083, 36.871896004402686 ] ] ] } },
{ "type": "Feature", "properties": { "PNU": "4427034036103900046", "JIBUN": "390-46 창", "BCHK": "1" }, "geometry": { "type": "Polygon", "coordinates": [ [ [ 126.591134831791479, 36.871168261768197 ], [ 126.591101853121955, 36.871114362728513 ], [ 126.591022789234813, 36.871048014807315 ], [ 126.5911325410503, 36.871225806442609 ], [ 126.59122747227245, 36.871311690209481 ], [ 126.591262229915444, 36.871300942205394 ], [ 126.591216504018462, 36.871260912318832 ], [ 126.591162684598316, 36.871213799146972 ], [ 126.591134831791479, 36.871168261768197 ] ] ] } },
{ "type": "Feature", "properties": { "PNU": "4427034036103900047", "JIBUN": "390-47 임", "BCHK": "1" }, "geometry": { "type": "Polygon", "coordinates": [ [ [ 126.593168032035791, 36.87189600436443 ], [ 126.593013715681764, 36.871957887264813 ], [ 126.593465077627982, 36.872112206202026 ], [ 126.593534497037794, 36.871987804241492 ], [ 126.59319849915822, 36.871945857385398 ], [ 126.593197748825986, 36.87190319729492 ], [ 126.593168032035791, 36.87189600436443 ] ] ] } },
{ "type": "Feature", "properties": { "PNU": "4427034036103900048", "JIBUN": "390-48 전", "BCHK": "1" }, "geometry": { "type": "Polygon", "coordinates": [ [ [ 126.5919093112784, 36.871062747635548 ], [ 126.591835030672755, 36.871067161087147 ], [ 126.591426571507739, 36.871099850696631 ], [ 126.59133849558178, 36.8711106593612 ], [ 126.591211694474566, 36.871116928911093 ], [ 126.591204243355193, 36.871121922435243 ], [ 126.591134831791479, 36.871168261768197 ], [ 126.591162684598316, 36.871213799146972 ], [ 126.591216504018462, 36.871260912318832 ], [ 126.591484721773455, 36.871174137394718 ], [ 126.5919093112784, 36.871062747635548 ] ] ] } },
{ "type": "Feature", "properties": { "PNU": "4427034036103900049", "JIBUN": "390-49 전", "BCHK": "1" }, "geometry": { "type": "Polygon", "coordinates": [ [ [ 126.591953495952055, 36.871425352690721 ], [ 126.592058918048622, 36.871455593423505 ], [ 126.592040797293606, 36.871054925471867 ], [ 126.5919093112784, 36.871062747635548 ], [ 126.591484721773455, 36.871174137394718 ], [ 126.591216504018462, 36.871260912318832 ], [ 126.591229632369249, 36.871272401140565 ], [ 126.591485618707438, 36.871193216512438 ], [ 126.591493136056357, 36.871173625562321 ], [ 126.591988747811442, 36.871175322089655 ], [ 126.591987802467571, 36.871353698354099 ], [ 126.591671707590976, 36.87135344556625 ], [ 126.591703082773151, 36.87136931302004 ], [ 126.591953495952055, 36.871425352690721 ] ] ] } },
{ "type": "Feature", "properties": { "PNU": "4427034036103900050", "JIBUN": "390-50 전", "BCHK": "1" }, "geometry": { "type": "Polygon", "coordinates": [ [ [ 126.592182561215893, 36.871941820134801 ], [ 126.59269296857164, 36.87204365724152 ], [ 126.592714253326278, 36.87180454499309 ], [ 126.592342929705254, 36.871768602482248 ], [ 126.592326934411417, 36.871885464044041 ], [ 126.59219273204431, 36.871874381405348 ], [ 126.592182561215893, 36.871941820134801 ] ] ] } },
{ "type": "Feature", "properties": { "PNU": "4427034036103900051", "JIBUN": "390-51 전", "BCHK": "1" }, "geometry": { "type": "Polygon", "coordinates": [ [ [ 126.59219273204431, 36.871874381405348 ], [ 126.592326934411417, 36.871885464044041 ], [ 126.592342929705254, 36.871768602482248 ], [ 126.592210620875164, 36.871755796246269 ], [ 126.59219273204431, 36.871874381405348 ] ] ] } },
{ "type": "Feature", "properties": { "PNU": "4427034036103900052", "JIBUN": "390-52 전", "BCHK": "1" }, "geometry": { "type": "Polygon", "coordinates": [ [ [ 126.592210620875164, 36.871755796246269 ], [ 126.592342929705254, 36.871768602482248 ], [ 126.592714253326278, 36.87180454499309 ], [ 126.592718629001396, 36.871755477642814 ], [ 126.592726596987546, 36.871650654188322 ], [ 126.592676667862634, 36.871635390445427 ], [ 126.592396621016732, 36.871554146697569 ], [ 126.592246346011876, 36.871509452651331 ], [ 126.592211713631059, 36.871748528198161 ], [ 126.592210620875164, 36.871755796246269 ] ] ] } },
{ "type": "Feature", "properties": { "PNU": "4427034036103900053", "JIBUN": "390-53 전", "BCHK": "1" }, "geometry": { "type": "Polygon", "coordinates": [ [ [ 126.59269296857164, 36.87204365724152 ], [ 126.592737721458647, 36.872047360358174 ], [ 126.592741443300639, 36.872005283223196 ], [ 126.592763612939166, 36.871757874960053 ], [ 126.592770737072911, 36.871664150032224 ], [ 126.592726596987546, 36.871650654188322 ], [ 126.592718629001396, 36.871755477642814 ], [ 126.592714253326278, 36.87180454499309 ], [ 126.59269296857164, 36.87204365724152 ] ] ] } },
{ "type": "Feature", "properties": { "PNU": "4427034036103910000", "JIBUN": "391 대", "BCHK": "1" }, "geometry": { "type": "Polygon", "coordinates": [ [ [ 126.595543428688487, 36.869480713193987 ], [ 126.595460756629222, 36.869473124988836 ], [ 126.595436249911373, 36.869558798503242 ], [ 126.595398610701849, 36.869687048970221 ], [ 126.595463299986619, 36.869785243796542 ], [ 126.595503153094597, 36.869792749868338 ], [ 126.59552130291263, 36.869828359378431 ], [ 126.595607404080482, 36.869840816037879 ], [ 126.59562964169811, 36.869809200135215 ], [ 126.595663632213288, 36.869781976331197 ], [ 126.595635264331293, 36.869723057073287 ], [ 126.595637889934295, 36.869673704322111 ], [ 126.595626768967179, 36.869642948496136 ], [ 126.595510691941953, 36.869576712327387 ], [ 126.595514664296999, 36.869537870842578 ], [ 126.595543428688487, 36.869480713193987 ] ] ] } },
{ "type": "Feature", "properties": { "PNU": "4427034036103910001", "JIBUN": "391-1 대", "BCHK": "1" }, "geometry": { "type": "Polygon", "coordinates": [ [ [ 126.595510691941953, 36.869576712327387 ], [ 126.595626768967179, 36.869642948496136 ], [ 126.595624215357077, 36.869635884311933 ], [ 126.59554798273976, 36.869572387407253 ], [ 126.59557060120288, 36.869483202230825 ], [ 126.595543428688487, 36.869480713193987 ], [ 126.595514664296999, 36.869537870842578 ], [ 126.595510691941953, 36.869576712327387 ] ] ] } },
{ "type": "Feature", "properties": { "PNU": "4427034036103920000", "JIBUN": "392 대", "BCHK": "1" }, "geometry": { "type": "Polygon", "coordinates": [ [ [ 126.595663632213288, 36.869781976331197 ], [ 126.595700203880583, 36.869788606167305 ], [ 126.595708771310555, 36.869724720969593 ], [ 126.595774846154384, 36.869608217858953 ], [ 126.595798966459284, 36.869517037311276 ], [ 126.595811374034469, 36.869456535189549 ], [ 126.595813770041985, 36.869423121918295 ], [ 126.595768424986474, 36.869421391339927 ], [ 126.59573092215058, 36.869440484459467 ], [ 126.595599393380127, 36.869392983707066 ], [ 126.59557060120288, 36.869483202230825 ], [ 126.59554798273976, 36.869572387407253 ], [ 126.595624215357077, 36.869635884311933 ], [ 126.595637889934295, 36.869673704322111 ], [ 126.595635264331293, 36.869723057073287 ], [ 126.595663632213288, 36.869781976331197 ] ] ] } },
{ "type": "Feature", "properties": { "PNU": "4427034036103920001", "JIBUN": "392-1전", "BCHK": "1" }, "geometry": { "type": "Polygon", "coordinates": [ [ [ 126.59573092215058, 36.869440484459467 ], [ 126.595768424986474, 36.869421391339927 ], [ 126.595813770041985, 36.869423121918295 ], [ 126.595814472967845, 36.869413131223332 ], [ 126.595875585324791, 36.869318940218484 ], [ 126.595936883149221, 36.869257765710636 ], [ 126.595999539603355, 36.869189855626239 ], [ 126.595960586789758, 36.869158302704108 ], [ 126.595920246107639, 36.869128358016617 ], [ 126.595809163401483, 36.869266632200919 ], [ 126.595775179932446, 36.869322474660642 ], [ 126.595749226434506, 36.869389004209232 ], [ 126.59573092215058, 36.869440484459467 ] ] ] } },
{ "type": "Feature", "properties": { "PNU": "4427034036103930000", "JIBUN": "393전", "BCHK": "1" }, "geometry": { "type": "Polygon", "coordinates": [ [ [ 126.595957385965789, 36.869366470458928 ], [ 126.596032595368925, 36.8693535422792 ], [ 126.596174021425, 36.869350849361346 ], [ 126.59623713499802, 36.869375392434037 ], [ 126.596282291737623, 36.869404479258655 ], [ 126.596313591053971, 36.869415596505078 ], [ 126.596386853724866, 36.869382513161909 ], [ 126.5964160426322, 36.869368329671012 ], [ 126.596532701869407, 36.869308567649881 ], [ 126.596628099343675, 36.869216249349293 ], [ 126.59651438546075, 36.869142029487321 ], [ 126.596391806283222, 36.869062454080968 ], [ 126.596301444479352, 36.869000730040689 ], [ 126.596234278037329, 36.868947104147828 ], [ 126.596205784371094, 36.869004100691164 ], [ 126.596171030164541, 36.869072258545835 ], [ 126.596119710549033, 36.869140531503895 ], [ 126.596068076825546, 36.869191700705045 ], [ 126.596031515490154, 36.86920452552949 ], [ 126.595994300054315, 36.86921162621163 ], [ 126.595912745232752, 36.869301062361011 ], [ 126.595957385965789, 36.869366470458928 ] ] ] } },
{ "type": "Feature", "properties": { "PNU": "4427034036103940001", "JIBUN": "394-1전", "BCHK": "1" }, "geometry": { "type": "Polygon", "coordinates": [ [ [ 126.596765200960448, 36.869964283404329 ], [ 126.596815053575313, 36.869934139302536 ], [ 126.596850478971007, 36.869906974074404 ], [ 126.596894750115496, 36.869882532987752 ], [ 126.596989479112253, 36.869862272232751 ], [ 126.597070268922366, 36.869863175947692 ], [ 126.597146783886245, 36.869877293155305 ], [ 126.597217547652633, 36.869882416046046 ], [ 126.597205571817867, 36.869839150365245 ], [ 126.597200438631575, 36.8697913392704 ], [ 126.597175843359423, 36.869694929793582 ], [ 126.597161773309466, 36.869625372267947 ], [ 126.597134210597659, 36.869528105734041 ], [ 126.597088669023776, 36.869531763507752 ], [ 126.597059780864612, 36.869644932807425 ], [ 126.596947164164462, 36.869774408236005 ], [ 126.596834428760104, 36.869812963276416 ], [ 126.596765200960448, 36.869964283404329 ] ] ] } },
{ "type": "Feature", "properties": { "PNU": "4427034036103940002", "JIBUN": "394-2임", "BCHK": "1" }, "geometry": { "type": "Polygon", "coordinates": [ [ [ 126.596339445675667, 36.869729362097623 ], [ 126.59635233136234, 36.869746589473287 ], [ 126.596395864037376, 36.869751782888962 ], [ 126.596452720271188, 36.8697676992727 ], [ 126.596518042834674, 36.869800963199829 ], [ 126.596637208082896, 36.869806718727581 ], [ 126.596777050667427, 36.869811012189885 ], [ 126.596834428760104, 36.869812963276416 ], [ 126.596947164164462, 36.869774408236005 ], [ 126.597059780864612, 36.869644932807425 ], [ 126.597088669023776, 36.869531763507752 ], [ 126.596984062527056, 36.869497952660723 ], [ 126.596956212538259, 36.869513465416247 ], [ 126.596892764970633, 36.869580499272779 ], [ 126.596813650850706, 36.869664438631595 ], [ 126.596596442910396, 36.869515186702444 ], [ 126.596339445675667, 36.869729362097623 ] ] ] } },
{ "type": "Feature", "properties": { "PNU": "4427034036103940003", "JIBUN": "394-3전", "BCHK": "1" }, "geometry": { "type": "Polygon", "coordinates": [ [ [ 126.597134210597659, 36.869528105734041 ], [ 126.597120773804221, 36.869485429826504 ], [ 126.597037926882408, 36.869410503743914 ], [ 126.597004527395967, 36.869387070715746 ], [ 126.596959139495212, 36.869376383621834 ], [ 126.596888832878719, 36.869346157782452 ], [ 126.596834939604307, 36.869321303807951 ], [ 126.596596442910396, 36.869515186702444 ], [ 126.596813650850706, 36.869664438631595 ], [ 126.596892764970633, 36.869580499272779 ], [ 126.596956212538259, 36.869513465416247 ], [ 126.596984062527056, 36.869497952660723 ], [ 126.597088669023776, 36.869531763507752 ], [ 126.597134210597659, 36.869528105734041 ] ] ] } },
{ "type": "Feature", "properties": { "PNU": "4427034036103940004", "JIBUN": "394-4전", "BCHK": "1" }, "geometry": { "type": "Polygon", "coordinates": [ [ [ 126.5964160426322, 36.869368329671012 ], [ 126.596466379107952, 36.86942556595168 ], [ 126.596596442910396, 36.869515186702444 ], [ 126.596834939604307, 36.869321303807951 ], [ 126.596810903811956, 36.869310923112558 ], [ 126.596728299204443, 36.869277618935662 ], [ 126.596628099343675, 36.869216249349293 ], [ 126.596532701869407, 36.869308567649881 ], [ 126.5964160426322, 36.869368329671012 ] ] ] } },
{ "type": "Feature", "properties": { "PNU": "4427034036103940005", "JIBUN": "394-5 전", "BCHK": "1" }, "geometry": { "type": "Polygon", "coordinates": [ [ [ 126.596834428760104, 36.869812963276416 ], [ 126.596777050667427, 36.869811012189885 ], [ 126.596637208082896, 36.869806718727581 ], [ 126.596518042834674, 36.869800963199829 ], [ 126.596616021209513, 36.869914002812983 ], [ 126.596692118775991, 36.869939283393499 ], [ 126.596765200960448, 36.869964283404329 ], [ 126.596834428760104, 36.869812963276416 ] ] ] } },
{ "type": "Feature", "properties": { "PNU": "4427034036103940006", "JIBUN": "394-6 임", "BCHK": "1" }, "geometry": { "type": "Polygon", "coordinates": [ [ [ 126.596596442910396, 36.869515186702444 ], [ 126.596466379107952, 36.86942556595168 ], [ 126.5964160426322, 36.869368329671012 ], [ 126.596386853724866, 36.869382513161909 ], [ 126.596313591053971, 36.869415596505078 ], [ 126.596282291737623, 36.869404479258655 ], [ 126.59623713499802, 36.869375392434037 ], [ 126.596174021425, 36.869350849361346 ], [ 126.596032595368925, 36.8693535422792 ], [ 126.595957385965789, 36.869366470458928 ], [ 126.596028914059801, 36.869428878873734 ], [ 126.596097313494198, 36.869501927522286 ], [ 126.596138490432608, 36.869558511170609 ], [ 126.596184176919238, 36.869576417311244 ], [ 126.596245628531321, 36.869605676458427 ], [ 126.596302826539542, 36.869680444192007 ], [ 126.596339445675667, 36.869729362097623 ], [ 126.596596442910396, 36.869515186702444 ] ] ] } },
{ "type": "Feature", "properties": { "PNU": "4427034036103950000", "JIBUN": "395묘", "BCHK": "1" }, "geometry": { "type": "Polygon", "coordinates": [ [ [ 126.59635888318644, 36.869765435394562 ], [ 126.596353957417492, 36.869748757589775 ], [ 126.59635233136234, 36.869746589473287 ], [ 126.596302826539542, 36.869680444192007 ], [ 126.596245628531321, 36.869605676458427 ], [ 126.596184176919238, 36.869576417311244 ], [ 126.596138490432608, 36.869558511170609 ], [ 126.596097313494198, 36.869501927522286 ], [ 126.596028914059801, 36.869428878873734 ], [ 126.595957385965789, 36.869366470458928 ], [ 126.595912745232752, 36.869301062361011 ], [ 126.595861676497265, 36.869366335427564 ], [ 126.595827986885922, 36.869423881955342 ], [ 126.595831385336709, 36.869458017711707 ], [ 126.59581521927808, 36.869512379693916 ], [ 126.595795434471356, 36.86958097562642 ], [ 126.595768049878529, 36.869648779872442 ], [ 126.59573579478382, 36.869702213256105 ], [ 126.595837095289454, 36.86974617828065 ], [ 126.595958062055004, 36.869780478080628 ], [ 126.596048110716652, 36.869797264009371 ], [ 126.59605800184778, 36.869797396628122 ], [ 126.59617126806171, 36.86979883445008 ], [ 126.596255349818591, 36.869783629383079 ], [ 126.59635888318644, 36.869765435394562 ] ] ] } },
{ "type": "Feature", "properties": { "PNU": "4427034036103960001", "JIBUN": "396-1전", "BCHK": "1" }, "geometry": { "type": "Polygon", "coordinates": [ [ [ 126.596609121103555, 36.86995091511222 ], [ 126.596559452685241, 36.869885958823296 ], [ 126.596501391661334, 36.869819568422486 ], [ 126.596441520985579, 36.869783917025352 ], [ 126.59635888318644, 36.869765435394562 ], [ 126.596255349818591, 36.869783629383079 ], [ 126.59617126806171, 36.86979883445008 ], [ 126.59605800184778, 36.869797396628122 ], [ 126.596392595658315, 36.870139933910103 ], [ 126.596407958579803, 36.870127478782031 ], [ 126.596435002837396, 36.87008387648978 ], [ 126.596512600469836, 36.870030524230216 ], [ 126.596555902895972, 36.869989797316656 ], [ 126.596609121103555, 36.86995091511222 ] ] ] } },
{ "type": "Feature", "properties": { "PNU": "4427034036103960002", "JIBUN": "396-2전", "BCHK": "1" }, "geometry": { "type": "Polygon", "coordinates": [ [ [ 126.596392595658315, 36.870139933910103 ], [ 126.59605800184778, 36.869797396628122 ], [ 126.596048110716652, 36.869797264009371 ], [ 126.595958062055004, 36.869780478080628 ], [ 126.595837095289454, 36.86974617828065 ], [ 126.59573579478382, 36.869702213256105 ], [ 126.595718509885742, 36.869745361883886 ], [ 126.595718450018765, 36.869797345502 ], [ 126.595756579564139, 36.869855441790328 ], [ 126.595789154188665, 36.869894965819647 ], [ 126.595882997442061, 36.869985825231502 ], [ 126.595935692684293, 36.87003169798092 ], [ 126.595960441778018, 36.870096380886018 ], [ 126.595961335893364, 36.870129030365632 ], [ 126.595968748922459, 36.870154727499973 ], [ 126.595988014199094, 36.870165903185395 ], [ 126.596017623133775, 36.870185025463378 ], [ 126.59606035255716, 36.870215104356539 ], [ 126.596171020516579, 36.870295072287618 ], [ 126.596223476946662, 36.870238994903836 ], [ 126.596268016890718, 36.870191171706232 ], [ 126.596298251753353, 36.870185047522348 ], [ 126.596379691978413, 36.870149658048057 ], [ 126.596392595658315, 36.870139933910103 ] ] ] } },
{ "type": "Feature", "properties": { "PNU": "4427034036103970000", "JIBUN": "397묘", "BCHK": "1" }, "geometry": { "type": "Polygon", "coordinates": [ [ [ 126.595964990284557, 36.87017211479403 ], [ 126.595938444126119, 36.870127159649456 ], [ 126.595804463475929, 36.870097825782651 ], [ 126.595764472787522, 36.87014639410711 ], [ 126.595736370639884, 36.87023333503447 ], [ 126.595842373961176, 36.870302384284599 ], [ 126.59594757676193, 36.870271833375732 ], [ 126.595964990284557, 36.87017211479403 ] ] ] } },
{ "type": "Feature", "properties": { "PNU": "4427034036103980000", "JIBUN": "398대", "BCHK": "1" }, "geometry": { "type": "Polygon", "coordinates": [ [ [ 126.596060620670215, 36.870441900321602 ], [ 126.59611219685074, 36.870374069808875 ], [ 126.596162778435186, 36.870305542066731 ], [ 126.596076217998473, 36.8702458311529 ], [ 126.596023813779993, 36.870208573862257 ], [ 126.595964990284557, 36.87017211479403 ], [ 126.59594757676193, 36.870271833375732 ], [ 126.595842373961176, 36.870302384284599 ], [ 126.595859047158257, 36.870354415587059 ], [ 126.595881526519591, 36.870415639644037 ], [ 126.595917669026392, 36.870495553514907 ], [ 126.595949800307991, 36.870544825776015 ], [ 126.596014535202428, 36.870484978476519 ], [ 126.596060620670215, 36.870441900321602 ] ] ] } },
{ "type": "Feature", "properties": { "PNU": "4427034036103990000", "JIBUN": "399전", "BCHK": "1" }, "geometry": { "type": "Polygon", "coordinates": [ [ [ 126.596364212233766, 36.870366236442578 ], [ 126.596462622238619, 36.870315702970949 ], [ 126.596465332147673, 36.870258727278284 ], [ 126.596482766744231, 36.87021477708214 ], [ 126.596509223273259, 36.870180598175175 ], [ 126.59655595879849, 36.870092566697835 ], [ 126.596640864916921, 36.87010844270489 ], [ 126.596768187026015, 36.870126498518317 ], [ 126.596769691183468, 36.870124106706974 ], [ 126.596862989452291, 36.870090135654941 ], [ 126.596738927819615, 36.870023441175398 ], [ 126.596656004573859, 36.869971609484374 ], [ 126.596609121103555, 36.86995091511222 ], [ 126.596555902895972, 36.869989797316656 ], [ 126.596512600469836, 36.870030524230216 ], [ 126.596435002837396, 36.87008387648978 ], [ 126.596407958579803, 36.870127478782031 ], [ 126.596392595658315, 36.870139933910103 ], [ 126.596379691978413, 36.870149658048057 ], [ 126.596298251753353, 36.870185047522348 ], [ 126.596268016890718, 36.870191171706232 ], [ 126.596223476946662, 36.870238994903836 ], [ 126.596171020516579, 36.870295072287618 ], [ 126.596275418844542, 36.870345192851602 ], [ 126.596364212233766, 36.870366236442578 ] ] ] } },
{ "type": "Feature", "properties": { "PNU": "4427034036104000000", "JIBUN": "400묘", "BCHK": "1" }, "geometry": { "type": "Polygon", "coordinates": [ [ [ 126.596444421653132, 36.870437315421185 ], [ 126.59649567521511, 36.870437398717591 ], [ 126.596613905235301, 36.870407783368655 ], [ 126.596627934597805, 36.870352314730397 ], [ 126.596462622238619, 36.870315702970949 ], [ 126.596364212233766, 36.870366236442578 ], [ 126.596392055135269, 36.870371412805682 ], [ 126.596433951619829, 36.870391414572083 ], [ 126.596444421653132, 36.870437315421185 ] ] ] } },
{ "type": "Feature", "properties": { "PNU": "4427034036104010000", "JIBUN": "401묘", "BCHK": "1" }, "geometry": { "type": "Polygon", "coordinates": [ [ [ 126.59674006034794, 36.870376798009012 ], [ 126.596795034958944, 36.870347356063412 ], [ 126.596694653875147, 36.870243229259536 ], [ 126.596768187026015, 36.870126498518317 ], [ 126.596640864916921, 36.87010844270489 ], [ 126.59655595879849, 36.870092566697835 ], [ 126.596509223273259, 36.870180598175175 ], [ 126.596482766744231, 36.87021477708214 ], [ 126.596465332147673, 36.870258727278284 ], [ 126.596462622238619, 36.870315702970949 ], [ 126.596627934597805, 36.870352314730397 ], [ 126.59674006034794, 36.870376798009012 ] ] ] } },
{ "type": "Feature", "properties": { "PNU": "4427034036104020000", "JIBUN": "402전", "BCHK": "1" }, "geometry": { "type": "Polygon", "coordinates": [ [ [ 126.596795034958944, 36.870347356063412 ], [ 126.596842245323714, 36.870361365387033 ], [ 126.596895092209394, 36.870404138477255 ], [ 126.596926354320274, 36.870416030372446 ], [ 126.59696510344105, 36.870415990109699 ], [ 126.597008306185927, 36.870437158492606 ], [ 126.597050620499331, 36.87046093701607 ], [ 126.597088948932935, 36.870474853158477 ], [ 126.597124596931181, 36.87048448006248 ], [ 126.597154684223071, 36.870401537335269 ], [ 126.59715797286664, 36.870392474477555 ], [ 126.597167988035878, 36.870362484021328 ], [ 126.597162815559955, 36.87030717573667 ], [ 126.597137322699709, 36.870255826685067 ], [ 126.597116888428474, 36.870193672636887 ], [ 126.59711382468312, 36.870149040364495 ], [ 126.59703506777835, 36.870130374072993 ], [ 126.596862989452291, 36.870090135654941 ], [ 126.596769691183468, 36.870124106706974 ], [ 126.596768187026015, 36.870126498518317 ], [ 126.596694653875147, 36.870243229259536 ], [ 126.596795034958944, 36.870347356063412 ] ] ] } },
{ "type": "Feature", "properties": { "PNU": "4427034036104030000", "JIBUN": "403대", "BCHK": "1" }, "geometry": { "type": "Polygon", "coordinates": [ [ [ 126.596765200960448, 36.869964283404329 ], [ 126.596861834566823, 36.870004402150158 ], [ 126.596994315741384, 36.870048138171775 ], [ 126.597124842062883, 36.870092552270378 ], [ 126.597197298972645, 36.870033469294455 ], [ 126.59721018050503, 36.870008660763389 ], [ 126.597199388830987, 36.869966282148958 ], [ 126.597214634332587, 36.869909781290687 ], [ 126.597217547652633, 36.869882416046046 ], [ 126.597146783886245, 36.869877293155305 ], [ 126.597070268922366, 36.869863175947692 ], [ 126.596989479112253, 36.869862272232751 ], [ 126.596894750115496, 36.869882532987752 ], [ 126.596850478971007, 36.869906974074404 ], [ 126.596815053575313, 36.869934139302536 ], [ 126.596765200960448, 36.869964283404329 ] ] ] } },
{ "type": "Feature", "properties": { "PNU": "4427034036104040000", "JIBUN": "404전", "BCHK": "1" }, "geometry": { "type": "Polygon", "coordinates": [ [ [ 126.597387474405778, 36.870158191341012 ], [ 126.597391313791334, 36.869990178244862 ], [ 126.597551134261408, 36.869976705680628 ], [ 126.597577979196146, 36.86990029380307 ], [ 126.5975213057594, 36.86989225409161 ], [ 126.597503748617015, 36.86986966762062 ], [ 126.597496204809786, 36.869845294738958 ], [ 126.597417102413971, 36.869858426964562 ], [ 126.59731860962205, 36.869860689617781 ], [ 126.597234397090233, 36.869868758370792 ], [ 126.597233449045049, 36.86989777023431 ], [ 126.597227883811883, 36.869915394763275 ], [ 126.597223624282606, 36.869959984282929 ], [ 126.597218474785834, 36.869986035396906 ], [ 126.597230770954525, 36.87001952534203 ], [ 126.59721414473546, 36.870039815784786 ], [ 126.597162944841415, 36.870108837491031 ], [ 126.597248918106672, 36.870150145397979 ], [ 126.597319950917736, 36.870153196632145 ], [ 126.597387474405778, 36.870158191341012 ] ] ] } },
{ "type": "Feature", "properties": { "PNU": "4427034036104050001", "JIBUN": "405-1임", "BCHK": "1" }, "geometry": { "type": "Polygon", "coordinates": [ [ [ 126.597712676194988, 36.870236917444636 ], [ 126.597786320964715, 36.870242365095628 ], [ 126.597886074379005, 36.870226445797933 ], [ 126.59794676704044, 36.870231597377661 ], [ 126.597950399353593, 36.870206099793592 ], [ 126.597980699958939, 36.870112182306215 ], [ 126.598006361798312, 36.870030305745757 ], [ 126.5980487354242, 36.869943916976943 ], [ 126.598081795275462, 36.869875680783259 ], [ 126.598081562742692, 36.869812802008951 ], [ 126.598081202486924, 36.869722827056734 ], [ 126.598089177963374, 36.869668833644248 ], [ 126.598097378689815, 36.869616805363812 ], [ 126.597919129217715, 36.869622313990952 ], [ 126.597894357574802, 36.869746346483616 ], [ 126.597871100618491, 36.86986809530903 ], [ 126.597812190140772, 36.869968404144558 ], [ 126.597761990039544, 36.870052252395986 ], [ 126.59773296117217, 36.870158158600049 ], [ 126.597712676194988, 36.870236917444636 ] ] ] } },
{ "type": "Feature", "properties": { "PNU": "4427034036104050002", "JIBUN": "405-2 대", "BCHK": "1" }, "geometry": { "type": "Polygon", "coordinates": [ [ [ 126.597345872447775, 36.869537128509009 ], [ 126.597258789207402, 36.86953018445724 ], [ 126.597147411454671, 36.869521563360607 ], [ 126.597177830131415, 36.869602430706188 ], [ 126.597187962437999, 36.869678652001163 ], [ 126.597364590048315, 36.869644466343878 ], [ 126.597345872447775, 36.869537128509009 ] ] ] } },
{ "type": "Feature", "properties": { "PNU": "4427034036104050003", "JIBUN": "405-3임", "BCHK": "1" }, "geometry": { "type": "Polygon", "coordinates": [ [ [ 126.597577979196146, 36.86990029380307 ], [ 126.597551134261408, 36.869976705680628 ], [ 126.597391313791334, 36.869990178244862 ], [ 126.597387474405778, 36.870158191341012 ], [ 126.597475519984229, 36.870189287730867 ], [ 126.597574646860124, 36.870224575464135 ], [ 126.597577979196146, 36.86990029380307 ] ] ] } },
{ "type": "Feature", "properties": { "PNU": "4427034036104050004", "JIBUN": "405-4임", "BCHK": "1" }, "geometry": { "type": "Polygon", "coordinates": [ [ [ 126.598097378689815, 36.869616805363812 ], [ 126.598108203261148, 36.869547683253181 ], [ 126.598120383261403, 36.869491757651488 ], [ 126.598062250690873, 36.869451760663587 ], [ 126.597981733446673, 36.869396585948273 ], [ 126.597966256307046, 36.869441732408653 ], [ 126.597934264549295, 36.869539545918471 ], [ 126.597919129217715, 36.869622313990952 ], [ 126.598097378689815, 36.869616805363812 ] ] ] } },
{ "type": "Feature", "properties": { "PNU": "4427034036104050005", "JIBUN": "405-5임", "BCHK": "1" }, "geometry": { "type": "Polygon", "coordinates": [ [ [ 126.597919129217715, 36.869622313990952 ], [ 126.597934264549295, 36.869539545918471 ], [ 126.597966256307046, 36.869441732408653 ], [ 126.597981733446673, 36.869396585948273 ], [ 126.597949558476031, 36.869374851359566 ], [ 126.597943864849839, 36.869374147339663 ], [ 126.59790333713616, 36.86936910879551 ], [ 126.597681334196764, 36.869411810689208 ], [ 126.597721554872962, 36.869630172093323 ], [ 126.597919129217715, 36.869622313990952 ] ] ] } },
{ "type": "Feature", "properties": { "PNU": "4427034036104050006", "JIBUN": "405-6임", "BCHK": "1" }, "geometry": { "type": "Polygon", "coordinates": [ [ [ 126.597349935899956, 36.86945709848775 ], [ 126.597681334196764, 36.869411810689208 ], [ 126.59790333713616, 36.86936910879551 ], [ 126.597743775141367, 36.869283985543767 ], [ 126.597645183881042, 36.869232263890964 ], [ 126.597409494596789, 36.869297203041526 ], [ 126.597349935899956, 36.86945709848775 ] ] ] } },
{ "type": "Feature", "properties": { "PNU": "4427034036104050007", "JIBUN": "405-7도", "BCHK": "1" }, "geometry": { "type": "Polygon", "coordinates": [ [ [ 126.598068080870931, 36.870182554485147 ], [ 126.598129905121297, 36.870058998237006 ], [ 126.598165987059275, 36.869948934641734 ], [ 126.598174985813344, 36.869825650928391 ], [ 126.598183730424438, 36.869695184675976 ], [ 126.598188056787734, 36.869644125524246 ], [ 126.598184315919283, 36.869574395662653 ], [ 126.598164206581075, 36.86952506537753 ], [ 126.598153660003888, 36.869420593623232 ], [ 126.598148847179658, 36.869380055432657 ], [ 126.598146548797061, 36.869373469738832 ], [ 126.598131633479198, 36.869439919859637 ], [ 126.598120383261403, 36.869491757651488 ], [ 126.598108203261148, 36.869547683253181 ], [ 126.598097378689815, 36.869616805363812 ], [ 126.598089177963374, 36.869668833644248 ], [ 126.598081202486924, 36.869722827056734 ], [ 126.598081562742692, 36.869812802008951 ], [ 126.598081795275462, 36.869875680783259 ], [ 126.5980487354242, 36.869943916976943 ], [ 126.598006361798312, 36.870030305745757 ], [ 126.597980699958939, 36.870112182306215 ], [ 126.597950399353593, 36.870206099793592 ], [ 126.59794676704044, 36.870231597377661 ], [ 126.597962595501755, 36.870233038408969 ], [ 126.598029914815115, 36.870214865068093 ], [ 126.598068080870931, 36.870182554485147 ] ] ] } },
{ "type": "Feature", "properties": { "PNU": "4427034036104050009", "JIBUN": "405-9 전", "BCHK": "1" }, "geometry": { "type": "Polygon", "coordinates": [ [ [ 126.597187962437999, 36.869678652001163 ], [ 126.597208424598193, 36.869754754994098 ], [ 126.597220809347647, 36.869824901540426 ], [ 126.597234397090233, 36.869868758370792 ], [ 126.59731860962205, 36.869860689617781 ], [ 126.597417102413971, 36.869858426964562 ], [ 126.597496204809786, 36.869845294738958 ], [ 126.597492047847879, 36.869793062603712 ], [ 126.597472900944823, 36.869628360015597 ], [ 126.597414626547533, 36.869542604933095 ], [ 126.597345872447775, 36.869537128509009 ], [ 126.597364590048315, 36.869644466343878 ], [ 126.597187962437999, 36.869678652001163 ] ] ] } },
{ "type": "Feature", "properties": { "PNU": "4427034036104050010", "JIBUN": "405-10 대", "BCHK": "1" }, "geometry": { "type": "Polygon", "coordinates": [ [ [ 126.597147411454671, 36.869521563360607 ], [ 126.597258789207402, 36.86953018445724 ], [ 126.597345872447775, 36.869537128509009 ], [ 126.597337782254215, 36.869490722144732 ], [ 126.597271700298435, 36.86948040683982 ], [ 126.597147411454671, 36.869521563360607 ] ] ] } },
{ "type": "Feature", "properties": { "PNU": "4427034036104050011", "JIBUN": "405-11 임", "BCHK": "1" }, "geometry": { "type": "Polygon", "coordinates": [ [ [ 126.597271700298435, 36.86948040683982 ], [ 126.597105983361502, 36.869427106439041 ], [ 126.59713601225701, 36.869475280969773 ], [ 126.597147411454671, 36.869521563360607 ], [ 126.597271700298435, 36.86948040683982 ] ] ] } },
{ "type": "Feature", "properties": { "PNU": "4427034036104050012", "JIBUN": "405-12 임", "BCHK": "1" }, "geometry": { "type": "Polygon", "coordinates": [ [ [ 126.597577979196146, 36.86990029380307 ], [ 126.597574646860124, 36.870224575464135 ], [ 126.597712676194988, 36.870236917444636 ], [ 126.59773296117217, 36.870158158600049 ], [ 126.597761990039544, 36.870052252395986 ], [ 126.597812190140772, 36.869968404144558 ], [ 126.597871100618491, 36.86986809530903 ], [ 126.597894357574802, 36.869746346483616 ], [ 126.597919129217715, 36.869622313990952 ], [ 126.597721554872962, 36.869630172093323 ], [ 126.597577979196146, 36.86990029380307 ] ] ] } },
{ "type": "Feature", "properties": { "PNU": "4427034036104050013", "JIBUN": "405-13 임", "BCHK": "1" }, "geometry": { "type": "Polygon", "coordinates": [ [ [ 126.597345872447775, 36.869537128509009 ], [ 126.597414626547533, 36.869542604933095 ], [ 126.597472900944823, 36.869628360015597 ], [ 126.597492047847879, 36.869793062603712 ], [ 126.597496204809786, 36.869845294738958 ], [ 126.597503748617015, 36.86986966762062 ], [ 126.5975213057594, 36.86989225409161 ], [ 126.597577979196146, 36.86990029380307 ], [ 126.597721554872962, 36.869630172093323 ], [ 126.597681334196764, 36.869411810689208 ], [ 126.597349935899956, 36.86945709848775 ], [ 126.597337782254215, 36.869490722144732 ], [ 126.597345872447775, 36.869537128509009 ] ] ] } },
{ "type": "Feature", "properties": { "PNU": "4427034036104060000", "JIBUN": "406전", "BCHK": "1" }, "geometry": { "type": "Polygon", "coordinates": [ [ [ 126.597674368898296, 36.870444318023132 ], [ 126.597681241563151, 36.870391104872972 ], [ 126.59774930461235, 36.870297161633509 ], [ 126.597667329194792, 36.87026979840882 ], [ 126.59757162332221, 36.870262320888806 ], [ 126.597517264492708, 36.870251270336773 ], [ 126.597391973000711, 36.87021800278761 ], [ 126.597197527176405, 36.870176355737897 ], [ 126.597151411327715, 36.870158944135731 ], [ 126.597135790055972, 36.870154349885027 ], [ 126.597130902875804, 36.870185988631562 ], [ 126.59713868958832, 36.870217507990375 ], [ 126.597154572396519, 36.870260002923807 ], [ 126.597183790762216, 36.8703088234831 ], [ 126.597281921964097, 36.870341494939346 ], [ 126.597436605464466, 36.870394730820564 ], [ 126.597610452390271, 36.870478731252206 ], [ 126.597674368898296, 36.870444318023132 ] ] ] } },
{ "type": "Feature", "properties": { "PNU": "4427034036104070000", "JIBUN": "407답", "BCHK": "1" }, "geometry": { "type": "Polygon", "coordinates": [ [ [ 126.597809550967384, 36.87054019924998 ], [ 126.597819856092798, 36.870527654797655 ], [ 126.597878057026747, 36.870423703177536 ], [ 126.597892145292164, 36.870404025838106 ], [ 126.59791967788145, 36.870365561061234 ], [ 126.597927669312966, 36.870360091358336 ], [ 126.597938099578329, 36.870282768034038 ], [ 126.597915460531425, 36.870288323523141 ], [ 126.597887606358583, 36.870272406498572 ], [ 126.597868130711191, 36.870269241091798 ], [ 126.597856982685016, 36.870271393151668 ], [ 126.597832049159663, 36.870284645199128 ], [ 126.597790411046233, 36.870294560948125 ], [ 126.59774930461235, 36.870297161633509 ], [ 126.597681241563151, 36.870391104872972 ], [ 126.597674368898296, 36.870444318023132 ], [ 126.59772045041538, 36.870494114441499 ], [ 126.597755821462542, 36.870520275203482 ], [ 126.597809550967384, 36.87054019924998 ] ] ] } },
{ "type": "Feature", "properties": { "PNU": "4427034036104070001", "JIBUN": "407-1도", "BCHK": "1" }, "geometry": { "type": "Polygon", "coordinates": [ [ [ 126.597809550967384, 36.87054019924998 ], [ 126.597755821462542, 36.870520275203482 ], [ 126.597776870617295, 36.870537836324587 ], [ 126.597809550967384, 36.87054019924998 ] ] ] } },
{ "type": "Feature", "properties": { "PNU": "4427034036104070002", "JIBUN": "407-2도", "BCHK": "1" }, "geometry": { "type": "Polygon", "coordinates": [ [ [ 126.597938099578329, 36.870282768034038 ], [ 126.597927669312966, 36.870360091358336 ], [ 126.597984126701931, 36.87032151681813 ], [ 126.598008248928835, 36.87029395271216 ], [ 126.598019303679251, 36.870273147782804 ], [ 126.597952799244169, 36.870279159163552 ], [ 126.597938099578329, 36.870282768034038 ] ] ] } },
{ "type": "Feature", "properties": { "PNU": "4427034036104080000", "JIBUN": "408 도", "BCHK": "1" }, "geometry": { "type": "Polygon", "coordinates": [ [ [ 126.598124242141054, 36.87016844344403 ], [ 126.598165398691492, 36.870166969158738 ], [ 126.598172953949828, 36.870137619112128 ], [ 126.598227784090284, 36.869989574682705 ], [ 126.598232472307146, 36.869886361719487 ], [ 126.598244724705182, 36.869616661990989 ], [ 126.59824755001604, 36.869554505374012 ], [ 126.598239487360544, 36.869491969668331 ], [ 126.598227531823881, 36.869513492458381 ], [ 126.598200711082654, 36.869529540615652 ], [ 126.598203525343848, 36.86955547442809 ], [ 126.598210798757407, 36.869590866674791 ], [ 126.598206797760255, 36.869618264325673 ], [ 126.598197869224762, 36.869807625140254 ], [ 126.598194197068992, 36.869915995755292 ], [ 126.598193616567059, 36.869945567540526 ], [ 126.598161567738856, 36.870067223725449 ], [ 126.598124242141054, 36.87016844344403 ] ] ] } },
{ "type": "Feature", "properties": { "PNU": "4427034036104100000", "JIBUN": "410답", "BCHK": "1" }, "geometry": { "type": "Polygon", "coordinates": [ [ [ 126.598704162325106, 36.871205503834211 ], [ 126.598685290266971, 36.87115749340132 ], [ 126.59862493542667, 36.871179898630409 ], [ 126.598704162325106, 36.871205503834211 ] ] ] } },
{ "type": "Feature", "properties": { "PNU": "4427034036104100002", "JIBUN": "410-2답", "BCHK": "1" }, "geometry": { "type": "Polygon", "coordinates": [ [ [ 126.598534953208571, 36.871149949968036 ], [ 126.598663005758709, 36.871099298189847 ], [ 126.598528049963861, 36.871082227928532 ], [ 126.598472017781106, 36.871060719549831 ], [ 126.598483721528083, 36.871132674848731 ], [ 126.598534953208571, 36.871149949968036 ] ] ] } },
{ "type": "Feature", "properties": { "PNU": "4427034036104200000", "JIBUN": "420도", "BCHK": "1" }, "geometry": { "type": "Polygon", "coordinates": [ [ [ 126.598200711082654, 36.869529540615652 ], [ 126.598227531823881, 36.869513492458381 ], [ 126.598239487360544, 36.869491969668331 ], [ 126.598224688209015, 36.869377121070819 ], [ 126.598217024604878, 36.8693842679249 ], [ 126.598187612026678, 36.869387647047404 ], [ 126.598186146695625, 36.869466424328486 ], [ 126.598200711082654, 36.869529540615652 ] ] ] } },
{ "type": "Feature", "properties": { "PNU": "4427034036104210000", "JIBUN": "421도", "BCHK": "1" }, "geometry": { "type": "Polygon", "coordinates": [ [ [ 126.598187612026678, 36.869387647047404 ], [ 126.598217024604878, 36.8693842679249 ], [ 126.598224688209015, 36.869377121070819 ], [ 126.598217153775508, 36.869318678085605 ], [ 126.598293022348514, 36.868964355060164 ], [ 126.598394325365021, 36.868614442832659 ], [ 126.598391484945438, 36.868552663603765 ], [ 126.598379109279094, 36.86858811583749 ], [ 126.598365396373637, 36.868671375359554 ], [ 126.598352361189143, 36.868719305454142 ], [ 126.598319169997225, 36.868812861901759 ], [ 126.598270946159261, 36.868911548970857 ], [ 126.598230115713548, 36.86900755765533 ], [ 126.598198817403556, 36.869097236745972 ], [ 126.598187504131985, 36.869152579571654 ], [ 126.598184430486043, 36.86922578270714 ], [ 126.598190028389737, 36.869255573549168 ], [ 126.598185334074302, 36.869314822364629 ], [ 126.598187612026678, 36.869387647047404 ] ] ] } },
{ "type": "Feature", "properties": { "PNU": "4427034036104240000", "JIBUN": "424도", "BCHK": "1" }, "geometry": { "type": "Polygon", "coordinates": [ [ [ 126.598390719234004, 36.868536053951402 ], [ 126.598388684219572, 36.868491875705992 ], [ 126.598333396889572, 36.868340847199555 ], [ 126.598309646529103, 36.86827577164977 ], [ 126.598299532084667, 36.868271187085909 ], [ 126.598259471436947, 36.868267015282399 ], [ 126.598315464575393, 36.868398798935551 ], [ 126.598364576838122, 36.868512429475281 ], [ 126.598380752363099, 36.868544022064157 ], [ 126.598390719234004, 36.868536053951402 ] ] ] } },
{ "type": "Feature", "properties": { "PNU": "4427034036104250000", "JIBUN": "425전", "BCHK": "1" }, "geometry": { "type": "Polygon", "coordinates": [ [ [ 126.598214094957271, 36.868475608770453 ], [ 126.598163560489766, 36.868378814734875 ], [ 126.598126441013832, 36.868307476592726 ], [ 126.598094412765505, 36.868328616360685 ], [ 126.598056677381194, 36.868364541783791 ], [ 126.598016240599065, 36.868378705796545 ], [ 126.597877811370836, 36.868411354210032 ], [ 126.597863855347271, 36.868442286605458 ], [ 126.597983491652798, 36.868454097687049 ], [ 126.598170534262664, 36.868473749956934 ], [ 126.598214094957271, 36.868475608770453 ] ] ] } },
{ "type": "Feature", "properties": { "PNU": "4427034036104250001", "JIBUN": "425-1 도", "BCHK": "1" }, "geometry": { "type": "Polygon", "coordinates": [ [ [ 126.598214094957271, 36.868475608770453 ], [ 126.59823353762178, 36.868609675238332 ], [ 126.598200942890543, 36.868631894432539 ], [ 126.598224003973996, 36.868631332341884 ], [ 126.598299657435646, 36.868640562002156 ], [ 126.598340210550319, 36.868640662527589 ], [ 126.598356340136533, 36.868614414048984 ], [ 126.598364204842795, 36.868570845836267 ], [ 126.598358004108931, 36.868538367723154 ], [ 126.598332211711494, 36.868479899298471 ], [ 126.598240984200658, 36.868270106825491 ], [ 126.598192765154266, 36.868277657723013 ], [ 126.598147933813038, 36.868293654209815 ], [ 126.598126441013832, 36.868307476592726 ], [ 126.598163560489766, 36.868378814734875 ], [ 126.598214094957271, 36.868475608770453 ] ] ] } },
{ "type": "Feature", "properties": { "PNU": "4427034036104260000", "JIBUN": "426전", "BCHK": "1" }, "geometry": { "type": "Polygon", "coordinates": [ [ [ 126.597876348485727, 36.868665699725668 ], [ 126.597934785498623, 36.868653704988674 ], [ 126.597999238924203, 36.868651462263664 ], [ 126.598082661001314, 36.868629117046972 ], [ 126.598157198554546, 36.868632972546074 ], [ 126.598200942890543, 36.868631894432539 ], [ 126.59823353762178, 36.868609675238332 ], [ 126.598214094957271, 36.868475608770453 ], [ 126.598170534262664, 36.868473749956934 ], [ 126.597983491652798, 36.868454097687049 ], [ 126.597863855347271, 36.868442286605458 ], [ 126.597852230874494, 36.868488473289453 ], [ 126.59782990630471, 36.868528397367712 ], [ 126.597823312954191, 36.868556101650732 ], [ 126.597836795496377, 36.868583621320269 ], [ 126.597859529425847, 36.868607045191389 ], [ 126.597876348485727, 36.868665699725668 ] ] ] } },
{ "type": "Feature", "properties": { "PNU": "4427034036104270000", "JIBUN": "427대", "BCHK": "1" }, "geometry": { "type": "Polygon", "coordinates": [ [ [ 126.598148847179658, 36.869380055432657 ], [ 126.598154169038565, 36.869342398828074 ], [ 126.598153604404743, 36.869250738143535 ], [ 126.598158618916386, 36.869132288852903 ], [ 126.598185213112387, 36.869030681528088 ], [ 126.59819225353813, 36.869013999053173 ], [ 126.598202181515077, 36.868933979738308 ], [ 126.59820922412375, 36.868873891804938 ], [ 126.598216846182311, 36.868818815878178 ], [ 126.598244614708847, 36.868707048203987 ], [ 126.598190374762623, 36.868677706249599 ], [ 126.598180428684159, 36.868642998831383 ], [ 126.598139429326011, 36.868642446203374 ], [ 126.59809478558897, 36.868639646580171 ], [ 126.598035487261413, 36.868659811372183 ], [ 126.598009420011593, 36.868664769620786 ], [ 126.598005092188103, 36.868722541883692 ], [ 126.598036637056794, 36.868819812640275 ], [ 126.598048791994501, 36.868858906806402 ], [ 126.598052789496791, 36.868890188071241 ], [ 126.598010018466638, 36.868915328490296 ], [ 126.597992703352944, 36.868940915129308 ], [ 126.597969566893923, 36.869024629425851 ], [ 126.598075986589137, 36.869031169549821 ], [ 126.598086547987108, 36.869100543946352 ], [ 126.59809372487635, 36.869182341966543 ], [ 126.598119397718364, 36.869295956685868 ], [ 126.598146548797061, 36.869373469738832 ], [ 126.598148847179658, 36.869380055432657 ] ] ] } },
{ "type": "Feature", "properties": { "PNU": "4427034036104270001", "JIBUN": "427-1도", "BCHK": "1" }, "geometry": { "type": "Polygon", "coordinates": [ [ [ 126.59819225353813, 36.869013999053173 ], [ 126.598222572936024, 36.86894212218705 ], [ 126.59824881343043, 36.868884630978137 ], [ 126.598307186677303, 36.868773092523703 ], [ 126.598337030152734, 36.868659115135188 ], [ 126.598304328290141, 36.868652427055615 ], [ 126.59824709636203, 36.86864411548315 ], [ 126.598180428684159, 36.868642998831383 ], [ 126.598190374762623, 36.868677706249599 ], [ 126.598244614708847, 36.868707048203987 ], [ 126.598216846182311, 36.868818815878178 ], [ 126.59820922412375, 36.868873891804938 ], [ 126.598202181515077, 36.868933979738308 ], [ 126.59819225353813, 36.869013999053173 ] ] ] } },
{ "type": "Feature", "properties": { "PNU": "4427034036104280000", "JIBUN": "428전", "BCHK": "1" }, "geometry": { "type": "Polygon", "coordinates": [ [ [ 126.597981733446673, 36.869396585948273 ], [ 126.598062250690873, 36.869451760663587 ], [ 126.598120383261403, 36.869491757651488 ], [ 126.598131633479198, 36.869439919859637 ], [ 126.598146548797061, 36.869373469738832 ], [ 126.598119397718364, 36.869295956685868 ], [ 126.59809372487635, 36.869182341966543 ], [ 126.598086547987108, 36.869100543946352 ], [ 126.598075986589137, 36.869031169549821 ], [ 126.597969566893923, 36.869024629425851 ], [ 126.597960295323134, 36.869060506576091 ], [ 126.59784589794333, 36.869121241796527 ], [ 126.597887709784615, 36.869174574054412 ], [ 126.59788981911656, 36.869251714392107 ], [ 126.597893610532211, 36.869279498739679 ], [ 126.5979096429093, 36.869317020072039 ], [ 126.597949558476031, 36.869374851359566 ], [ 126.597981733446673, 36.869396585948273 ] ] ] } },
{ "type": "Feature", "properties": { "PNU": "4427034036104290000", "JIBUN": "429전", "BCHK": "1" }, "geometry": { "type": "Polygon", "coordinates": [ [ [ 126.59790333713616, 36.86936910879551 ], [ 126.597943864849839, 36.869374147339663 ], [ 126.597849174034138, 36.869331431872887 ], [ 126.59777799022585, 36.869269404167213 ], [ 126.597717399373877, 36.869178370044949 ], [ 126.597713934816426, 36.869180340755833 ], [ 126.597681628860542, 36.869198731149787 ], [ 126.597645183881042, 36.869232263890964 ], [ 126.597743775141367, 36.869283985543767 ], [ 126.59790333713616, 36.86936910879551 ] ] ] } },
{ "type": "Feature", "properties": { "PNU": "4427034036104290001", "JIBUN": "429-1전", "BCHK": "1" }, "geometry": { "type": "Polygon", "coordinates": [ [ [ 126.597943864849839, 36.869374147339663 ], [ 126.597949558476031, 36.869374851359566 ], [ 126.5979096429093, 36.869317020072039 ], [ 126.597893610532211, 36.869279498739679 ], [ 126.59788981911656, 36.869251714392107 ], [ 126.597887709784615, 36.869174574054412 ], [ 126.59784589794333, 36.869121241796527 ], [ 126.597831793510395, 36.869111849946265 ], [ 126.597785120962939, 36.869057257774344 ], [ 126.597721474938012, 36.869076623798392 ], [ 126.597696610399467, 36.86910250031216 ], [ 126.597712719914028, 36.869138111623144 ], [ 126.597725453418377, 36.869173774621856 ], [ 126.597717399373877, 36.869178370044949 ], [ 126.59777799022585, 36.869269404167213 ], [ 126.597849174034138, 36.869331431872887 ], [ 126.597943864849839, 36.869374147339663 ] ] ] } },
{ "type": "Feature", "properties": { "PNU": "4427034036104300000", "JIBUN": "430전", "BCHK": "1" }, "geometry": { "type": "Polygon", "coordinates": [ [ [ 126.597721474938012, 36.869076623798392 ], [ 126.597785120962939, 36.869057257774344 ], [ 126.597831793510395, 36.869111849946265 ], [ 126.597915782244741, 36.869069151157433 ], [ 126.597950675973365, 36.869047002869436 ], [ 126.597961073476327, 36.868988800526409 ], [ 126.597979770994868, 36.868932581521022 ], [ 126.597996126052081, 36.868906144624319 ], [ 126.598027992010429, 36.868886067623883 ], [ 126.598027714852662, 36.868866116576037 ], [ 126.597993687411545, 36.868782506973204 ], [ 126.597947050845534, 36.868667343768998 ], [ 126.597855140899796, 36.868693598032692 ], [ 126.59778763250408, 36.86871815936729 ], [ 126.597685044076201, 36.868729698746669 ], [ 126.597613785848921, 36.868748570472214 ], [ 126.597585472742892, 36.868769082860645 ], [ 126.597551674645345, 36.86878760335005 ], [ 126.597556298865527, 36.868894199776221 ], [ 126.597580707835377, 36.868936173765441 ], [ 126.597609312669036, 36.868965006003705 ], [ 126.597662692405464, 36.868997994731068 ], [ 126.597721474938012, 36.869076623798392 ] ] ] } },
{ "type": "Feature", "properties": { "PNU": "4427034036104310000", "JIBUN": "431전", "BCHK": "1" }, "geometry": { "type": "Polygon", "coordinates": [ [ [ 126.597409494596789, 36.869297203041526 ], [ 126.597645183881042, 36.869232263890964 ], [ 126.597681628860542, 36.869198731149787 ], [ 126.597713934816426, 36.869180340755833 ], [ 126.597687495944712, 36.869129745536647 ], [ 126.597675560967744, 36.869067899577708 ], [ 126.5975612348022, 36.86908277833934 ], [ 126.597462972485488, 36.869111939402366 ], [ 126.597406978669966, 36.869053395886517 ], [ 126.597352257702028, 36.86910318557274 ], [ 126.597364183558483, 36.869140990475472 ], [ 126.597389335646824, 36.869169531772471 ], [ 126.597423782183228, 36.869177181146725 ], [ 126.597409494596789, 36.869297203041526 ] ] ] } },
{ "type": "Feature", "properties": { "PNU": "4427034036104310001", "JIBUN": "431-1전", "BCHK": "1" }, "geometry": { "type": "Polygon", "coordinates": [ [ [ 126.597717399373877, 36.869178370044949 ], [ 126.597725453418377, 36.869173774621856 ], [ 126.597712719914028, 36.869138111623144 ], [ 126.597696610399467, 36.86910250031216 ], [ 126.597721474938012, 36.869076623798392 ], [ 126.597662692405464, 36.868997994731068 ], [ 126.597609312669036, 36.868965006003705 ], [ 126.597580707835377, 36.868936173765441 ], [ 126.597556298865527, 36.868894199776221 ], [ 126.597551674645345, 36.86878760335005 ], [ 126.597440201497847, 36.868795282910263 ], [ 126.597454522531436, 36.868898370786567 ], [ 126.597453448189839, 36.868949413859653 ], [ 126.597428490697112, 36.869033815741844 ], [ 126.597406978669966, 36.869053395886517 ], [ 126.597462972485488, 36.869111939402366 ], [ 126.5975612348022, 36.86908277833934 ], [ 126.597675560967744, 36.869067899577708 ], [ 126.597687495944712, 36.869129745536647 ], [ 126.597713934816426, 36.869180340755833 ], [ 126.597717399373877, 36.869178370044949 ] ] ] } },
{ "type": "Feature", "properties": { "PNU": "4427034036104320000", "JIBUN": "432대", "BCHK": "1" }, "geometry": { "type": "Polygon", "coordinates": [ [ [ 126.597406978669966, 36.869053395886517 ], [ 126.597428490697112, 36.869033815741844 ], [ 126.597453448189839, 36.868949413859653 ], [ 126.597454522531436, 36.868898370786567 ], [ 126.597440201497847, 36.868795282910263 ], [ 126.597357029878424, 36.868791109466521 ], [ 126.597329243930773, 36.868803018171803 ], [ 126.597267621943388, 36.868840682896462 ], [ 126.597212476439111, 36.868883739951073 ], [ 126.597185309642569, 36.86888018802393 ], [ 126.597197176101261, 36.868944331578774 ], [ 126.597182058632214, 36.868997832250145 ], [ 126.597186290786638, 36.8690270688627 ], [ 126.597227977448924, 36.869069930274101 ], [ 126.597352257702028, 36.86910318557274 ], [ 126.597406978669966, 36.869053395886517 ] ] ] } },
{ "type": "Feature", "properties": { "PNU": "4427034036104330000", "JIBUN": "433임", "BCHK": "1" }, "geometry": { "type": "Polygon", "coordinates": [ [ [ 126.597349935899956, 36.86945709848775 ], [ 126.597409494596789, 36.869297203041526 ], [ 126.597423782183228, 36.869177181146725 ], [ 126.597389335646824, 36.869169531772471 ], [ 126.597364183558483, 36.869140990475472 ], [ 126.597352257702028, 36.86910318557274 ], [ 126.597227977448924, 36.869069930274101 ], [ 126.597186290786638, 36.8690270688627 ], [ 126.597182058632214, 36.868997832250145 ], [ 126.597197176101261, 36.868944331578774 ], [ 126.597185309642569, 36.86888018802393 ], [ 126.59714228187886, 36.868860029512845 ], [ 126.597077338166784, 36.868829479483004 ], [ 126.597001780457617, 36.868812662197982 ], [ 126.596921836750809, 36.868817447170997 ], [ 126.596865201430077, 36.868836566102473 ], [ 126.59679113418467, 36.868869232524631 ], [ 126.596868141922585, 36.868923981684986 ], [ 126.596938094098661, 36.86898542006643 ], [ 126.596972438064768, 36.869031924186572 ], [ 126.596916143808102, 36.869067272908175 ], [ 126.59695569954448, 36.86912083215126 ], [ 126.596984728033391, 36.869197252483971 ], [ 126.597006379323005, 36.869238946943739 ], [ 126.597010546275371, 36.869317058411241 ], [ 126.597024548415789, 36.869365268929009 ], [ 126.597071313286477, 36.869408580072971 ], [ 126.597105983361502, 36.869427106439041 ], [ 126.597271700298435, 36.86948040683982 ], [ 126.597337782254215, 36.869490722144732 ], [ 126.597349935899956, 36.86945709848775 ] ] ] } },
{ "type": "Feature", "properties": { "PNU": "4427034036104340000", "JIBUN": "434전", "BCHK": "1" }, "geometry": { "type": "Polygon", "coordinates": [ [ [ 126.596916143808102, 36.869067272908175 ], [ 126.596972438064768, 36.869031924186572 ], [ 126.596938094098661, 36.86898542006643 ], [ 126.596868141922585, 36.868923981684986 ], [ 126.59679113418467, 36.868869232524631 ], [ 126.596742579166445, 36.868912996467117 ], [ 126.596764946790842, 36.868939933554714 ], [ 126.596802626456622, 36.868972644316131 ], [ 126.596867459055204, 36.869020134594749 ], [ 126.596916143808102, 36.869067272908175 ] ] ] } },
{ "type": "Feature", "properties": { "PNU": "4427034036104350000", "JIBUN": "435대", "BCHK": "1" }, "geometry": { "type": "Polygon", "coordinates": [ [ [ 126.596776613126252, 36.869275655708449 ], [ 126.596814213882013, 36.869289200033961 ], [ 126.59689096123202, 36.869320934482417 ], [ 126.596914476538515, 36.869338621234824 ], [ 126.596958816492275, 36.869354531121083 ], [ 126.596994786755729, 36.869360338535841 ], [ 126.596990419725813, 36.869264745264651 ], [ 126.596969475178213, 36.869220872554749 ], [ 126.596956046173517, 36.869185306245846 ], [ 126.596918731233458, 36.869095747056477 ], [ 126.596888148519511, 36.869063438775569 ], [ 126.596861429746212, 36.86903856852075 ], [ 126.596836805036176, 36.869018589241016 ], [ 126.596757454698604, 36.868955001467995 ], [ 126.596721986399871, 36.86891335035434 ], [ 126.596666654048917, 36.868959893737284 ], [ 126.596653153924308, 36.868993602882163 ], [ 126.596651170968755, 36.869008184808727 ], [ 126.596647473524683, 36.869035340140897 ], [ 126.596623807698492, 36.869065680874151 ], [ 126.596575273203399, 36.86909906426957 ], [ 126.596532278840286, 36.869132466385679 ], [ 126.59666996559217, 36.869218364314882 ], [ 126.596753799060949, 36.869267558887024 ], [ 126.596776613126252, 36.869275655708449 ] ] ] } },
{ "type": "Feature", "properties": { "PNU": "4427034036104360000", "JIBUN": "436전", "BCHK": "1" }, "geometry": { "type": "Polygon", "coordinates": [ [ [ 126.596647473524683, 36.869035340140897 ], [ 126.596451599613843, 36.868875229870227 ], [ 126.59619118200672, 36.868865157383276 ], [ 126.596247368369205, 36.868927414609743 ], [ 126.596309646889452, 36.868984961711149 ], [ 126.596399734496103, 36.869045504390805 ], [ 126.596486967705275, 36.86910289254444 ], [ 126.596532278840286, 36.869132466385679 ], [ 126.596575273203399, 36.86909906426957 ], [ 126.596623807698492, 36.869065680874151 ], [ 126.596647473524683, 36.869035340140897 ] ] ] } },
{ "type": "Feature", "properties": { "PNU": "4427034036104370000", "JIBUN": "437전", "BCHK": "1" }, "geometry": { "type": "Polygon", "coordinates": [ [ [ 126.596647473524683, 36.869035340140897 ], [ 126.596651170968755, 36.869008184808727 ], [ 126.596653153924308, 36.868993602882163 ], [ 126.596666654048917, 36.868959893737284 ], [ 126.596721986399871, 36.86891335035434 ], [ 126.596702161735536, 36.868882682337301 ], [ 126.596654310548459, 36.868843458316704 ], [ 126.596569149010193, 36.868771713930506 ], [ 126.596529524609522, 36.868814814154398 ], [ 126.596515948119759, 36.868852388698372 ], [ 126.596504975971754, 36.868863813434231 ], [ 126.596475125265655, 36.868873777612755 ], [ 126.596451599613843, 36.868875229870227 ], [ 126.596647473524683, 36.869035340140897 ] ] ] } },
{ "type": "Feature", "properties": { "PNU": "4427034036104380000", "JIBUN": "438전", "BCHK": "1" }, "geometry": { "type": "Polygon", "coordinates": [ [ [ 126.596569149010193, 36.868771713930506 ], [ 126.596485953797881, 36.868697155726132 ], [ 126.596456574549393, 36.86867495261351 ], [ 126.596396179710055, 36.868643192120743 ], [ 126.596380837371086, 36.868668893331076 ], [ 126.596387095975956, 36.868698731549109 ], [ 126.596408419187725, 36.868738739973203 ], [ 126.596378909211182, 36.868812078878122 ], [ 126.596451599613843, 36.868875229870227 ], [ 126.596475125265655, 36.868873777612755 ], [ 126.596504975971754, 36.868863813434231 ], [ 126.596515948119759, 36.868852388698372 ], [ 126.596529524609522, 36.868814814154398 ], [ 126.596569149010193, 36.868771713930506 ] ] ] } },
{ "type": "Feature", "properties": { "PNU": "4427034036104390000", "JIBUN": "439전", "BCHK": "1" }, "geometry": { "type": "Polygon", "coordinates": [ [ [ 126.596328454810532, 36.868595592675156 ], [ 126.596360226096422, 36.868610748386637 ], [ 126.596417612153942, 36.868638822273397 ], [ 126.59649487662702, 36.868685147361738 ], [ 126.596581591841769, 36.868759996803334 ], [ 126.59670573524329, 36.868767841601503 ], [ 126.596650121280064, 36.868701171188292 ], [ 126.596601555233974, 36.868654997330907 ], [ 126.596486725163118, 36.868528564557309 ], [ 126.596315174548565, 36.868531732595407 ], [ 126.596328454810532, 36.868595592675156 ] ] ] } },
{ "type": "Feature", "properties": { "PNU": "4427034036104400000", "JIBUN": "440전", "BCHK": "1" }, "geometry": { "type": "Polygon", "coordinates": [ [ [ 126.596451599613843, 36.868875229870227 ], [ 126.596378909211182, 36.868812078878122 ], [ 126.596408419187725, 36.868738739973203 ], [ 126.596387095975956, 36.868698731549109 ], [ 126.596380837371086, 36.868668893331076 ], [ 126.596396179710055, 36.868643192120743 ], [ 126.596308511786049, 36.868596101875163 ], [ 126.596228301274081, 36.868555560695654 ], [ 126.596199616306663, 36.86864050837891 ], [ 126.596221642452434, 36.868764590830956 ], [ 126.59619118200672, 36.868865157383276 ], [ 126.596451599613843, 36.868875229870227 ] ] ] } },
{ "type": "Feature", "properties": { "PNU": "4427034036104410000", "JIBUN": "441전", "BCHK": "1" }, "geometry": { "type": "Polygon", "coordinates": [ [ [ 126.596169803849421, 36.868861300429813 ], [ 126.59619118200672, 36.868865157383276 ], [ 126.596221642452434, 36.868764590830956 ], [ 126.596199616306663, 36.86864050837891 ], [ 126.596228301274081, 36.868555560695654 ], [ 126.596119272550794, 36.868522743335944 ], [ 126.596052238257414, 36.868497475060323 ], [ 126.595952482095797, 36.86846725705508 ], [ 126.595916537362726, 36.868460953812814 ], [ 126.595824532151894, 36.868607825974266 ], [ 126.595743665291693, 36.868581267147512 ], [ 126.595679949725508, 36.868569003615768 ], [ 126.595632018292434, 36.868540925383897 ], [ 126.595521700058185, 36.868444071711167 ], [ 126.595478659368268, 36.868482005770801 ], [ 126.595450452819705, 36.868507762350404 ], [ 126.595518034678534, 36.868544044130864 ], [ 126.595648230173211, 36.86862944927519 ], [ 126.595796542249616, 36.868703417775926 ], [ 126.595846221088138, 36.868729798803749 ], [ 126.595930661752064, 36.868601112013437 ], [ 126.596192262886419, 36.868710380966952 ], [ 126.596172059339523, 36.868850368844697 ], [ 126.596169803849421, 36.868861300429813 ] ] ] } },
{ "type": "Feature", "properties": { "PNU": "4427034036104410001", "JIBUN": "441-1 대", "BCHK": "1" }, "geometry": { "type": "Polygon", "coordinates": [ [ [ 126.595846221088138, 36.868729798803749 ], [ 126.595920146606005, 36.868769066433529 ], [ 126.596060419175615, 36.868823570875946 ], [ 126.596146913102459, 36.868857168024213 ], [ 126.596169803849421, 36.868861300429813 ], [ 126.596172059339523, 36.868850368844697 ], [ 126.596192262886419, 36.868710380966952 ], [ 126.595930661752064, 36.868601112013437 ], [ 126.595846221088138, 36.868729798803749 ] ] ] } },
{ "type": "Feature", "properties": { "PNU": "4427034036104420000", "JIBUN": "442 대", "BCHK": "1" }, "geometry": { "type": "Polygon", "coordinates": [ [ [ 126.595902600312314, 36.869118512406729 ], [ 126.596042227856572, 36.868883512789061 ], [ 126.596023907857955, 36.868878197391588 ], [ 126.595959361904164, 36.868853144742786 ], [ 126.59584665837184, 36.868802464110345 ], [ 126.595758577615427, 36.869000657519983 ], [ 126.59575737014886, 36.8690383910373 ], [ 126.595849673506407, 36.869089101749601 ], [ 126.595862489103595, 36.869096137625043 ], [ 126.595902600312314, 36.869118512406729 ] ] ] } },
{ "type": "Feature", "properties": { "PNU": "4427034036104420002", "JIBUN": "442-2 전", "BCHK": "1" }, "geometry": { "type": "Polygon", "coordinates": [ [ [ 126.595638816083891, 36.868641014376635 ], [ 126.595600668842636, 36.8686163123431 ], [ 126.595489017295534, 36.868544819779217 ], [ 126.595422960241336, 36.868508624252506 ], [ 126.595399943186436, 36.868509348145139 ], [ 126.595376374106692, 36.868534021109433 ], [ 126.595363732348105, 36.868555820622824 ], [ 126.5953421456435, 36.868574598171634 ], [ 126.595284239184451, 36.86858587256215 ], [ 126.595355869800429, 36.868605056490352 ], [ 126.595428763302053, 36.868650700635229 ], [ 126.59546805776364, 36.868702520385625 ], [ 126.595475497846351, 36.868748627315782 ], [ 126.595638816083891, 36.868641014376635 ] ] ] } },
{ "type": "Feature", "properties": { "PNU": "4427034036104420003", "JIBUN": "442-3 전", "BCHK": "1" }, "geometry": { "type": "Polygon", "coordinates": [ [ [ 126.596035173239002, 36.869180704112857 ], [ 126.59607195314176, 36.869160419010136 ], [ 126.596116030299001, 36.869108782685402 ], [ 126.596143257172912, 36.869075228212949 ], [ 126.596166212353538, 36.869017906563144 ], [ 126.596185102039342, 36.868948820942492 ], [ 126.596181501113648, 36.868908358862058 ], [ 126.596149381192276, 36.868880541621181 ], [ 126.59607605292247, 36.868851377365438 ], [ 126.596005799223462, 36.868828323851673 ], [ 126.595863727403383, 36.868764063464425 ], [ 126.595848451464249, 36.868798442317932 ], [ 126.59584665837184, 36.868802464110345 ], [ 126.595959361904164, 36.868853144742786 ], [ 126.596023907857955, 36.868878197391588 ], [ 126.596042227856572, 36.868883512789061 ], [ 126.595902600312314, 36.869118512406729 ], [ 126.595920246107639, 36.869128358016617 ], [ 126.595960586789758, 36.869158302704108 ], [ 126.595999539603355, 36.869189855626239 ], [ 126.596035173239002, 36.869180704112857 ] ] ] } },
{ "type": "Feature", "properties": { "PNU": "4427034036104420004", "JIBUN": "442-4 대", "BCHK": "1" }, "geometry": { "type": "Polygon", "coordinates": [ [ [ 126.595848451464249, 36.868798442317932 ], [ 126.595797883204085, 36.868774842642388 ], [ 126.59576120671116, 36.868824584614728 ], [ 126.595469864057605, 36.86878777855069 ], [ 126.595441066410359, 36.868987911877475 ], [ 126.59566175558416, 36.868996770027643 ], [ 126.595758577615427, 36.869000657519983 ], [ 126.595848451464249, 36.868798442317932 ] ] ] } },
{ "type": "Feature", "properties": { "PNU": "4427034036104420005", "JIBUN": "442-5 전", "BCHK": "1" }, "geometry": { "type": "Polygon", "coordinates": [ [ [ 126.595863727403383, 36.868764063464425 ], [ 126.595846821554701, 36.868756419010467 ], [ 126.59579364300194, 36.868732287856432 ], [ 126.595699507448387, 36.868680318374359 ], [ 126.595638816083891, 36.868641014376635 ], [ 126.595604333800978, 36.868663740078176 ], [ 126.595673262650152, 36.868708379432917 ], [ 126.595770562946043, 36.868762089752366 ], [ 126.595848451464249, 36.868798442317932 ], [ 126.595863727403383, 36.868764063464425 ] ] ] } },
{ "type": "Feature", "properties": { "PNU": "4427034036104420006", "JIBUN": "442-6 전", "BCHK": "1" }, "geometry": { "type": "Polygon", "coordinates": [ [ [ 126.595797883204085, 36.868774842642388 ], [ 126.595770562946043, 36.868762089752366 ], [ 126.595673262650152, 36.868708379432917 ], [ 126.595604333800978, 36.868663740078176 ], [ 126.595475497846351, 36.868748627315782 ], [ 126.595469864057605, 36.86878777855069 ], [ 126.59576120671116, 36.868824584614728 ], [ 126.595797883204085, 36.868774842642388 ] ] ] } },
{ "type": "Feature", "properties": { "PNU": "4427034036104430000", "JIBUN": "443대", "BCHK": "1" }, "geometry": { "type": "Polygon", "coordinates": [ [ [ 126.595284239184451, 36.86858587256215 ], [ 126.5953421456435, 36.868574598171634 ], [ 126.595363732348105, 36.868555820622824 ], [ 126.595376374106692, 36.868534021109433 ], [ 126.595399943186436, 36.868509348145139 ], [ 126.595422960241336, 36.868508624252506 ], [ 126.595450452819705, 36.868507762350404 ], [ 126.595478659368268, 36.868482005770801 ], [ 126.59531595616302, 36.868393669739099 ], [ 126.59528518958858, 36.868358116499749 ], [ 126.595286818225759, 36.868280835609731 ], [ 126.595270733247958, 36.868274941971961 ], [ 126.595101016003483, 36.868398761305222 ], [ 126.595139681597203, 36.868452804720732 ], [ 126.595191651525028, 36.868525428681714 ], [ 126.595284239184451, 36.86858587256215 ] ] ] } },
{ "type": "Feature", "properties": { "PNU": "4427034036104430001", "JIBUN": "443-1도", "BCHK": "1" }, "geometry": { "type": "Polygon", "coordinates": [ [ [ 126.59764231595976, 36.874452990861869 ], [ 126.597604497350389, 36.874452719098457 ], [ 126.5976170014752, 36.874461609972151 ], [ 126.597640656789721, 36.87446786223218 ], [ 126.59764231595976, 36.874452990861869 ] ] ] } },
{ "type": "Feature", "properties": { "PNU": "4427034036104440000", "JIBUN": "444전", "BCHK": "1" }, "geometry": { "type": "Polygon", "coordinates": [ [ [ 126.595521700058185, 36.868444071711167 ], [ 126.595585655585936, 36.868408488307914 ], [ 126.595638547757389, 36.86837604820802 ], [ 126.595596993702614, 36.868363697565876 ], [ 126.595529575525177, 36.868343248521036 ], [ 126.595497038502259, 36.868303120810154 ], [ 126.595451216566985, 36.868300496416708 ], [ 126.595379571065322, 36.868282060399174 ], [ 126.595308596403981, 36.868285360885075 ], [ 126.595286818225759, 36.868280835609731 ], [ 126.59528518958858, 36.868358116499749 ], [ 126.59531595616302, 36.868393669739099 ], [ 126.595478659368268, 36.868482005770801 ], [ 126.595521700058185, 36.868444071711167 ] ] ] } },
{ "type": "Feature", "properties": { "PNU": "4427034036104450000", "JIBUN": "445대", "BCHK": "1" }, "geometry": { "type": "Polygon", "coordinates": [ [ [ 126.595916537362726, 36.868460953812814 ], [ 126.595822459369941, 36.868413021500814 ], [ 126.595711513555486, 36.868356651811283 ], [ 126.595700864416457, 36.868308686782157 ], [ 126.595705918582837, 36.868283779787753 ], [ 126.595721960504576, 36.86825943266826 ], [ 126.59552787609158, 36.868303820107478 ], [ 126.595497038502259, 36.868303120810154 ], [ 126.595529575525177, 36.868343248521036 ], [ 126.595596993702614, 36.868363697565876 ], [ 126.595638547757389, 36.86837604820802 ], [ 126.595585655585936, 36.868408488307914 ], [ 126.595521700058185, 36.868444071711167 ], [ 126.595632018292434, 36.868540925383897 ], [ 126.595679949725508, 36.868569003615768 ], [ 126.595743665291693, 36.868581267147512 ], [ 126.595824532151894, 36.868607825974266 ], [ 126.595916537362726, 36.868460953812814 ] ] ] } },
{ "type": "Feature", "properties": { "PNU": "4427034036104460000", "JIBUN": "446전", "BCHK": "1" }, "geometry": { "type": "Polygon", "coordinates": [ [ [ 126.595758936527417, 36.868214539577608 ], [ 126.595751163323797, 36.86816136699246 ], [ 126.595735839650175, 36.868106591909104 ], [ 126.595718607844432, 36.868064939225356 ], [ 126.595640824090808, 36.868066450695743 ], [ 126.595591035662096, 36.86814644278806 ], [ 126.595545439484752, 36.868218285206211 ], [ 126.595487923935309, 36.868236328202663 ], [ 126.595437727241801, 36.868246691683808 ], [ 126.595471089054996, 36.868260032827756 ], [ 126.595505466988655, 36.868267817688199 ], [ 126.595591830192561, 36.868240726442615 ], [ 126.59571258229407, 36.868219320433958 ], [ 126.595758936527417, 36.868214539577608 ] ] ] } },
{ "type": "Feature", "properties": { "PNU": "4427034036104470000", "JIBUN": "447대", "BCHK": "1" }, "geometry": { "type": "Polygon", "coordinates": [ [ [ 126.595718607844432, 36.868064939225356 ], [ 126.595721783762983, 36.867983374384238 ], [ 126.595724156862559, 36.867913737242105 ], [ 126.595683173345435, 36.867912381852122 ], [ 126.595663688350854, 36.86788336380318 ], [ 126.595661323351635, 36.867836120688402 ], [ 126.595640838191215, 36.86780963130564 ], [ 126.595536055126104, 36.867797192420483 ], [ 126.595527000250513, 36.867827924901022 ], [ 126.595489269945858, 36.867879780784186 ], [ 126.595465254472387, 36.867931827345764 ], [ 126.595455333049799, 36.867975929044825 ], [ 126.595502953694293, 36.868005448038218 ], [ 126.595554150894259, 36.868033032787658 ], [ 126.595597517437227, 36.868048309119295 ], [ 126.595640824090808, 36.868066450695743 ], [ 126.595718607844432, 36.868064939225356 ] ] ] } },
{ "type": "Feature", "properties": { "PNU": "4427034036104480000", "JIBUN": "448 전", "BCHK": "1" }, "geometry": { "type": "Polygon", "coordinates": [ [ [ 126.595487923935309, 36.868236328202663 ], [ 126.595545439484752, 36.868218285206211 ], [ 126.595591035662096, 36.86814644278806 ], [ 126.595640824090808, 36.868066450695743 ], [ 126.595597517437227, 36.868048309119295 ], [ 126.595554150894259, 36.868033032787658 ], [ 126.595502953694293, 36.868005448038218 ], [ 126.595455333049799, 36.867975929044825 ], [ 126.595465254472387, 36.867931827345764 ], [ 126.595489269945858, 36.867879780784186 ], [ 126.595527000250513, 36.867827924901022 ], [ 126.595536055126104, 36.867797192420483 ], [ 126.595640838191215, 36.86780963130564 ], [ 126.595661323351635, 36.867836120688402 ], [ 126.595663688350854, 36.86788336380318 ], [ 126.595683173345435, 36.867912381852122 ], [ 126.595724156862559, 36.867913737242105 ], [ 126.595724248565261, 36.867911223514007 ], [ 126.595741411932664, 36.867786471817645 ], [ 126.595743477737742, 36.867768952633476 ], [ 126.595605253967634, 36.86774328961544 ], [ 126.595627156947828, 36.867670636961158 ], [ 126.595748850427697, 36.867691909690151 ], [ 126.595746591673986, 36.867654326612438 ], [ 126.595730595613944, 36.867573841168124 ], [ 126.595730462433821, 36.86751590067599 ], [ 126.595762339103203, 36.86744465145371 ], [ 126.595793134917727, 36.867408378845816 ], [ 126.595824642944919, 36.867368882743335 ], [ 126.595741071435071, 36.867274570852921 ], [ 126.595719551040006, 36.867280805536979 ], [ 126.595698274353708, 36.867308973557201 ], [ 126.595677903158091, 36.86734623663402 ], [ 126.59563055550025, 36.867410017420454 ], [ 126.595590329753904, 36.867467289437428 ], [ 126.595556367027385, 36.867495819907518 ], [ 126.595516166756852, 36.867507659063392 ], [ 126.59549286513014, 36.867539127176016 ], [ 126.595468335435299, 36.867620763768947 ], [ 126.595431855625193, 36.867737727575118 ], [ 126.595376321601123, 36.867888823065442 ], [ 126.595363337692646, 36.867922398656717 ], [ 126.595344751899106, 36.867939969918659 ], [ 126.595304560294849, 36.867943708238791 ], [ 126.595248815927263, 36.867934192811653 ], [ 126.595218330482794, 36.867971070057109 ], [ 126.59519000477475, 36.868023777750722 ], [ 126.595176725322901, 36.868068751095706 ], [ 126.595168155206295, 36.868098971571463 ], [ 126.595138025304692, 36.868151393790001 ], [ 126.595100560870208, 36.868146211504161 ], [ 126.595062100441694, 36.868142755916274 ], [ 126.595037119702397, 36.868152231658847 ], [ 126.595008408338998, 36.868175877872297 ], [ 126.595095406474059, 36.868192275706178 ], [ 126.595147046254056, 36.868201804305727 ], [ 126.595191521864578, 36.868221580984553 ], [ 126.595237577480574, 36.868237344150991 ], [ 126.59529740964274, 36.868237312897776 ], [ 126.595361653788984, 36.868230024792773 ], [ 126.595402336496022, 36.868237434592771 ], [ 126.595437727241801, 36.868246691683808 ], [ 126.595487923935309, 36.868236328202663 ] ] ] } },
{ "type": "Feature", "properties": { "PNU": "4427034036104480001", "JIBUN": "448-1 대", "BCHK": "1" }, "geometry": { "type": "Polygon", "coordinates": [ [ [ 126.595750098461778, 36.867712666005637 ], [ 126.595748850427697, 36.867691909690151 ], [ 126.595627156947828, 36.867670636961158 ], [ 126.595605253967634, 36.86774328961544 ], [ 126.595743477737742, 36.867768952633476 ], [ 126.595750098461778, 36.867712666005637 ] ] ] } },
{ "type": "Feature", "properties": { "PNU": "4427034036104490000", "JIBUN": "449전", "BCHK": "1" }, "geometry": { "type": "Polygon", "coordinates": [ [ [ 126.595742948484911, 36.868064147669507 ], [ 126.595779498993721, 36.868070380930007 ], [ 126.595789457885346, 36.868038335904707 ], [ 126.595795642016483, 36.867998988274522 ], [ 126.5957970112825, 36.867941106943434 ], [ 126.595816639756393, 36.867821022221769 ], [ 126.595836326683568, 36.867694062381304 ], [ 126.595847108888535, 36.867620524977902 ], [ 126.595871170244152, 36.867602404502257 ], [ 126.595856023002398, 36.867565300387923 ], [ 126.595869930609041, 36.867537305612437 ], [ 126.595897784430065, 36.867516692952556 ], [ 126.595881126823556, 36.867470347558495 ], [ 126.595862804748151, 36.867429168774684 ], [ 126.595836850213644, 36.867380656291147 ], [ 126.595834348780116, 36.867382891527377 ], [ 126.595809165743717, 36.867405333423967 ], [ 126.595780508749286, 36.867455039515008 ], [ 126.59576226507518, 36.867518567557354 ], [ 126.595753094302296, 36.867584216873595 ], [ 126.595775145382547, 36.867662767471934 ], [ 126.595772850471221, 36.867736748133353 ], [ 126.595755802027597, 36.867809714626524 ], [ 126.595742830059407, 36.867862411414215 ], [ 126.595735339604104, 36.867936960170866 ], [ 126.595745049507201, 36.868014288513891 ], [ 126.595742948484911, 36.868064147669507 ] ] ] } },
{ "type": "Feature", "properties": { "PNU": "4427034036104500000", "JIBUN": "450전", "BCHK": "1" }, "geometry": { "type": "Polygon", "coordinates": [ [ [ 126.595775286752115, 36.86821691078967 ], [ 126.595859834837668, 36.868217242351925 ], [ 126.595951768018267, 36.868214363961606 ], [ 126.595978651361435, 36.868197073017249 ], [ 126.595956103533922, 36.868059238121241 ], [ 126.595980371492828, 36.867984665085579 ], [ 126.596003389660169, 36.867913160524992 ], [ 126.595988779808621, 36.867805674168579 ], [ 126.595944688830116, 36.867723291408325 ], [ 126.595871170244152, 36.867602404502257 ], [ 126.595847108888535, 36.867620524977902 ], [ 126.595836326683568, 36.867694062381304 ], [ 126.595816639756393, 36.867821022221769 ], [ 126.5957970112825, 36.867941106943434 ], [ 126.595795642016483, 36.867998988274522 ], [ 126.595789457885346, 36.868038335904707 ], [ 126.595779498993721, 36.868070380930007 ], [ 126.595742948484911, 36.868064147669507 ], [ 126.595745890065231, 36.868097705190323 ], [ 126.595766257079333, 36.868178764114887 ], [ 126.595775286752115, 36.86821691078967 ] ] ] } },
{ "type": "Feature", "properties": { "PNU": "4427034036104500001", "JIBUN": "450-1임", "BCHK": "1" }, "geometry": { "type": "Polygon", "coordinates": [ [ [ 126.596816577460999, 36.86828309696029 ], [ 126.596860031305752, 36.868174671599967 ], [ 126.597244372772721, 36.868274702369924 ], [ 126.597302101256659, 36.86816440572629 ], [ 126.597137999531711, 36.867865086419236 ], [ 126.596931671114888, 36.867493663191588 ], [ 126.596779922223661, 36.867909192225895 ], [ 126.596694176175518, 36.867842158641302 ], [ 126.596270909328723, 36.867509224957715 ], [ 126.596516886303675, 36.86730574430652 ], [ 126.596375141037683, 36.867177499270291 ], [ 126.596368887099885, 36.867172468050171 ], [ 126.596329353216674, 36.867140678990921 ], [ 126.595947173596798, 36.866845828050288 ], [ 126.595859423724562, 36.86726351908095 ], [ 126.595834348780116, 36.867382891527377 ], [ 126.595836850213644, 36.867380656291147 ], [ 126.595862804748151, 36.867429168774684 ], [ 126.595881126823556, 36.867470347558495 ], [ 126.595897784430065, 36.867516692952556 ], [ 126.595869930609041, 36.867537305612437 ], [ 126.595856023002398, 36.867565300387923 ], [ 126.595871170244152, 36.867602404502257 ], [ 126.595944688830116, 36.867723291408325 ], [ 126.595988779808621, 36.867805674168579 ], [ 126.596003389660169, 36.867913160524992 ], [ 126.595980371492828, 36.867984665085579 ], [ 126.595956103533922, 36.868059238121241 ], [ 126.595978651361435, 36.868197073017249 ], [ 126.596024751266782, 36.868210835611137 ], [ 126.596059431196252, 36.868220919111799 ], [ 126.59610289073413, 36.868227058529712 ], [ 126.596125341841415, 36.868225170179251 ], [ 126.596159554496822, 36.868219573116583 ], [ 126.596236548959681, 36.868193233627906 ], [ 126.596314812341546, 36.868166573991658 ], [ 126.596351709341519, 36.868153795266814 ], [ 126.596375090680922, 36.868137042045198 ], [ 126.596482155464486, 36.868137926936257 ], [ 126.596517006860793, 36.868164518838064 ], [ 126.596578759687389, 36.868196031559272 ], [ 126.596666514786065, 36.868237129659498 ], [ 126.596686474550268, 36.868246253099365 ], [ 126.596763577449153, 36.868267707407171 ], [ 126.596809705490458, 36.868280415517681 ], [ 126.596816577460999, 36.86828309696029 ] ] ] } },
{ "type": "Feature", "properties": { "PNU": "4427034036104500002", "JIBUN": "450-2목", "BCHK": "1" }, "geometry": { "type": "Polygon", "coordinates": [ [ [ 126.596816577460999, 36.86828309696029 ], [ 126.596854809717712, 36.868298031086006 ], [ 126.596877830112078, 36.868309507670453 ], [ 126.596930275382178, 36.868340898642174 ], [ 126.596977507183198, 36.868369866066665 ], [ 126.597043109484972, 36.868405212171723 ], [ 126.597091363501079, 36.8684253072758 ], [ 126.597141832107738, 36.868440120446699 ], [ 126.597163736300416, 36.868446312823046 ], [ 126.59718069273454, 36.868450731361797 ], [ 126.597204497892321, 36.868457993435882 ], [ 126.597252266037742, 36.868465931140712 ], [ 126.597297117350621, 36.868467614430344 ], [ 126.59734072160461, 36.868467572412776 ], [ 126.597363104052192, 36.868468098515947 ], [ 126.597403295785043, 36.86845793473497 ], [ 126.597414958257559, 36.868449575948198 ], [ 126.597454132749888, 36.868425901389386 ], [ 126.597470761208598, 36.868415829265544 ], [ 126.597496532894766, 36.86840303967216 ], [ 126.597528129596242, 36.86839369386766 ], [ 126.59757898103868, 36.868380331085426 ], [ 126.597611846046632, 36.868375080482735 ], [ 126.597302101256659, 36.86816440572629 ], [ 126.597244372772721, 36.868274702369924 ], [ 126.596860031305752, 36.868174671599967 ], [ 126.596816577460999, 36.86828309696029 ] ] ] } },
{ "type": "Feature", "properties": { "PNU": "4427034036104510000", "JIBUN": "451전", "BCHK": "1" }, "geometry": { "type": "Polygon", "coordinates": [ [ [ 126.595881924324289, 36.868427424157595 ], [ 126.595997183362115, 36.868384246957241 ], [ 126.596002580453671, 36.868358088597908 ], [ 126.596034793140547, 36.868340383169738 ], [ 126.59615796514376, 36.86829380847329 ], [ 126.59617745413658, 36.868270797564243 ], [ 126.596113851744065, 36.868279755298367 ], [ 126.596063052814273, 36.868280934905655 ], [ 126.596022551141033, 36.868260379053645 ], [ 126.595945322709952, 36.868269299556644 ], [ 126.595904062884372, 36.86826713232611 ], [ 126.595879559250292, 36.868249820480948 ], [ 126.595737990286622, 36.868260892699269 ], [ 126.5957337642471, 36.868260508929048 ], [ 126.595719844724243, 36.868290738345429 ], [ 126.595720570598004, 36.868325504825734 ], [ 126.595734076285112, 36.868350600881335 ], [ 126.595881924324289, 36.868427424157595 ] ] ] } },
{ "type": "Feature", "properties": { "PNU": "4427034036104520000", "JIBUN": "452임", "BCHK": "1" }, "geometry": { "type": "Polygon", "coordinates": [ [ [ 126.596234220044948, 36.868541118251287 ], [ 126.596406543373746, 36.868180851303649 ], [ 126.59617745413658, 36.868270797564243 ], [ 126.59615796514376, 36.86829380847329 ], [ 126.596034793140547, 36.868340383169738 ], [ 126.596002580453671, 36.868358088597908 ], [ 126.595997183362115, 36.868384246957241 ], [ 126.595881924324289, 36.868427424157595 ], [ 126.59598261191735, 36.868461790387194 ], [ 126.596131558415692, 36.868513161305245 ], [ 126.596192027581822, 36.868526431835008 ], [ 126.596234220044948, 36.868541118251287 ] ] ] } },
{ "type": "Feature", "properties": { "PNU": "4427034036104530001", "JIBUN": "453-1대", "BCHK": "1" }, "geometry": { "type": "Polygon", "coordinates": [ [ [ 126.597315920664357, 36.868768659717226 ], [ 126.597190702771471, 36.868741096097054 ], [ 126.597014748823398, 36.868689806466755 ], [ 126.596963563175848, 36.868674828623163 ], [ 126.596923409152041, 36.868712034067208 ], [ 126.596890086629074, 36.868727519305068 ], [ 126.596806559008925, 36.868765650407923 ], [ 126.596828053604781, 36.868777257007018 ], [ 126.596811365381484, 36.868813703716512 ], [ 126.596858470046243, 36.86882201779423 ], [ 126.59687629944996, 36.868813941220779 ], [ 126.59695532340082, 36.868798466253352 ], [ 126.597043119195746, 36.868806241935339 ], [ 126.597140214147132, 36.868841532180042 ], [ 126.597185365837632, 36.868867302639231 ], [ 126.597218368389477, 36.868863674571344 ], [ 126.597286672094256, 36.868815769027293 ], [ 126.597315920664357, 36.868768659717226 ] ] ] } },
{ "type": "Feature", "properties": { "PNU": "4427034036104530002", "JIBUN": "453-2전", "BCHK": "1" }, "geometry": { "type": "Polygon", "coordinates": [ [ [ 126.596581591841769, 36.868759996803334 ], [ 126.596739176721584, 36.868894539669633 ], [ 126.596792526227915, 36.868851837199685 ], [ 126.596858470046243, 36.86882201779423 ], [ 126.596811365381484, 36.868813703716512 ], [ 126.596828053604781, 36.868777257007018 ], [ 126.596806559008925, 36.868765650407923 ], [ 126.596890086629074, 36.868727519305068 ], [ 126.596923409152041, 36.868712034067208 ], [ 126.596963563175848, 36.868674828623163 ], [ 126.596953070699001, 36.868671765508353 ], [ 126.596835515156215, 36.868622366983558 ], [ 126.596831193267022, 36.86861886515986 ], [ 126.596762690817599, 36.868563360780676 ], [ 126.596681576706189, 36.868476897347598 ], [ 126.596600657745611, 36.868387469935001 ], [ 126.596545577675684, 36.868336696488548 ], [ 126.596406543373746, 36.868180851303649 ], [ 126.596234220044948, 36.868541118251287 ], [ 126.596328454810532, 36.868595592675156 ], [ 126.596315174548565, 36.868531732595407 ], [ 126.596486725163118, 36.868528564557309 ], [ 126.596601555233974, 36.868654997330907 ], [ 126.596650121280064, 36.868701171188292 ], [ 126.59670573524329, 36.868767841601503 ], [ 126.596581591841769, 36.868759996803334 ] ] ] } },
{ "type": "Feature", "properties": { "PNU": "4427034036104540001", "JIBUN": "454-1대", "BCHK": "1" }, "geometry": { "type": "Polygon", "coordinates": [ [ [ 126.597014748823398, 36.868689806466755 ], [ 126.597190702771471, 36.868741096097054 ], [ 126.597315920664357, 36.868768659717226 ], [ 126.597423003761051, 36.86874905305767 ], [ 126.597421317054526, 36.868704857952579 ], [ 126.597404792506907, 36.868583506564818 ], [ 126.597308519014391, 36.868592760146505 ], [ 126.597243361628401, 36.868596658124055 ], [ 126.597202285694024, 36.868591455294172 ], [ 126.597131097348935, 36.86857982509855 ], [ 126.597100789846124, 36.868561385561769 ], [ 126.597068685297245, 36.868556312109789 ], [ 126.597026051162743, 36.86851241118616 ], [ 126.596985910135572, 36.868474303663476 ], [ 126.596921765138632, 36.868426221050981 ], [ 126.596877131667412, 36.868406498550577 ], [ 126.596821447532278, 36.868385378035171 ], [ 126.596810495871139, 36.868407904288439 ], [ 126.596851522976223, 36.868454539169001 ], [ 126.596940614987631, 36.868555266655363 ], [ 126.59695791446434, 36.868571283402623 ], [ 126.597016983322717, 36.868620718500111 ], [ 126.597014748823398, 36.868689806466755 ] ] ] } },
{ "type": "Feature", "properties": { "PNU": "4427034036104540002", "JIBUN": "454-2대", "BCHK": "1" }, "geometry": { "type": "Polygon", "coordinates": [ [ [ 126.597014748823398, 36.868689806466755 ], [ 126.597016983322717, 36.868620718500111 ], [ 126.59695791446434, 36.868571283402623 ], [ 126.596940614987631, 36.868555266655363 ], [ 126.596896998509706, 36.868574772010597 ], [ 126.596831193267022, 36.86861886515986 ], [ 126.596835515156215, 36.868622366983558 ], [ 126.596953070699001, 36.868671765508353 ], [ 126.596963563175848, 36.868674828623163 ], [ 126.597014748823398, 36.868689806466755 ] ] ] } },
{ "type": "Feature", "properties": { "PNU": "4427034036104540003", "JIBUN": "454-3전", "BCHK": "1" }, "geometry": { "type": "Polygon", "coordinates": [ [ [ 126.596831193267022, 36.86861886515986 ], [ 126.596896998509706, 36.868574772010597 ], [ 126.596940614987631, 36.868555266655363 ], [ 126.596851522976223, 36.868454539169001 ], [ 126.596810495871139, 36.868407904288439 ], [ 126.596821447532278, 36.868385378035171 ], [ 126.596798488829876, 36.868377109525944 ], [ 126.596737603066074, 36.868347023571673 ], [ 126.596715707724741, 36.868326305589022 ], [ 126.596699234025891, 36.868302533220351 ], [ 126.596590441369386, 36.868252515297286 ], [ 126.596497888203231, 36.868193928789751 ], [ 126.596455333063574, 36.868177853562145 ], [ 126.596406543373746, 36.868180851303649 ], [ 126.596545577675684, 36.868336696488548 ], [ 126.596600657745611, 36.868387469935001 ], [ 126.596681576706189, 36.868476897347598 ], [ 126.596762690817599, 36.868563360780676 ], [ 126.596831193267022, 36.86861886515986 ] ] ] } },
{ "type": "Feature", "properties": { "PNU": "4427034036104550000", "JIBUN": "455 전", "BCHK": "1" }, "geometry": { "type": "Polygon", "coordinates": [ [ [ 126.597170737629966, 36.868499302491252 ], [ 126.597157562119037, 36.868483885411159 ], [ 126.597102810431551, 36.868460290181503 ], [ 126.597054994514892, 36.868455055522794 ], [ 126.59700235236113, 36.868429115530738 ], [ 126.596955229165971, 36.868411529239722 ], [ 126.596933807469583, 36.868388154684666 ], [ 126.596924201733415, 36.868372100857698 ], [ 126.596876867135236, 36.868358487624519 ], [ 126.596819807844966, 36.868338696072534 ], [ 126.596735575897668, 36.868301529735405 ], [ 126.596699234025891, 36.868302533220351 ], [ 126.596715707724741, 36.868326305589022 ], [ 126.596737603066074, 36.868347023571673 ], [ 126.596798488829876, 36.868377109525944 ], [ 126.596821447532278, 36.868385378035171 ], [ 126.596877131667412, 36.868406498550577 ], [ 126.596921765138632, 36.868426221050981 ], [ 126.596985910135572, 36.868474303663476 ], [ 126.597026051162743, 36.86851241118616 ], [ 126.597068685297245, 36.868556312109789 ], [ 126.597100789846124, 36.868561385561769 ], [ 126.597170737629966, 36.868499302491252 ] ] ] } },
{ "type": "Feature", "properties": { "PNU": "4427034036104560000", "JIBUN": "456답", "BCHK": "1" }, "geometry": { "type": "Polygon", "coordinates": [ [ [ 126.597100789846124, 36.868561385561769 ], [ 126.597131097348935, 36.86857982509855 ], [ 126.597202285694024, 36.868591455294172 ], [ 126.597243361628401, 36.868596658124055 ], [ 126.597308519014391, 36.868592760146505 ], [ 126.597404792506907, 36.868583506564818 ], [ 126.597402418281305, 36.868554979078496 ], [ 126.597408468977918, 36.868508827691954 ], [ 126.597384692013463, 36.868506891190954 ], [ 126.597340598902264, 36.868516771468165 ], [ 126.597216492405892, 36.868506224190767 ], [ 126.597189875119895, 36.868506990337622 ], [ 126.597170737629966, 36.868499302491252 ], [ 126.597100789846124, 36.868561385561769 ] ] ] } },
{ "type": "Feature", "properties": { "PNU": "4427034036104570000", "JIBUN": "457답", "BCHK": "1" }, "geometry": { "type": "Polygon", "coordinates": [ [ [ 126.597425072104585, 36.868578682099702 ], [ 126.597460314994223, 36.868575539102899 ], [ 126.597525103884522, 36.868579911761572 ], [ 126.597565132339938, 36.868588120583595 ], [ 126.597593977240777, 36.868581721049978 ], [ 126.597586684161598, 36.868541579954162 ], [ 126.597578183231988, 36.868440710381464 ], [ 126.597583607574762, 36.868424256771839 ], [ 126.597560109536232, 36.868420455992364 ], [ 126.597540594303652, 36.868429247852404 ], [ 126.597478678226537, 36.868473904149759 ], [ 126.597431488613637, 36.86851189700451 ], [ 126.597422666794813, 36.868528212987229 ], [ 126.597418639980404, 36.868547635889513 ], [ 126.597425072104585, 36.868578682099702 ] ] ] } },
{ "type": "Feature", "properties": { "PNU": "4427034036104580000", "JIBUN": "458대", "BCHK": "1" }, "geometry": { "type": "Polygon", "coordinates": [ [ [ 126.597708560238075, 36.868708584447283 ], [ 126.59769250616219, 36.868668819299309 ], [ 126.597675642486166, 36.868633755103616 ], [ 126.597677862593969, 36.86858877120946 ], [ 126.597593977240777, 36.868581721049978 ], [ 126.597565132339938, 36.868588120583595 ], [ 126.597525103884522, 36.868579911761572 ], [ 126.597460314994223, 36.868575539102899 ], [ 126.597425072104585, 36.868578682099702 ], [ 126.59743787471686, 36.868701904199369 ], [ 126.597447830924409, 36.868734611294748 ], [ 126.597501240094942, 36.868734034623706 ], [ 126.597558575446442, 36.868728992762819 ], [ 126.597708560238075, 36.868708584447283 ] ] ] } },
{ "type": "Feature", "properties": { "PNU": "4427034036104590000", "JIBUN": "459답", "BCHK": "1" }, "geometry": { "type": "Polygon", "coordinates": [ [ [ 126.597677862593969, 36.86858877120946 ], [ 126.597687776498361, 36.868500804278931 ], [ 126.597725920433007, 36.868466150888082 ], [ 126.597742436449522, 36.868441102244404 ], [ 126.5977122962435, 36.868416382835278 ], [ 126.597667167122907, 36.868403480204606 ], [ 126.597633612257653, 36.868409827824209 ], [ 126.597583607574762, 36.868424256771839 ], [ 126.597578183231988, 36.868440710381464 ], [ 126.597586684161598, 36.868541579954162 ], [ 126.597593977240777, 36.868581721049978 ], [ 126.597677862593969, 36.86858877120946 ] ] ] } },
{ "type": "Feature", "properties": { "PNU": "4427034036104600000", "JIBUN": "460대", "BCHK": "1" }, "geometry": { "type": "Polygon", "coordinates": [ [ [ 126.597708560238075, 36.868708584447283 ], [ 126.597766901094971, 36.868706420351572 ], [ 126.597876348485727, 36.868665699725668 ], [ 126.597859529425847, 36.868607045191389 ], [ 126.597836795496377, 36.868583621320269 ], [ 126.597823312954191, 36.868556101650732 ], [ 126.59782990630471, 36.868528397367712 ], [ 126.597852230874494, 36.868488473289453 ], [ 126.597863855347271, 36.868442286605458 ], [ 126.597877811370836, 36.868411354210032 ], [ 126.597742436449522, 36.868441102244404 ], [ 126.597725920433007, 36.868466150888082 ], [ 126.597687776498361, 36.868500804278931 ], [ 126.597677862593969, 36.86858877120946 ], [ 126.597675642486166, 36.868633755103616 ], [ 126.59769250616219, 36.868668819299309 ], [ 126.597708560238075, 36.868708584447283 ] ] ] } },
{ "type": "Feature", "properties": { "PNU": "4427034036104610000", "JIBUN": "461전", "BCHK": "1" }, "geometry": { "type": "Polygon", "coordinates": [ [ [ 126.5976817654483, 36.868376271497233 ], [ 126.597742780126595, 36.868409664400922 ], [ 126.597768698125591, 36.868413941871523 ], [ 126.597796936642183, 36.868392645238607 ], [ 126.597827859734053, 36.868372691262763 ], [ 126.597855947608252, 36.868356611414256 ], [ 126.597776250289201, 36.868350828017903 ], [ 126.597738735448914, 36.868357387585625 ], [ 126.597683960576958, 36.8683747019953 ], [ 126.5976817654483, 36.868376271497233 ] ] ] } },
{ "type": "Feature", "properties": { "PNU": "4427034036104620000", "JIBUN": "462대", "BCHK": "1" }, "geometry": { "type": "Polygon", "coordinates": [ [ [ 126.597618401103958, 36.868374030300579 ], [ 126.597648818203652, 36.868377944517668 ], [ 126.597696770445566, 36.868354939261273 ], [ 126.597750407637804, 36.868342865348133 ], [ 126.597811836114815, 36.868342126352353 ], [ 126.597867196517498, 36.868332941682468 ], [ 126.597849693012904, 36.868141229998074 ], [ 126.597739729046538, 36.86799974861438 ], [ 126.59767974169408, 36.868029516520004 ], [ 126.597638836503734, 36.868068954379289 ], [ 126.597616969194988, 36.868117953931701 ], [ 126.597626716077045, 36.868158526818263 ], [ 126.597667691828633, 36.868285889831348 ], [ 126.59766484579886, 36.868304712996128 ], [ 126.597649658404663, 36.868339488864152 ], [ 126.597618401103958, 36.868374030300579 ] ] ] } },
{ "type": "Feature", "properties": { "PNU": "4427034036104630000", "JIBUN": "463대", "BCHK": "1" }, "geometry": { "type": "Polygon", "coordinates": [ [ [ 126.597870104877302, 36.867591364017883 ], [ 126.597928661875358, 36.867481060835786 ], [ 126.597952853861258, 36.867373381104791 ], [ 126.597875322776915, 36.867333093355178 ], [ 126.597855146750319, 36.867285943412689 ], [ 126.597794513063405, 36.867342949134205 ], [ 126.59775720239665, 36.867370630933578 ], [ 126.597739576906548, 36.867399865908304 ], [ 126.597717835973754, 36.867499858558219 ], [ 126.59783565407362, 36.867593248283562 ], [ 126.597870104877302, 36.867591364017883 ] ] ] } },
{ "type": "Feature", "properties": { "PNU": "4427034036104640000", "JIBUN": "464전", "BCHK": "1" }, "geometry": { "type": "Polygon", "coordinates": [ [ [ 126.597870104877302, 36.867591364017883 ], [ 126.597913532815582, 36.867620696706879 ], [ 126.597954779591745, 36.867663970890781 ], [ 126.598000814992247, 36.867597724779863 ], [ 126.598041963435563, 36.867515900368225 ], [ 126.598049320933171, 36.867500759828559 ], [ 126.59808294279344, 36.867393400196882 ], [ 126.598097133490057, 36.867349682101903 ], [ 126.598172562500594, 36.867199661556143 ], [ 126.59819480881923, 36.867157430350552 ], [ 126.59820133450458, 36.867127599240746 ], [ 126.598195055624515, 36.86712732578448 ], [ 126.597991564982777, 36.867118250977818 ], [ 126.597955695239932, 36.867127744702231 ], [ 126.597924987696089, 36.867153772786168 ], [ 126.597872528990692, 36.867264619164828 ], [ 126.597855146750319, 36.867285943412689 ], [ 126.597875322776915, 36.867333093355178 ], [ 126.597952853861258, 36.867373381104791 ], [ 126.597928661875358, 36.867481060835786 ], [ 126.597870104877302, 36.867591364017883 ] ] ] } },
{ "type": "Feature", "properties": { "PNU": "4427034036104650000", "JIBUN": "465전", "BCHK": "1" }, "geometry": { "type": "Polygon", "coordinates": [ [ [ 126.597867196517498, 36.868332941682468 ], [ 126.598029040848814, 36.868304913683673 ], [ 126.598080095544887, 36.868289109419564 ], [ 126.598110224477381, 36.868273027377299 ], [ 126.598050787208592, 36.868163029368745 ], [ 126.597973720919626, 36.86807651737336 ], [ 126.597962915105654, 36.86804755598569 ], [ 126.597995880572668, 36.86801229033081 ], [ 126.597989776983098, 36.867888207785931 ], [ 126.597983679205399, 36.867769459706572 ], [ 126.598009299391208, 36.867656738682747 ], [ 126.598041963435563, 36.867515900368225 ], [ 126.598000814992247, 36.867597724779863 ], [ 126.597954779591745, 36.867663970890781 ], [ 126.597913532815582, 36.867620696706879 ], [ 126.597870104877302, 36.867591364017883 ], [ 126.59783565407362, 36.867593248283562 ], [ 126.597827882071599, 36.867640502235908 ], [ 126.597826048071639, 36.86768888454899 ], [ 126.597804729856193, 36.867791690033933 ], [ 126.597790006124711, 36.867868701542235 ], [ 126.597739729046538, 36.86799974861438 ], [ 126.597849693012904, 36.868141229998074 ], [ 126.597867196517498, 36.868332941682468 ] ] ] } },
{ "type": "Feature", "properties": { "PNU": "4427034036104660000", "JIBUN": "466도", "BCHK": "1" }, "geometry": { "type": "Polygon", "coordinates": [ [ [ 126.598249082228321, 36.868218366524275 ], [ 126.598271425847713, 36.868224172708508 ], [ 126.598269086959277, 36.868221056073047 ], [ 126.598156112863279, 36.868035141234337 ], [ 126.598151898674885, 36.86802818864912 ], [ 126.59811666628508, 36.86800788554428 ], [ 126.598113204736279, 36.868030779570631 ], [ 126.598128917881098, 36.868056378394172 ], [ 126.598171351214432, 36.868110893081735 ], [ 126.598249082228321, 36.868218366524275 ] ] ] } },
{ "type": "Feature", "properties": { "PNU": "4427034036104680001", "JIBUN": "468-1 도", "BCHK": "1" }, "geometry": { "type": "Polygon", "coordinates": [ [ [ 126.59811666628508, 36.86800788554428 ], [ 126.598151898674885, 36.86802818864912 ], [ 126.598130649718868, 36.867993154794178 ], [ 126.598111885863048, 36.867913885824137 ], [ 126.598118131385604, 36.867834611008647 ], [ 126.598096704689993, 36.86788736066832 ], [ 126.598104232973256, 36.867974872794484 ], [ 126.59811666628508, 36.86800788554428 ] ] ] } },
{ "type": "Feature", "properties": { "PNU": "4427034036104690001", "JIBUN": "469-1도", "BCHK": "1" }, "geometry": { "type": "Polygon", "coordinates": [ [ [ 126.598137018725296, 36.867782771900202 ], [ 126.598152980660302, 36.867749944928157 ], [ 126.598203900623346, 36.867572899227646 ], [ 126.598241252753297, 36.867446980665733 ], [ 126.598310119024831, 36.867282268193961 ], [ 126.598395810458669, 36.867095436516962 ], [ 126.598419781462539, 36.867023529188849 ], [ 126.598458790877743, 36.866906572954193 ], [ 126.598474839866995, 36.866859139565982 ], [ 126.598454724352806, 36.866839049641506 ], [ 126.598359213694707, 36.866988462105546 ], [ 126.598290191208505, 36.867133746600885 ], [ 126.59823839393583, 36.867274835930793 ], [ 126.598179047632541, 36.867454844886062 ], [ 126.598111866882036, 36.867659670441668 ], [ 126.598107558046593, 36.867782591540561 ], [ 126.598137018725296, 36.867782771900202 ] ] ] } },
{ "type": "Feature", "properties": { "PNU": "4427034036104690002", "JIBUN": "469-2 전", "BCHK": "1" }, "geometry": { "type": "Polygon", "coordinates": [ [ [ 126.59866649873355, 36.86721671513326 ], [ 126.598371080856751, 36.867149364550961 ], [ 126.598310119024831, 36.867282268193961 ], [ 126.598241252753297, 36.867446980665733 ], [ 126.598203900623346, 36.867572899227646 ], [ 126.598152980660302, 36.867749944928157 ], [ 126.5982088784572, 36.867644129087083 ], [ 126.598258855509187, 36.867574688274864 ], [ 126.598379338970332, 36.867458231738226 ], [ 126.598516996423029, 36.867325874591018 ], [ 126.598572241897642, 36.867282646044359 ], [ 126.5986180693058, 36.867247549649257 ], [ 126.59866649873355, 36.86721671513326 ] ] ] } },
{ "type": "Feature", "properties": { "PNU": "4427034036104700000", "JIBUN": "470대", "BCHK": "1" }, "geometry": { "type": "Polygon", "coordinates": [ [ [ 126.59866649873355, 36.86721671513326 ], [ 126.59870300082369, 36.867193472697181 ], [ 126.598727052461541, 36.867161997461885 ], [ 126.598740651592209, 36.867137028968315 ], [ 126.59869172729141, 36.867112201555763 ], [ 126.598654915656383, 36.867059282867757 ], [ 126.598577071769228, 36.866952061596393 ], [ 126.598525039749788, 36.866880177775052 ], [ 126.598522779440614, 36.866877052397555 ], [ 126.598504857926102, 36.866872802008302 ], [ 126.598474839866995, 36.866859139565982 ], [ 126.598458790877743, 36.866906572954193 ], [ 126.598419781462539, 36.867023529188849 ], [ 126.598395810458669, 36.867095436516962 ], [ 126.598371080856751, 36.867149364550961 ], [ 126.59866649873355, 36.86721671513326 ] ] ] } },
{ "type": "Feature", "properties": { "PNU": "4427034036104730002", "JIBUN": "473-2대", "BCHK": "1" }, "geometry": { "type": "Polygon", "coordinates": [ [ [ 126.598903978355821, 36.866169312559229 ], [ 126.598892706914185, 36.866154370634852 ], [ 126.598914300049273, 36.865817543859144 ], [ 126.598768356016663, 36.865842734078591 ], [ 126.598647536689398, 36.865865008032451 ], [ 126.598635364422364, 36.865872301944059 ], [ 126.598627693258919, 36.865982100933607 ], [ 126.59861369483329, 36.866038525113893 ], [ 126.598582821654475, 36.866160996435532 ], [ 126.598771190298166, 36.866267337033122 ], [ 126.598903978355821, 36.866169312559229 ] ] ] } },
{ "type": "Feature", "properties": { "PNU": "4427034036104730004", "JIBUN": "473-4도", "BCHK": "1" }, "geometry": { "type": "Polygon", "coordinates": [ [ [ 126.598524173637657, 36.866435406092037 ], [ 126.598539117921135, 36.866427752075964 ], [ 126.59856661633394, 36.866227703624283 ], [ 126.598524173637657, 36.866435406092037 ] ] ] } },
{ "type": "Feature", "properties": { "PNU": "4427034036104730005", "JIBUN": "473-5도", "BCHK": "1" }, "geometry": { "type": "Polygon", "coordinates": [ [ [ 126.598582821654475, 36.866160996435532 ], [ 126.59861369483329, 36.866038525113893 ], [ 126.598627693258919, 36.865982100933607 ], [ 126.598635364422364, 36.865872301944059 ], [ 126.598626150853889, 36.86587782165298 ], [ 126.598605768466584, 36.865896063205895 ], [ 126.598597287302411, 36.865920282986792 ], [ 126.598601502626082, 36.866030275159048 ], [ 126.598581308776971, 36.866143573282528 ], [ 126.59856705192675, 36.866225893900229 ], [ 126.598582821654475, 36.866160996435532 ] ] ] } },
{ "type": "Feature", "properties": { "PNU": "4427034036104730006", "JIBUN": "473-6답", "BCHK": "1" }, "geometry": { "type": "Polygon", "coordinates": [ [ [ 126.598539117921135, 36.866427752075964 ], [ 126.598638820304259, 36.866366849560649 ], [ 126.598683916188818, 36.866338589941428 ], [ 126.598754598836564, 36.866279040440823 ], [ 126.598771190298166, 36.866267337033122 ], [ 126.598582821654475, 36.866160996435532 ], [ 126.59856705192675, 36.866225893900229 ], [ 126.59856661633394, 36.866227703624283 ], [ 126.598539117921135, 36.866427752075964 ] ] ] } },
{ "type": "Feature", "properties": { "PNU": "4427034036104740000", "JIBUN": "474 도", "BCHK": "1" }, "geometry": { "type": "Polygon", "coordinates": [ [ [ 126.598041963435563, 36.867515900368225 ], [ 126.598009299391208, 36.867656738682747 ], [ 126.597983679205399, 36.867769459706572 ], [ 126.597989776983098, 36.867888207785931 ], [ 126.597995880572668, 36.86801229033081 ], [ 126.597962915105654, 36.86804755598569 ], [ 126.597973720919626, 36.86807651737336 ], [ 126.598050787208592, 36.868163029368745 ], [ 126.598110224477381, 36.868273027377299 ], [ 126.598184613256947, 36.868234405010028 ], [ 126.598214494081745, 36.868220728013554 ], [ 126.598208180069548, 36.86819278198837 ], [ 126.598178895706369, 36.868150187968361 ], [ 126.598115037669331, 36.868074966153777 ], [ 126.598088331360813, 36.86801546735142 ], [ 126.598072587679454, 36.867967791731949 ], [ 126.598073128594564, 36.86788135205849 ], [ 126.598079898173964, 36.867796221930071 ], [ 126.598087560669057, 36.867638854476766 ], [ 126.598126822386675, 36.867516690919039 ], [ 126.598158307970678, 36.867425399502892 ], [ 126.598182947577115, 36.867367272136619 ], [ 126.598212588586421, 36.867279128302407 ], [ 126.59826011461027, 36.867154938046433 ], [ 126.598297503290254, 36.867062801423273 ], [ 126.598335087059255, 36.866989146788214 ], [ 126.598382581536086, 36.866918237789918 ], [ 126.598410959986097, 36.866887173665198 ], [ 126.598450946386578, 36.866729094995414 ], [ 126.598473187276895, 36.86664913509798 ], [ 126.598479637588454, 36.866571356743293 ], [ 126.598492208911438, 36.866444534666563 ], [ 126.598519990662211, 36.866314925351261 ], [ 126.598554912242747, 36.866145178493831 ], [ 126.598570312184094, 36.866017834276256 ], [ 126.598565500341422, 36.865923320814836 ], [ 126.598563506365636, 36.865907833384483 ], [ 126.598552439514478, 36.865868724892337 ], [ 126.598548536277036, 36.865860223491268 ], [ 126.598529550989596, 36.865832045595774 ], [ 126.598525231856158, 36.865828030220413 ], [ 126.598442576903011, 36.866026469280861 ], [ 126.598421530278742, 36.86609034875304 ], [ 126.598416243020338, 36.866106388368642 ], [ 126.598396129138393, 36.866180642516646 ], [ 126.598416585774387, 36.866406245095703 ], [ 126.598360786924047, 36.866579327725205 ], [ 126.598343459504832, 36.866643949582937 ], [ 126.598325663938169, 36.866720914786839 ], [ 126.598300217142864, 36.86685214486031 ], [ 126.598292698390722, 36.866887469278367 ], [ 126.598284865380606, 36.866948635882842 ], [ 126.598245814785301, 36.867034738617882 ], [ 126.598230911635881, 36.867066722149154 ], [ 126.59817241204756, 36.867084501821637 ], [ 126.598184610492083, 36.86711307140687 ], [ 126.598195055624515, 36.86712732578448 ], [ 126.59820133450458, 36.867127599240746 ], [ 126.59819480881923, 36.867157430350552 ], [ 126.598172562500594, 36.867199661556143 ], [ 126.598097133490057, 36.867349682101903 ], [ 126.59808294279344, 36.867393400196882 ], [ 126.598049320933171, 36.867500759828559 ], [ 126.598041963435563, 36.867515900368225 ] ] ] } },
{ "type": "Feature", "properties": { "PNU": "4427034036104740001", "JIBUN": "474-1임", "BCHK": "1" }, "geometry": { "type": "Polygon", "coordinates": [ [ [ 126.598245814785301, 36.867034738617882 ], [ 126.598284865380606, 36.866948635882842 ], [ 126.598292698390722, 36.866887469278367 ], [ 126.598149139079069, 36.866872171798136 ], [ 126.598081169480594, 36.866983272388133 ], [ 126.598245814785301, 36.867034738617882 ] ] ] } },
{ "type": "Feature", "properties": { "PNU": "4427034036104750000", "JIBUN": "475대", "BCHK": "1" }, "geometry": { "type": "Polygon", "coordinates": [ [ [ 126.598352152964026, 36.865697501403517 ], [ 126.598386697842898, 36.865735472496823 ], [ 126.598480073227464, 36.865788788947206 ], [ 126.598513404674932, 36.865801399256505 ], [ 126.598535695943582, 36.865784849181544 ], [ 126.598436611655899, 36.865682187908249 ], [ 126.598412190372045, 36.865653433017009 ], [ 126.59839109554764, 36.865674961112433 ], [ 126.598352152964026, 36.865697501403517 ] ] ] } },
{ "type": "Feature", "properties": { "PNU": "4427034036104750002", "JIBUN": "475-2전", "BCHK": "1" }, "geometry": { "type": "Polygon", "coordinates": [ [ [ 126.598287659773462, 36.865507911216923 ], [ 126.598215025464867, 36.865447221480075 ], [ 126.59813437874945, 36.865378953572595 ], [ 126.598140285293908, 36.86539252586109 ], [ 126.598176245021563, 36.865455894490651 ], [ 126.598234912547525, 36.865506715330639 ], [ 126.598257382453241, 36.865531156477736 ], [ 126.598287659773462, 36.865507911216923 ] ] ] } },
{ "type": "Feature", "properties": { "PNU": "4427034036104750003", "JIBUN": "475-3전", "BCHK": "1" }, "geometry": { "type": "Polygon", "coordinates": [ [ [ 126.598352152964026, 36.865697501403517 ], [ 126.59839109554764, 36.865674961112433 ], [ 126.598412190372045, 36.865653433017009 ], [ 126.598395734159169, 36.86563061608679 ], [ 126.598385220780045, 36.865610125953452 ], [ 126.59834349403576, 36.865573031765074 ], [ 126.598298629903212, 36.865533277792451 ], [ 126.598306493298153, 36.865524302388202 ], [ 126.598287659773462, 36.865507911216923 ], [ 126.598257382453241, 36.865531156477736 ], [ 126.598266437358106, 36.865540999841471 ], [ 126.59830362790477, 36.865592036659372 ], [ 126.598327130385044, 36.865648578083864 ], [ 126.598352152964026, 36.865697501403517 ] ] ] } },
{ "type": "Feature", "properties": { "PNU": "4427034036104750004", "JIBUN": "475-4 도", "BCHK": "1" }, "geometry": { "type": "Polygon", "coordinates": [ [ [ 126.598287659773462, 36.865507911216923 ], [ 126.598306493298153, 36.865524302388202 ], [ 126.598298629903212, 36.865533277792451 ], [ 126.59834349403576, 36.865573031765074 ], [ 126.598385220780045, 36.865610125953452 ], [ 126.598492872364432, 36.865704282790162 ], [ 126.598550155403132, 36.865766912098323 ], [ 126.598538965521229, 36.865787977956202 ], [ 126.598549376735377, 36.865797961026509 ], [ 126.598580769731882, 36.86581240301566 ], [ 126.598634148202791, 36.865830234987698 ], [ 126.598631172190053, 36.865762174684207 ], [ 126.598596053138039, 36.865759028844309 ], [ 126.598534830211761, 36.865692772927993 ], [ 126.598404906876553, 36.865596369519615 ], [ 126.598356675175381, 36.865546466972106 ], [ 126.598344784535954, 36.86553417211335 ], [ 126.598317407930637, 36.865485060645717 ], [ 126.598297786618986, 36.865449852070547 ], [ 126.598182280701607, 36.865363048520592 ], [ 126.598172729621723, 36.865353735121666 ], [ 126.598155479581024, 36.865343377553586 ], [ 126.598125823523134, 36.865359326048143 ], [ 126.59813437874945, 36.865378953572595 ], [ 126.598215025464867, 36.865447221480075 ], [ 126.598287659773462, 36.865507911216923 ] ] ] } },
{ "type": "Feature", "properties": { "PNU": "4427034036104760001", "JIBUN": "476-1답", "BCHK": "1" }, "geometry": { "type": "Polygon", "coordinates": [ [ [ 126.598914981656208, 36.865805102103117 ], [ 126.598916756761639, 36.865772191267162 ], [ 126.598649112331913, 36.865762802736832 ], [ 126.598631172190053, 36.865762174684207 ], [ 126.598634148202791, 36.865830234987698 ], [ 126.598650694650317, 36.865835760278046 ], [ 126.598691689321257, 36.865836925451141 ], [ 126.598764768786282, 36.86583169267471 ], [ 126.598914981656208, 36.865805102103117 ] ] ] } },
{ "type": "Feature", "properties": { "PNU": "4427034036104760005", "JIBUN": "476-5도", "BCHK": "1" }, "geometry": { "type": "Polygon", "coordinates": [ [ [ 126.598172729621723, 36.865353735121666 ], [ 126.598091579038197, 36.865274598345231 ], [ 126.598125823523134, 36.865359326048143 ], [ 126.598155479581024, 36.865343377553586 ], [ 126.598172729621723, 36.865353735121666 ] ] ] } },
{ "type": "Feature", "properties": { "PNU": "4427034036104760006", "JIBUN": "476-6도", "BCHK": "1" }, "geometry": { "type": "Polygon", "coordinates": [ [ [ 126.598033813405436, 36.865188547864967 ], [ 126.598039004256464, 36.86516090190355 ], [ 126.598063748298785, 36.865104126524606 ], [ 126.598105744977019, 36.865050743303058 ], [ 126.598084851346528, 36.865035886021012 ], [ 126.598055334846535, 36.865078831617623 ], [ 126.598004414939695, 36.865153008931671 ], [ 126.598033813405436, 36.865188547864967 ] ] ] } },
{ "type": "Feature", "properties": { "PNU": "4427034036104760007", "JIBUN": "476-7도", "BCHK": "1" }, "geometry": { "type": "Polygon", "coordinates": [ [ [ 126.598084851346528, 36.865035886021012 ], [ 126.598105744977019, 36.865050743303058 ], [ 126.598251944126986, 36.864864620119448 ], [ 126.598261485393564, 36.864854307744459 ], [ 126.59821266575868, 36.864902153371588 ], [ 126.59810029100106, 36.865014924631417 ], [ 126.598084851346528, 36.865035886021012 ] ] ] } },
{ "type": "Feature", "properties": { "PNU": "4427034036104760009", "JIBUN": "476-9도", "BCHK": "1" }, "geometry": { "type": "Polygon", "coordinates": [ [ [ 126.598535695943582, 36.865784849181544 ], [ 126.598538965521229, 36.865787977956202 ], [ 126.598550155403132, 36.865766912098323 ], [ 126.598492872364432, 36.865704282790162 ], [ 126.598385220780045, 36.865610125953452 ], [ 126.598395734159169, 36.86563061608679 ], [ 126.598412190372045, 36.865653433017009 ], [ 126.598436611655899, 36.865682187908249 ], [ 126.598535695943582, 36.865784849181544 ] ] ] } },
{ "type": "Feature", "properties": { "PNU": "4427034036104850001", "JIBUN": "485-1답", "BCHK": "1" }, "geometry": { "type": "Polygon", "coordinates": [ [ [ 126.598204247951244, 36.86451228654083 ], [ 126.59824612027333, 36.864538550173769 ], [ 126.598271282156702, 36.86455424179541 ], [ 126.598204346167719, 36.8645020595022 ], [ 126.598204247951244, 36.86451228654083 ] ] ] } },
{ "type": "Feature", "properties": { "PNU": "4427034036104860001", "JIBUN": "486-1도", "BCHK": "1" }, "geometry": { "type": "Polygon", "coordinates": [ [ [ 126.598204247951244, 36.86451228654083 ], [ 126.598204346167719, 36.8645020595022 ], [ 126.598061639743108, 36.864390816750387 ], [ 126.598016517191709, 36.864355612298475 ], [ 126.5979824303393, 36.864268722466889 ], [ 126.597969876907882, 36.864202990706453 ], [ 126.597966493783588, 36.864185110691835 ], [ 126.597949816041506, 36.864206959973181 ], [ 126.597939695721024, 36.864261603993292 ], [ 126.597950775370805, 36.864317490887608 ], [ 126.597993924095974, 36.864376333309551 ], [ 126.59807209390425, 36.864441943770494 ], [ 126.598149532261729, 36.864493017136652 ], [ 126.598204247951244, 36.86451228654083 ] ] ] } },
{ "type": "Feature", "properties": { "PNU": "4427034036104870001", "JIBUN": "487-1도", "BCHK": "1" }, "geometry": { "type": "Polygon", "coordinates": [ [ [ 126.598014354939593, 36.863994267975855 ], [ 126.597985584982595, 36.863990945113819 ], [ 126.597980371492241, 36.864003605877386 ], [ 126.598012257571924, 36.86400076677657 ], [ 126.598014354939593, 36.863994267975855 ] ] ] } },
{ "type": "Feature", "properties": { "PNU": "4427034036104870002", "JIBUN": "487-2 도", "BCHK": "1" }, "geometry": { "type": "Polygon", "coordinates": [ [ [ 126.597985584982595, 36.863990945113819 ], [ 126.598014354939593, 36.863994267975855 ], [ 126.59801960980657, 36.863977975957937 ], [ 126.598025907501196, 36.86389295231627 ], [ 126.597985584982595, 36.863990945113819 ] ] ] } },
{ "type": "Feature", "properties": { "PNU": "4427034036104880000", "JIBUN": "488도", "BCHK": "1" }, "geometry": { "type": "Polygon", "coordinates": [ [ [ 126.598038371071851, 36.863724517534941 ], [ 126.598014981333833, 36.863728169224871 ], [ 126.598032676724884, 36.863801379338298 ], [ 126.598038371071851, 36.863724517534941 ] ] ] } },
{ "type": "Feature", "properties": { "PNU": "4427034036104910002", "JIBUN": "491-2답", "BCHK": "1" }, "geometry": { "type": "Polygon", "coordinates": [ [ [ 126.606698454644885, 36.864934218847289 ], [ 126.606718069889212, 36.865041621360049 ], [ 126.606717770263842, 36.865043197279725 ], [ 126.606720557783945, 36.865039764306012 ], [ 126.606771252827883, 36.864933287426574 ], [ 126.606703961339988, 36.864934146893951 ], [ 126.606698454644885, 36.864934218847289 ] ] ] } },
{ "type": "Feature", "properties": { "PNU": "4427034036104910007", "JIBUN": "491-7대", "BCHK": "1" }, "geometry": { "type": "Polygon", "coordinates": [ [ [ 126.606813242937079, 36.863812406666376 ], [ 126.606767435318147, 36.863947995898791 ], [ 126.606741155065862, 36.863997289006043 ], [ 126.606726592913958, 36.864024796335926 ], [ 126.606702101991146, 36.864061876550338 ], [ 126.606821008329959, 36.864090400557387 ], [ 126.606836385008933, 36.864008776425784 ], [ 126.606858251171488, 36.863892706978945 ], [ 126.606868895311734, 36.863844038133394 ], [ 126.606851639010713, 36.86380837918928 ], [ 126.606813242937079, 36.863812406666376 ] ] ] } },
{ "type": "Feature", "properties": { "PNU": "4427034036104910012", "JIBUN": "491-12천", "BCHK": "1" }, "geometry": { "type": "Polygon", "coordinates": [ [ [ 126.607740096948561, 36.863149831626039 ], [ 126.607655917499471, 36.863109032764036 ], [ 126.607698723664626, 36.863190226616958 ], [ 126.607740096948561, 36.863149831626039 ] ] ] } },
{ "type": "Feature", "properties": { "PNU": "4427034036104910014", "JIBUN": "491-14 대", "BCHK": "1" }, "geometry": { "type": "Polygon", "coordinates": [ [ [ 126.60661450903082, 36.864316046567396 ], [ 126.606726336837141, 36.8643275077116 ], [ 126.606796787280473, 36.864142719114788 ], [ 126.606646853678726, 36.864142143712883 ], [ 126.606618492868776, 36.864183779675272 ], [ 126.606589889855172, 36.864226721412422 ], [ 126.606568645019749, 36.864284726604637 ], [ 126.60661450903082, 36.864316046567396 ] ] ] } },
{ "type": "Feature", "properties": { "PNU": "4427034036104910015", "JIBUN": "491-15천", "BCHK": "1" }, "geometry": { "type": "Polygon", "coordinates": [ [ [ 126.60878644665172, 36.858048696725845 ], [ 126.60858629899117, 36.857948929210629 ], [ 126.608367211154302, 36.857833942830325 ], [ 126.608151533728346, 36.857718787029263 ], [ 126.608103633836294, 36.857704770906778 ], [ 126.608117017886343, 36.857725557990825 ], [ 126.607868702940067, 36.857801244688474 ], [ 126.607768147006837, 36.857833001978172 ], [ 126.607664409837056, 36.857848664243832 ], [ 126.607767520050118, 36.857857032017279 ], [ 126.60789879494564, 36.857868312688943 ], [ 126.608143074069133, 36.857955593027505 ], [ 126.608309657082486, 36.858071200403558 ], [ 126.608384568270225, 36.858129791981945 ], [ 126.60838628302173, 36.858134384164551 ], [ 126.60840648062964, 36.858167069961709 ], [ 126.608446757138239, 36.858255806447659 ], [ 126.608423062834717, 36.858299945217496 ], [ 126.608354715907055, 36.858394858057331 ], [ 126.608294248640689, 36.858477190464441 ], [ 126.608293391187999, 36.858480422565968 ], [ 126.608250039065979, 36.858643684063743 ], [ 126.60823804106235, 36.858720751022666 ], [ 126.608241210671324, 36.858800886443383 ], [ 126.608245852560827, 36.858840684854066 ], [ 126.608250920101938, 36.858873960763304 ], [ 126.608283569126996, 36.858978603535675 ], [ 126.608316383820778, 36.859033038052964 ], [ 126.608362298120184, 36.859062816662323 ], [ 126.608400445134478, 36.859080828542602 ], [ 126.608431104249675, 36.859102699535619 ], [ 126.60847472527945, 36.859144644313076 ], [ 126.608531138646342, 36.859211356987799 ], [ 126.608565545015864, 36.859265976876053 ], [ 126.608577053054134, 36.859285288970163 ], [ 126.608588522871585, 36.859309917374212 ], [ 126.608673083130668, 36.859436176304484 ], [ 126.608685916523299, 36.859455078233303 ], [ 126.608759012147033, 36.859595473653798 ], [ 126.608775503731721, 36.859627138005756 ], [ 126.60880569016372, 36.85971123668719 ], [ 126.608796243169195, 36.859760801750497 ], [ 126.60879828106556, 36.859856342086438 ], [ 126.608807393166401, 36.859969882380526 ], [ 126.608807632815299, 36.860011017962997 ], [ 126.608821921820933, 36.860180532968116 ], [ 126.60882490323857, 36.860260316312782 ], [ 126.608847604910892, 36.860548649687701 ], [ 126.608852637055023, 36.860628719088901 ], [ 126.608860285549568, 36.86077655908943 ], [ 126.608858750467192, 36.861063407268297 ], [ 126.608859935394293, 36.861190023402557 ], [ 126.608842698621984, 36.861258657026688 ], [ 126.608814581266827, 36.861323461377687 ], [ 126.608783467114975, 36.861377740166027 ], [ 126.608779822172338, 36.861384441337961 ], [ 126.608708986829143, 36.861571392570163 ], [ 126.608696146741394, 36.861672939406205 ], [ 126.608686111869403, 36.861776351687304 ], [ 126.608664964515754, 36.861877420721093 ], [ 126.608636067687556, 36.861991827498777 ], [ 126.608622547281414, 36.862057292423209 ], [ 126.608594361144938, 36.862148777776255 ], [ 126.608573349309353, 36.862214308222633 ], [ 126.608520486053649, 36.862337845469042 ], [ 126.608463655151738, 36.862478571483372 ], [ 126.608330645647072, 36.862553231734346 ], [ 126.608236868549952, 36.86259595087337 ], [ 126.608217799208845, 36.86260580024237 ], [ 126.60804390852833, 36.862661610253674 ], [ 126.608013011911979, 36.862675133221224 ], [ 126.608000480236655, 36.862680606715912 ], [ 126.607992647968771, 36.862703576805721 ], [ 126.607950379127459, 36.862827454969427 ], [ 126.607755424578627, 36.863134860849925 ], [ 126.607740096948561, 36.863149831626039 ], [ 126.607698723664626, 36.863190226616958 ], [ 126.607550658465399, 36.863443973216988 ], [ 126.607478896591786, 36.863571908190082 ], [ 126.607754849462808, 36.863338072845465 ], [ 126.608103009497455, 36.863024835716018 ], [ 126.608286197423823, 36.862867620409276 ], [ 126.608424186612069, 36.862744434819319 ], [ 126.608572731300598, 36.862598513145414 ], [ 126.608737726638026, 36.862428297772581 ], [ 126.608782002455371, 36.862268868867858 ], [ 126.608842267309839, 36.862043604630806 ], [ 126.608901469853976, 36.861830925106169 ], [ 126.608947711386193, 36.86167292628938 ], [ 126.608974192010749, 36.861552798594047 ], [ 126.608992952669581, 36.861442422420573 ], [ 126.609003320056758, 36.861363989428739 ], [ 126.609006621541582, 36.861312277646874 ], [ 126.609015667143694, 36.861211457228187 ], [ 126.609027688610013, 36.861070043414102 ], [ 126.609030666626651, 36.860869956974668 ], [ 126.609036247948552, 36.860729188852176 ], [ 126.609039964081191, 36.860569257424018 ], [ 126.609037394175701, 36.860465794771507 ], [ 126.609032567225896, 36.860329795342849 ], [ 126.609027041013078, 36.860263078491265 ], [ 126.609006289087148, 36.860100841165824 ], [ 126.608984262020527, 36.859942402256451 ], [ 126.608961502081428, 36.859782555235036 ], [ 126.608923399312388, 36.859627622920982 ], [ 126.608849331585944, 36.859464390770391 ], [ 126.608813491099937, 36.859367514109259 ], [ 126.608750448321402, 36.859208418005899 ], [ 126.608715695602115, 36.859087296521196 ], [ 126.608652930693097, 36.858942014995968 ], [ 126.608640217968329, 36.858903794067153 ], [ 126.608622289940854, 36.85883707254068 ], [ 126.608611061781659, 36.858756063666242 ], [ 126.60860353457619, 36.858674967811844 ], [ 126.608675515458827, 36.8584915976339 ], [ 126.608707653127908, 36.85841220879346 ], [ 126.608726436156957, 36.858317214300783 ], [ 126.60874654249362, 36.858215565080158 ], [ 126.60878644665172, 36.858048696725845 ] ] ] } },
{ "type": "Feature", "properties": { "PNU": "4427034036104910019", "JIBUN": "491-19도", "BCHK": "1" }, "geometry": { "type": "Polygon", "coordinates": [ [ [ 126.598292143924482, 36.864772979515983 ], [ 126.598279102165165, 36.864809393686237 ], [ 126.59828223534538, 36.864806412620283 ], [ 126.59832850776229, 36.864743789524319 ], [ 126.598358775277305, 36.864696557198087 ], [ 126.598373655304741, 36.864686109604982 ], [ 126.598362490349444, 36.864661562368724 ], [ 126.598343656219114, 36.864679727996275 ], [ 126.598292143924482, 36.864772979515983 ] ] ] } },
{ "type": "Feature", "properties": { "PNU": "4427034036104910020", "JIBUN": "491-20전", "BCHK": "1" }, "geometry": { "type": "Polygon", "coordinates": [ [ [ 126.597921769812274, 36.864176696948206 ], [ 126.597965708996796, 36.864176475605852 ], [ 126.597963662160979, 36.864164700473367 ], [ 126.59799134466104, 36.864071296688891 ], [ 126.598012257571924, 36.86400076677657 ], [ 126.597980371492241, 36.864003605877386 ], [ 126.597943915188324, 36.864037661340447 ], [ 126.597937649382345, 36.864043524337291 ], [ 126.597921769812274, 36.864176696948206 ] ] ] } },
{ "type": "Feature", "properties": { "PNU": "4427034036104910021", "JIBUN": "491-21 천", "BCHK": "1" }, "geometry": { "type": "Polygon", "coordinates": [ [ [ 126.606888610154911, 36.864676737413475 ], [ 126.606794567805295, 36.864891553703274 ], [ 126.606771252827883, 36.864933287426574 ], [ 126.606720557783945, 36.865039764306012 ], [ 126.606751401332275, 36.865087380464573 ], [ 126.606768799100578, 36.86512393196157 ], [ 126.606779237878641, 36.86522974532533 ], [ 126.606778724122535, 36.865231527789966 ], [ 126.606810195830207, 36.865270351364551 ], [ 126.606860734352964, 36.865390065539913 ], [ 126.606863548817046, 36.865396733870234 ], [ 126.606977126270664, 36.865665587876087 ], [ 126.607008076483709, 36.865756114216843 ], [ 126.607015147665237, 36.865814284843566 ], [ 126.607019101626207, 36.86588335739858 ], [ 126.607032712265692, 36.865954462184241 ], [ 126.607056277462789, 36.866013182740616 ], [ 126.607063244450572, 36.86605002422192 ], [ 126.60706585923441, 36.866100232550913 ], [ 126.607079063292289, 36.866169714027883 ], [ 126.607079437252395, 36.86622170814335 ], [ 126.607109026247372, 36.866315329715526 ], [ 126.60712570371355, 36.86638764303617 ], [ 126.607174703506232, 36.866565210966243 ], [ 126.607208485205291, 36.866652601763654 ], [ 126.607241125038541, 36.866695628141642 ], [ 126.60723863155728, 36.866795325513664 ], [ 126.607238709003866, 36.866797731678304 ], [ 126.607241781200813, 36.866857231738777 ], [ 126.607240160663011, 36.866959482066221 ], [ 126.607269512978007, 36.867108402684259 ], [ 126.607274303502905, 36.867182821432579 ], [ 126.607271512071605, 36.867235390825826 ], [ 126.607258864196282, 36.867307472402615 ], [ 126.607237469944621, 36.867379308917712 ], [ 126.607207417175232, 36.867477644996427 ], [ 126.607186777935482, 36.86754655544491 ], [ 126.607162255799963, 36.867596169783681 ], [ 126.607106627550806, 36.86758563305434 ], [ 126.607099708318046, 36.867680080500108 ], [ 126.607083504869166, 36.867743409771819 ], [ 126.607043919505045, 36.867835064361316 ], [ 126.607003368591393, 36.867898340444185 ], [ 126.60697801008088, 36.867931597210202 ], [ 126.606955038422996, 36.867960833964865 ], [ 126.606905824357725, 36.868014115416969 ], [ 126.606875939346139, 36.868039914243937 ], [ 126.606874807425839, 36.868041955986804 ], [ 126.60686678212879, 36.868056428068748 ], [ 126.606866904272195, 36.868083028634715 ], [ 126.606816985774444, 36.868120493605595 ], [ 126.606799948524355, 36.86813839616147 ], [ 126.606794996599106, 36.868387783394446 ], [ 126.606764893534972, 36.868462835024005 ], [ 126.606756842646959, 36.868480109401233 ], [ 126.606755232468913, 36.868483564276609 ], [ 126.606777418996799, 36.868496117505785 ], [ 126.606779329656419, 36.868512884068537 ], [ 126.606759671196187, 36.868532354883001 ], [ 126.606786549985515, 36.868557232461214 ], [ 126.606809038951027, 36.868591827329737 ], [ 126.606807430879769, 36.868676136969853 ], [ 126.606771478895908, 36.868739139773467 ], [ 126.606708443055567, 36.868804215885305 ], [ 126.606626250509478, 36.868836600341702 ], [ 126.606558253733724, 36.868860687476406 ], [ 126.6065446198144, 36.868881926238139 ], [ 126.606511721527312, 36.868933269924902 ], [ 126.606685393543472, 36.868859601940962 ], [ 126.6067592370988, 36.868828190129548 ], [ 126.606916614394578, 36.868749881540694 ], [ 126.606951328250133, 36.868731676780889 ], [ 126.607019420549051, 36.86869981333286 ], [ 126.607101008202036, 36.868660632396072 ], [ 126.607261900346145, 36.868583497328494 ], [ 126.607326592173763, 36.868554235666679 ], [ 126.607328794216286, 36.868540276028448 ], [ 126.607360108633074, 36.868432104192777 ], [ 126.607432086988084, 36.868183451155772 ], [ 126.607455992172021, 36.868100863869095 ], [ 126.607503353964631, 36.867781628512816 ], [ 126.607509662378874, 36.867494472003784 ], [ 126.607466151665179, 36.866831613399235 ], [ 126.60746614072616, 36.866831559297857 ], [ 126.607272291473961, 36.865998386352182 ], [ 126.607242746615114, 36.865792741464851 ], [ 126.606979685633263, 36.865170663640441 ], [ 126.606896187255742, 36.864789551825289 ], [ 126.606888610154911, 36.864676737413475 ] ], [ [ 126.606930461335494, 36.868326559289969 ], [ 126.606880226386224, 36.868322735321591 ], [ 126.606884974560998, 36.868282364137762 ], [ 126.606935220698901, 36.868286188140956 ], [ 126.606934294759455, 36.86829401555773 ], [ 126.606987852725922, 36.868281793036488 ], [ 126.606974915261432, 36.868305052585363 ], [ 126.606974395569154, 36.868303600118949 ], [ 126.606932032009524, 36.868313264384462 ], [ 126.606930461335494, 36.868326559289969 ] ] ] } },
{ "type": "Feature", "properties": { "PNU": "4427034036104910025", "JIBUN": "491-25도", "BCHK": "1" }, "geometry": { "type": "Polygon", "coordinates": [ [ [ 126.606678197372432, 36.864096138280409 ], [ 126.60680193641457, 36.86412920171324 ], [ 126.606821008329959, 36.864090400557387 ], [ 126.606702101991146, 36.864061876550338 ], [ 126.606678197372432, 36.864096138280409 ] ] ] } },
{ "type": "Feature", "properties": { "PNU": "4427034036104910032", "JIBUN": "491-32 천", "BCHK": "1" }, "geometry": { "type": "Polygon", "coordinates": [ [ [ 126.606101044567723, 36.858722283546967 ], [ 126.606101684423777, 36.858722150496021 ], [ 126.60606968027038, 36.858559983610199 ], [ 126.606102905343207, 36.858555750060141 ], [ 126.606095877038754, 36.858520151782024 ], [ 126.606088848740725, 36.858484553503295 ], [ 126.606077306361811, 36.85842605260725 ], [ 126.606053629273816, 36.858435850379223 ], [ 126.605847240705572, 36.858447369425718 ], [ 126.605779774340178, 36.858450642731761 ], [ 126.60542780407944, 36.858465725776711 ], [ 126.605395285413152, 36.858465591183602 ], [ 126.604965725726686, 36.858450563042119 ], [ 126.604658366838876, 36.85837966525348 ], [ 126.604254443087186, 36.858290208286817 ], [ 126.604148009461369, 36.858238979563261 ], [ 126.603840150274195, 36.858082519413294 ], [ 126.603456901997944, 36.85789160247618 ], [ 126.603072356564624, 36.857687298784832 ], [ 126.602754744461933, 36.857544202593076 ], [ 126.602598222698049, 36.857666824374263 ], [ 126.602638772552794, 36.857703390559649 ], [ 126.603044726413557, 36.857981106683617 ], [ 126.603080089198741, 36.858008112903931 ], [ 126.603126226625236, 36.858024540108396 ], [ 126.603184339939418, 36.858040998120913 ], [ 126.603218453352412, 36.8580515101796 ], [ 126.603266478883981, 36.858062771347555 ], [ 126.603294456437212, 36.858069334221767 ], [ 126.603309352441627, 36.858077178193511 ], [ 126.603372506342467, 36.858096896803012 ], [ 126.60343791839091, 36.858137582261207 ], [ 126.603461679042042, 36.858159521711464 ], [ 126.603504170529021, 36.858141424866545 ], [ 126.603508811930922, 36.858139439871096 ], [ 126.603583017836172, 36.858109941469579 ], [ 126.603651677032175, 36.858142861185726 ], [ 126.603710963407465, 36.858182003297756 ], [ 126.603847811312107, 36.858276153257492 ], [ 126.603952306648537, 36.858340117240047 ], [ 126.60401654505516, 36.858356171667864 ], [ 126.604172126490354, 36.858418565914903 ], [ 126.604420760909605, 36.858476105306075 ], [ 126.604593506605326, 36.8585153077711 ], [ 126.604825487249741, 36.858560166831829 ], [ 126.605083178398289, 36.858592396162408 ], [ 126.605427314564466, 36.858561293864433 ], [ 126.605593253299261, 36.858567843860179 ], [ 126.605701409474591, 36.858574193643697 ], [ 126.605832761028054, 36.858614500991109 ], [ 126.605937832515153, 36.858664894704127 ], [ 126.605968072016211, 36.858691901163986 ], [ 126.606018982209605, 36.858740052400975 ], [ 126.606101044567723, 36.858722283546967 ] ] ] } },
{ "type": "Feature", "properties": { "PNU": "4427034036104910037", "JIBUN": "491-37 전", "BCHK": "1" }, "geometry": { "type": "Polygon", "coordinates": [ [ [ 126.606646853678726, 36.864142143712883 ], [ 126.606796787280473, 36.864142719114788 ], [ 126.60680193641457, 36.86412920171324 ], [ 126.606678197372432, 36.864096138280409 ], [ 126.606646853678726, 36.864142143712883 ] ] ] } },
{ "type": "Feature", "properties": { "PNU": "4427034036104910038", "JIBUN": "491-38 천", "BCHK": "1" }, "geometry": { "type": "Polygon", "coordinates": [ [ [ 126.606932032009524, 36.868313264384462 ], [ 126.606974395569154, 36.868303600118949 ], [ 126.606974915261432, 36.868305052585363 ], [ 126.606987852725922, 36.868281793036488 ], [ 126.606934294759455, 36.86829401555773 ], [ 126.606935220698901, 36.868286188140956 ], [ 126.606884974560998, 36.868282364137762 ], [ 126.606880226386224, 36.868322735321591 ], [ 126.606930461335494, 36.868326559289969 ], [ 126.606932032009524, 36.868313264384462 ] ] ] } },
{ "type": "Feature", "properties": { "PNU": "4427034036104910039", "JIBUN": "491-39 천", "BCHK": "1" }, "geometry": { "type": "Polygon", "coordinates": [ [ [ 126.606588877711403, 36.858378279854257 ], [ 126.606388562794706, 36.858403813813858 ], [ 126.606385998866628, 36.858400840764922 ], [ 126.606361083795505, 36.858275470862054 ], [ 126.606225495877879, 36.858357608382363 ], [ 126.606190702426886, 36.858379110704213 ], [ 126.606077306361811, 36.85842605260725 ], [ 126.606088848740725, 36.858484553503295 ], [ 126.606095877038754, 36.858520151782024 ], [ 126.606102905343207, 36.858555750060141 ], [ 126.60606968027038, 36.858559983610199 ], [ 126.606101684423777, 36.858722150496021 ], [ 126.606109463524717, 36.858720572239342 ], [ 126.606331124348372, 36.858562306408977 ], [ 126.606335241593285, 36.858544388285011 ], [ 126.606360780360106, 36.858541129509661 ], [ 126.606588877711403, 36.858378279854257 ] ] ] } },
{ "type": "Feature", "properties": { "PNU": "4427034036104910040", "JIBUN": "491-40 천", "BCHK": "1" }, "geometry": { "type": "Polygon", "coordinates": [ [ [ 126.606368250738342, 36.858667991724289 ], [ 126.60645709829015, 36.858634638116548 ], [ 126.606563637617512, 36.858588736527352 ], [ 126.606653071824027, 36.858545869186152 ], [ 126.606668221375472, 36.858501945895981 ], [ 126.606335241593285, 36.858544388285011 ], [ 126.606303795309401, 36.858681088142561 ], [ 126.606368250738342, 36.858667991724289 ] ] ] } },
{ "type": "Feature", "properties": { "PNU": "4427034036104910041", "JIBUN": "491-41 천", "BCHK": "1" }, "geometry": { "type": "Polygon", "coordinates": [ [ [ 126.606790289606209, 36.858234471963563 ], [ 126.606864977252783, 36.858138914113425 ], [ 126.606894023844745, 36.85810305629704 ], [ 126.607004261966225, 36.858028710038084 ], [ 126.607117580317222, 36.85795280592103 ], [ 126.607170821538432, 36.857919911204114 ], [ 126.606812210337949, 36.8579711733179 ], [ 126.606769803008191, 36.857994921466599 ], [ 126.6066544080863, 36.858071151807415 ], [ 126.606488094402948, 36.85818868229547 ], [ 126.606393535290536, 36.858255817010246 ], [ 126.606361083795505, 36.858275470862054 ], [ 126.606385998866628, 36.858400840764922 ], [ 126.606388562794706, 36.858403813813858 ], [ 126.606588877711403, 36.858378279854257 ], [ 126.606790289606209, 36.858234471963563 ] ] ] } },
{ "type": "Feature", "properties": { "PNU": "4427034036104910043", "JIBUN": "491-43 천", "BCHK": "1" }, "geometry": { "type": "Polygon", "coordinates": [ [ [ 126.606331124348372, 36.858562306408977 ], [ 126.606109463524717, 36.858720572239342 ], [ 126.606303795309401, 36.858681088142561 ], [ 126.606331124348372, 36.858562306408977 ] ] ] } },
{ "type": "Feature", "properties": { "PNU": "4427034036104910044", "JIBUN": "491-44 천", "BCHK": "1" }, "geometry": { "type": "Polygon", "coordinates": [ [ [ 126.606588877711403, 36.858378279854257 ], [ 126.606360780360106, 36.858541129509661 ], [ 126.606668221375472, 36.858501945895981 ], [ 126.606679876596885, 36.858468157367504 ], [ 126.606676258501111, 36.858449826258578 ], [ 126.60662111913885, 36.858456853178751 ], [ 126.606605192856875, 36.858376198070602 ], [ 126.606588877711403, 36.858378279854257 ] ] ] } },
{ "type": "Feature", "properties": { "PNU": "4427034036104910045", "JIBUN": "491-45 천", "BCHK": "1" }, "geometry": { "type": "Polygon", "coordinates": [ [ [ 126.606790289606209, 36.858234471963563 ], [ 126.606588877711403, 36.858378279854257 ], [ 126.606605192856875, 36.858376198070602 ], [ 126.60662111913885, 36.858456853178751 ], [ 126.606676258501111, 36.858449826258578 ], [ 126.606679876596885, 36.858468157367504 ], [ 126.606718290820396, 36.858356819054165 ], [ 126.60673767964424, 36.8583017902656 ], [ 126.606790289606209, 36.858234471963563 ] ] ] } },
{ "type": "Feature", "properties": { "PNU": "4427034036104920002", "JIBUN": "492-2도", "BCHK": "1" }, "geometry": { "type": "Polygon", "coordinates": [ [ [ 126.606905824357725, 36.868014115416969 ], [ 126.60684370483321, 36.867983327712523 ], [ 126.606795493269615, 36.867980825968374 ], [ 126.606796600207176, 36.868001248306555 ], [ 126.606826516271994, 36.868000121433859 ], [ 126.606874807425839, 36.868041955986804 ], [ 126.606875939346139, 36.868039914243937 ], [ 126.606905824357725, 36.868014115416969 ] ] ] } },
{ "type": "Feature", "properties": { "PNU": "4427034036104930006", "JIBUN": "493-6구", "BCHK": "1" }, "geometry": { "type": "Polygon", "coordinates": [ [ [ 126.606398289132713, 36.863812470972064 ], [ 126.606399255391409, 36.86385380716667 ], [ 126.606400558692144, 36.863971827245827 ], [ 126.606416709600722, 36.863868255166004 ], [ 126.606433818938811, 36.863809740753389 ], [ 126.606398289132713, 36.863812470972064 ] ] ] } },
{ "type": "Feature", "properties": { "PNU": "4427034036104930007", "JIBUN": "493-7구", "BCHK": "1" }, "geometry": { "type": "Polygon", "coordinates": [ [ [ 126.606621734379701, 36.861186565592888 ], [ 126.606666203194507, 36.861198678706174 ], [ 126.606683773919229, 36.861141886833479 ], [ 126.60667135788988, 36.861102783619309 ], [ 126.606668983982061, 36.861055991168023 ], [ 126.606684504919727, 36.860987748684416 ], [ 126.606693624929704, 36.860969576722461 ], [ 126.606702541891636, 36.860951638373869 ], [ 126.606741966748402, 36.860890791543135 ], [ 126.606750313105067, 36.860839646119544 ], [ 126.606752783286851, 36.860786318706971 ], [ 126.606705153540659, 36.860780565915661 ], [ 126.606687301784788, 36.860885826534087 ], [ 126.606651009942894, 36.860974365181086 ], [ 126.606627265289788, 36.86113997942595 ], [ 126.606621734379701, 36.861186565592888 ] ] ] } },
{ "type": "Feature", "properties": { "PNU": "4427034036104930008", "JIBUN": "493-8천", "BCHK": "1" }, "geometry": { "type": "Polygon", "coordinates": [ [ [ 126.606689201186924, 36.859960403632016 ], [ 126.606697377318412, 36.859986508155025 ], [ 126.606713297179269, 36.860031164632922 ], [ 126.606752159948797, 36.86022309892482 ], [ 126.60678031500926, 36.86026320016132 ], [ 126.606769180792938, 36.860201474788461 ], [ 126.60674576621409, 36.860054330583473 ], [ 126.606722397262246, 36.860003693343089 ], [ 126.606712257928393, 36.859949188979336 ], [ 126.60670886623042, 36.85991505348985 ], [ 126.606689201186924, 36.859960403632016 ] ] ] } },
{ "type": "Feature", "properties": { "PNU": "4427034036104930010", "JIBUN": "493-10 천", "BCHK": "1" }, "geometry": { "type": "Polygon", "coordinates": [ [ [ 126.606052606501734, 36.859096310614838 ], [ 126.606068605150128, 36.859156150825818 ], [ 126.606182462039897, 36.8593022331371 ], [ 126.606211082609633, 36.859384957646995 ], [ 126.606249500328445, 36.859431112176317 ], [ 126.606404653262317, 36.859578150558754 ], [ 126.606429155173814, 36.859573780007523 ], [ 126.606467109003603, 36.859592251425163 ], [ 126.606503074299823, 36.859620231790579 ], [ 126.606534853330075, 36.85964891019956 ], [ 126.606661713372276, 36.85978087879429 ], [ 126.606645176451323, 36.859828528014781 ], [ 126.606640977007274, 36.859858151043916 ], [ 126.606648110088074, 36.859917223043112 ], [ 126.606607434379427, 36.859931046812449 ], [ 126.606614502787181, 36.859954471448731 ], [ 126.606651093335188, 36.859958872284537 ], [ 126.606714572343861, 36.85980337308709 ], [ 126.60671034304751, 36.859775155002069 ], [ 126.606688457505157, 36.859734894198546 ], [ 126.60651751176168, 36.859612593107059 ], [ 126.606375448453946, 36.859521925251116 ], [ 126.606278675243189, 36.859390046638595 ], [ 126.606099303075794, 36.859183465135374 ], [ 126.606126200565512, 36.859054878166397 ], [ 126.606125606734167, 36.859046009471371 ], [ 126.606052606501734, 36.859096310614838 ] ] ] } },
{ "type": "Feature", "properties": { "PNU": "4427034036104930011", "JIBUN": "493-11천", "BCHK": "1" }, "geometry": { "type": "Polygon", "coordinates": [ [ [ 126.606761382071312, 36.859701650070228 ], [ 126.606723603116549, 36.859675258734775 ], [ 126.606670891471694, 36.859645889608515 ], [ 126.606630281458294, 36.859629310798972 ], [ 126.606532007262871, 36.859569442623709 ], [ 126.606475474930775, 36.859535086787581 ], [ 126.606716499823563, 36.859711378070102 ], [ 126.606743424229975, 36.859731110608855 ], [ 126.60675087627969, 36.859751878284662 ], [ 126.606760225119231, 36.859726191970324 ], [ 126.606761382071312, 36.859701650070228 ] ] ] } },
{ "type": "Feature", "properties": { "PNU": "4427034036104930012", "JIBUN": "493-12천", "BCHK": "1" }, "geometry": { "type": "Polygon", "coordinates": [ [ [ 126.606331891345135, 36.859366721810964 ], [ 126.606317484397891, 36.859337677164319 ], [ 126.606300243278397, 36.859301486522881 ], [ 126.606298230194298, 36.859282881363825 ], [ 126.606293405076912, 36.859270349287641 ], [ 126.606258236472968, 36.8592488953852 ], [ 126.606238838051326, 36.859220131613824 ], [ 126.606202407020604, 36.859208729702033 ], [ 126.606160912700034, 36.859189714867298 ], [ 126.606313007490215, 36.859342582346258 ], [ 126.606331891345135, 36.859366721810964 ] ] ] } },
{ "type": "Feature", "properties": { "PNU": "4427034036104930013", "JIBUN": "493-13 천", "BCHK": "1" }, "geometry": { "type": "Polygon", "coordinates": [ [ [ 126.606173292782856, 36.858878221581108 ], [ 126.606174329606119, 36.858875017120219 ], [ 126.606171559257291, 36.858829070359107 ], [ 126.606159427533868, 36.858798086845752 ], [ 126.606154490657119, 36.85878549131774 ], [ 126.606137501735887, 36.85876580946848 ], [ 126.606101925083095, 36.85872333171978 ], [ 126.606111838927021, 36.858773573240647 ], [ 126.60613842131896, 36.858770182795602 ], [ 126.606152914060544, 36.858826278499308 ], [ 126.606154216828784, 36.858878528052244 ], [ 126.606173292782856, 36.858878221581108 ] ] ] } },
{ "type": "Feature", "properties": { "PNU": "4427034036104930014", "JIBUN": "493-14 천", "BCHK": "1" }, "geometry": { "type": "Polygon", "coordinates": [ [ [ 126.606125606734167, 36.859046009471371 ], [ 126.606118598494774, 36.858940684849223 ], [ 126.606157718061681, 36.858939435335479 ], [ 126.606161545098374, 36.858914685991586 ], [ 126.606173292782856, 36.858878221581108 ], [ 126.606154216828784, 36.858878528052244 ], [ 126.606152914060544, 36.858826278499308 ], [ 126.60613842131896, 36.858770182795602 ], [ 126.606111838927021, 36.858773573240647 ], [ 126.606102373268286, 36.858725594937887 ], [ 126.606045019314664, 36.858766540351446 ], [ 126.60609061216411, 36.858812925881246 ], [ 126.606109766796564, 36.858849861768121 ], [ 126.606110095544111, 36.858897413421552 ], [ 126.606091712119877, 36.858931143631288 ], [ 126.606062013888803, 36.858964917572969 ], [ 126.606038066339778, 36.858992483960023 ], [ 126.606051770176094, 36.859093199089507 ], [ 126.606052606501734, 36.859096310614838 ], [ 126.606125606734167, 36.859046009471371 ] ] ] } },
{ "type": "Feature", "properties": { "PNU": "4427034036104930015", "JIBUN": "493-15 천", "BCHK": "1" }, "geometry": { "type": "Polygon", "coordinates": [ [ [ 126.606102373268286, 36.858725594937887 ], [ 126.606101925083095, 36.85872333171978 ], [ 126.606101044567723, 36.858722283546967 ], [ 126.606018982209605, 36.858740052400975 ], [ 126.606045019314664, 36.858766540351446 ], [ 126.606102373268286, 36.858725594937887 ] ] ] } },
{ "type": "Feature", "properties": { "PNU": "4427034036104940001", "JIBUN": "494-1도", "BCHK": "1" }, "geometry": { "type": "Polygon", "coordinates": [ [ [ 126.605036213453488, 36.863826152959135 ], [ 126.60504440210336, 36.863825729526305 ], [ 126.605045317847086, 36.863795861420158 ], [ 126.605044928355042, 36.863795274421996 ], [ 126.605018209631822, 36.863754925247996 ], [ 126.605006873587854, 36.863730549267345 ], [ 126.604978905964032, 36.863649466673643 ], [ 126.604962412462925, 36.86362487536973 ], [ 126.604937819820663, 36.863624802937032 ], [ 126.60491398071612, 36.863622119833494 ], [ 126.604890807419338, 36.863601137789232 ], [ 126.60487042102632, 36.8635571781615 ], [ 126.604862715097525, 36.863529092688317 ], [ 126.604862007548888, 36.863503066860254 ], [ 126.604883896107651, 36.863461878443331 ], [ 126.604946952090728, 36.863390126221383 ], [ 126.604962407829362, 36.863367785314018 ], [ 126.604965469295863, 36.863334995768795 ], [ 126.604949353656266, 36.863319831116868 ], [ 126.604915180138477, 36.863278997672758 ], [ 126.60491808033035, 36.863229555446878 ], [ 126.604917958526343, 36.863220508097633 ], [ 126.604901150384535, 36.863220110014211 ], [ 126.604899872387577, 36.863281235741823 ], [ 126.604942312808944, 36.863339172228059 ], [ 126.604928905716747, 36.863381884556361 ], [ 126.604900136496966, 36.863417751782542 ], [ 126.604861990782851, 36.863458246579007 ], [ 126.604837005266646, 36.863534756478622 ], [ 126.604880333627207, 36.863625108139402 ], [ 126.60495291925308, 36.863643514519772 ], [ 126.604964112168062, 36.863660807463205 ], [ 126.604982749833496, 36.863711204078157 ], [ 126.604996575544476, 36.863748681145083 ], [ 126.60501649097192, 36.863779537339994 ], [ 126.605031068182456, 36.863812619571021 ], [ 126.605036213453488, 36.863826152959135 ] ] ] } },
{ "type": "Feature", "properties": { "PNU": "4427034036104950001", "JIBUN": "495-1도", "BCHK": "1" }, "geometry": { "type": "Polygon", "coordinates": [ [ [ 126.604917958526343, 36.863220508097633 ], [ 126.604920296637488, 36.863186634848795 ], [ 126.604923108755727, 36.863139057587105 ], [ 126.604906286736664, 36.863139182090841 ], [ 126.604901150384535, 36.863220110014211 ], [ 126.604917958526343, 36.863220508097633 ] ] ] } },
{ "type": "Feature", "properties": { "PNU": "4427034036104950006", "JIBUN": "495-6도", "BCHK": "1" }, "geometry": { "type": "Polygon", "coordinates": [ [ [ 126.606045019314664, 36.858766540351446 ], [ 126.606018982209605, 36.858740052400975 ], [ 126.605968072016211, 36.858691901163986 ], [ 126.605937832515153, 36.858664894704127 ], [ 126.605832761028054, 36.858614500991109 ], [ 126.605701409474591, 36.858574193643697 ], [ 126.605593253299261, 36.858567843860179 ], [ 126.605427314564466, 36.858561293864433 ], [ 126.605083178398289, 36.858592396162408 ], [ 126.604825487249741, 36.858560166831829 ], [ 126.604593506605326, 36.8585153077711 ], [ 126.604420760909605, 36.858476105306075 ], [ 126.604172126490354, 36.858418565914903 ], [ 126.604041567835225, 36.858475117629737 ], [ 126.604011414966322, 36.858477216205088 ], [ 126.603934943052238, 36.858485036111944 ], [ 126.603834516025842, 36.858449812404295 ], [ 126.603793188949965, 36.858442078956919 ], [ 126.60382456750412, 36.858496005329478 ], [ 126.603846453756688, 36.85849870018631 ], [ 126.603870691855136, 36.858508521466874 ], [ 126.603922640604779, 36.858524517113651 ], [ 126.603959496505794, 36.858522945425172 ], [ 126.603993451331164, 36.858518561702205 ], [ 126.604038822783011, 36.8585204874569 ], [ 126.604068504283802, 36.858516287768374 ], [ 126.604075460838672, 36.858513301212987 ], [ 126.604084587180267, 36.858509231538306 ], [ 126.60417487261752, 36.85846899106415 ], [ 126.604218198208144, 36.858460970929102 ], [ 126.604389834640202, 36.858539277355739 ], [ 126.604437659742104, 36.858576560891848 ], [ 126.60452557086785, 36.858599064250285 ], [ 126.60451576928962, 36.858660396047583 ], [ 126.604524231329975, 36.858687429794955 ], [ 126.604533487280591, 36.858717088347987 ], [ 126.604554015485547, 36.858754984193922 ], [ 126.604586517676267, 36.858799858125558 ], [ 126.604607619715779, 36.858833016125843 ], [ 126.604651740353361, 36.858860204089574 ], [ 126.604687450989346, 36.858869873994571 ], [ 126.604747180731465, 36.858879641494454 ], [ 126.604838449086216, 36.858886080283504 ], [ 126.60490230434425, 36.858878578448028 ], [ 126.60501495208598, 36.858848818998773 ], [ 126.605060140391586, 36.858840579452426 ], [ 126.605083619141823, 36.858843270342902 ], [ 126.605112826587558, 36.858861560053441 ], [ 126.605137190491376, 36.858888457164717 ], [ 126.605147140489237, 36.858911837363465 ], [ 126.605160047650259, 36.858927099509074 ], [ 126.605209665755595, 36.858931913352784 ], [ 126.605198517608287, 36.858919135033872 ], [ 126.605164553529846, 36.85887279666369 ], [ 126.605126399828137, 36.858834383026533 ], [ 126.605100363654117, 36.85881870796981 ], [ 126.605072468414122, 36.858811316789179 ], [ 126.605003171632021, 36.85881721477908 ], [ 126.604891118897896, 36.858840290093717 ], [ 126.604828877176743, 36.858845850911969 ], [ 126.604771259139866, 36.85883976690014 ], [ 126.604721403812562, 36.858828752582255 ], [ 126.604685738877961, 36.858814550351724 ], [ 126.604643795696944, 36.858782602845992 ], [ 126.604613398499239, 36.858742709928315 ], [ 126.604601710611476, 36.858714953633687 ], [ 126.604600547355858, 36.85871219243996 ], [ 126.604591109924272, 36.858687300061405 ], [ 126.604590428152378, 36.858684675627103 ], [ 126.604560513326319, 36.858570489348331 ], [ 126.604575126178219, 36.858543973625899 ], [ 126.604846040037472, 36.85859547657909 ], [ 126.60502825802385, 36.858615714791831 ], [ 126.605031128100435, 36.85861583242518 ], [ 126.605122745271984, 36.8586197941503 ], [ 126.605203701912217, 36.858614304125034 ], [ 126.605336558712736, 36.858597154432452 ], [ 126.605418293560476, 36.858592973417302 ], [ 126.605427185515978, 36.858586487940471 ], [ 126.60545846624089, 36.858580932546928 ], [ 126.605504360371185, 36.858581534867326 ], [ 126.605560368437068, 36.858586658044125 ], [ 126.605660760119804, 36.858593928337363 ], [ 126.605718247873526, 36.858601345102002 ], [ 126.605767208756646, 36.858611842424516 ], [ 126.605903692726997, 36.858668179040535 ], [ 126.605933379161669, 36.858687118918155 ], [ 126.605982409973166, 36.858738769206411 ], [ 126.605999417556347, 36.858761370674081 ], [ 126.606018587313386, 36.85878437575996 ], [ 126.606028486006906, 36.85877837114127 ], [ 126.606045019314664, 36.858766540351446 ] ] ] } },
{ "type": "Feature", "properties": { "PNU": "4427034036104950009", "JIBUN": "495-9 도", "BCHK": "1" }, "geometry": { "type": "Polygon", "coordinates": [ [ [ 126.606018587313386, 36.85878437575996 ], [ 126.606025319024255, 36.858792453744549 ], [ 126.606034691146348, 36.85879951320485 ], [ 126.606063444200259, 36.858821180272905 ], [ 126.606081171545625, 36.85884776692734 ], [ 126.606075227167693, 36.858896235001147 ], [ 126.606066690934412, 36.858929646297362 ], [ 126.606058888249336, 36.858940217360562 ], [ 126.606033093497345, 36.858969381588658 ], [ 126.606035667184273, 36.858974832677141 ], [ 126.606038066524121, 36.858992447916982 ], [ 126.606062013888803, 36.858964917572969 ], [ 126.606091712119877, 36.858931143631288 ], [ 126.606110095544111, 36.858897413421552 ], [ 126.606109766796564, 36.858849861768121 ], [ 126.60609061216411, 36.858812925881246 ], [ 126.606045019314664, 36.858766540351446 ], [ 126.606028486006906, 36.85877837114127 ], [ 126.606018587313386, 36.85878437575996 ] ] ] } },
{ "type": "Feature", "properties": { "PNU": "4427034036104960001", "JIBUN": "496-1 도", "BCHK": "1" }, "geometry": { "type": "Polygon", "coordinates": [ [ [ 126.606700034776438, 36.858594097227645 ], [ 126.606658971958737, 36.85862238225355 ], [ 126.606671226107295, 36.858620638496667 ], [ 126.606699105691419, 36.858624524007055 ], [ 126.60672030253761, 36.858639281670349 ], [ 126.606737985281242, 36.858690017319155 ], [ 126.606745979965424, 36.858723086679113 ], [ 126.606753592831552, 36.858769445871417 ], [ 126.606765935017265, 36.858836131242079 ], [ 126.606796743250072, 36.85890117441464 ], [ 126.606826111935248, 36.858942883590032 ], [ 126.606840574673896, 36.858954429175256 ], [ 126.606843098658999, 36.858956446926165 ], [ 126.606897850866446, 36.859040735183399 ], [ 126.606923653366849, 36.859080315019099 ], [ 126.606925538696089, 36.859082231543894 ], [ 126.606979765940295, 36.859137574992438 ], [ 126.607049162913555, 36.859186804922665 ], [ 126.607088763656748, 36.859218752876657 ], [ 126.607081092586427, 36.859276091057609 ], [ 126.607093039445942, 36.859339008527641 ], [ 126.60709953550662, 36.859369135368752 ], [ 126.607128379710829, 36.859507151331265 ], [ 126.607168328126519, 36.859607294957904 ], [ 126.607162543185197, 36.859626820568835 ], [ 126.607146747616426, 36.859652305467975 ], [ 126.60711690034303, 36.859677960350375 ], [ 126.607088082357762, 36.859695283525049 ], [ 126.607062951135049, 36.859719701410036 ], [ 126.607036739008848, 36.859760362396486 ], [ 126.60695521151213, 36.859822575451851 ], [ 126.606917645097596, 36.859855593795132 ], [ 126.606806823326295, 36.859980038667388 ], [ 126.606775685194364, 36.860014682093322 ], [ 126.60674576621409, 36.860054330583473 ], [ 126.606769180792938, 36.860201474788461 ], [ 126.60678031500926, 36.86026320016132 ], [ 126.606777682747577, 36.860282384717394 ], [ 126.606813623110568, 36.860365863082073 ], [ 126.606954681739509, 36.860379123404407 ], [ 126.607088903254706, 36.860391739288318 ], [ 126.607196461592878, 36.860436688474032 ], [ 126.607265256298675, 36.860478932834617 ], [ 126.607276768030204, 36.860488693500898 ], [ 126.607311109439948, 36.86049879964478 ], [ 126.607346700578105, 36.860505729041954 ], [ 126.607385044158548, 36.860507269953743 ], [ 126.607427610138515, 36.86050543664706 ], [ 126.607494481173575, 36.860493897450816 ], [ 126.607526339249191, 36.860505004583509 ], [ 126.607563591198726, 36.860522716424697 ], [ 126.607631737880041, 36.860546936627287 ], [ 126.607755058400087, 36.860531221656785 ], [ 126.60787765611596, 36.860593601715109 ], [ 126.60789079084077, 36.860630409388968 ], [ 126.607863141939006, 36.860702207523836 ], [ 126.607845978563915, 36.860760676945361 ], [ 126.607864280377001, 36.860844241180118 ], [ 126.607885263943103, 36.860892248177095 ], [ 126.60790783349448, 36.860926095237531 ], [ 126.607912099394113, 36.860929596479188 ], [ 126.607936846316079, 36.860949862243103 ], [ 126.60796298383876, 36.861011979221885 ], [ 126.607960840530183, 36.861122427869681 ], [ 126.607963864167601, 36.861195948779937 ], [ 126.607969319256895, 36.861276470142705 ], [ 126.607959201950123, 36.861329799480416 ], [ 126.607927702264575, 36.86145309130449 ], [ 126.607913898234088, 36.861516897214138 ], [ 126.607886299146102, 36.861633921241825 ], [ 126.607841383410758, 36.861779984549905 ], [ 126.607803469463761, 36.861876736150911 ], [ 126.607787412680906, 36.861940255296503 ], [ 126.607817651242797, 36.861985445279252 ], [ 126.607823919332063, 36.86199877499228 ], [ 126.607845909541311, 36.861996693676204 ], [ 126.607834069235309, 36.861972118058738 ], [ 126.60781493188496, 36.861944689026657 ], [ 126.607810909776504, 36.861913119614051 ], [ 126.607822027364762, 36.861874805751171 ], [ 126.607864642992354, 36.861779664529479 ], [ 126.607904583059579, 36.861635134734414 ], [ 126.607933435591448, 36.861527414076662 ], [ 126.607953767011253, 36.861437002389529 ], [ 126.607974167076179, 36.861374957255137 ], [ 126.607983335270333, 36.861331843165154 ], [ 126.607986041258656, 36.861291510230721 ], [ 126.60799437044362, 36.861250195563422 ], [ 126.607976497155434, 36.861163911468289 ], [ 126.607973593869545, 36.861124028667014 ], [ 126.60798019211073, 36.861043835260794 ], [ 126.60798639307383, 36.860980004353991 ], [ 126.607977557682986, 36.860962142735751 ], [ 126.607927186444044, 36.860926546312896 ], [ 126.607913922794609, 36.860899632196563 ], [ 126.607890370886196, 36.860869314183695 ], [ 126.607880072813586, 36.860821576594319 ], [ 126.60786629143054, 36.860755391238357 ], [ 126.607876863894163, 36.860707370823661 ], [ 126.607905059711598, 36.860633871421761 ], [ 126.607910861604921, 36.860610993775992 ], [ 126.607894602879469, 36.860586484735386 ], [ 126.607864713792466, 36.860567463586143 ], [ 126.607784431308815, 36.860519468888405 ], [ 126.607808621146518, 36.860466311976033 ], [ 126.607820034957854, 36.860429242582491 ], [ 126.607823320437348, 36.86040505008603 ], [ 126.60781922984674, 36.860364920078489 ], [ 126.607797616839193, 36.860321641723147 ], [ 126.6077417068161, 36.860237530304737 ], [ 126.607669204440612, 36.860110805775342 ], [ 126.607601786054644, 36.860086777218065 ], [ 126.607520250000832, 36.860027442494278 ], [ 126.607518998713374, 36.860026528275881 ], [ 126.607458209160413, 36.859927415527636 ], [ 126.607428546939317, 36.859879352857327 ], [ 126.60742077780337, 36.859854754544529 ], [ 126.607423527892408, 36.859808015002891 ], [ 126.607439372805899, 36.859636409339899 ], [ 126.607441416006267, 36.859622755526033 ], [ 126.607444951857147, 36.859589057352338 ], [ 126.607444666761211, 36.859572386233374 ], [ 126.607444296521493, 36.859526213119373 ], [ 126.607448493624673, 36.859488182873811 ], [ 126.607435948071313, 36.859465668385077 ], [ 126.607397677357213, 36.859454332872794 ], [ 126.607375038748302, 36.85939456109692 ], [ 126.607427975855387, 36.859386310110025 ], [ 126.607479431755991, 36.859318834532537 ], [ 126.60750787932821, 36.859301537075325 ], [ 126.607534110941259, 36.859285583957515 ], [ 126.607580239012862, 36.859268966399931 ], [ 126.607803262178621, 36.85917101233273 ], [ 126.607954101876359, 36.859104016419288 ], [ 126.607966352448344, 36.859098578044545 ], [ 126.607995236659576, 36.85909019369393 ], [ 126.607997785970284, 36.859089445154382 ], [ 126.608054309173028, 36.859072771459658 ], [ 126.608115445493695, 36.859066268186844 ], [ 126.608251975302352, 36.859056759543343 ], [ 126.608294525968816, 36.859059980993621 ], [ 126.608362298120184, 36.859062816662323 ], [ 126.608316383820778, 36.859033038052964 ], [ 126.60825967654884, 36.859030797368895 ], [ 126.60816972577976, 36.859036395097583 ], [ 126.608166999486173, 36.859036665481334 ], [ 126.608025513356296, 36.859050564077322 ], [ 126.607957275524683, 36.859066523443538 ], [ 126.607942348335925, 36.859088911552661 ], [ 126.607937492190729, 36.859091238429876 ], [ 126.607870068544173, 36.859123474123912 ], [ 126.607784169846482, 36.859161307891192 ], [ 126.60760844803923, 36.859239052860978 ], [ 126.60757193662954, 36.859256594144057 ], [ 126.607470952472909, 36.85930156876411 ], [ 126.60744054337323, 36.859323094885049 ], [ 126.607437398511678, 36.85932848207095 ], [ 126.607409931472475, 36.859375608846349 ], [ 126.607353615690073, 36.859380118188625 ], [ 126.607368311374032, 36.859466995673202 ], [ 126.607319289428233, 36.859547517996837 ], [ 126.607285709006163, 36.859568592103493 ], [ 126.607187756615701, 36.859610458685069 ], [ 126.607144916365627, 36.859503457251364 ], [ 126.607130616113352, 36.859420446722439 ], [ 126.607116103386275, 36.859332930036544 ], [ 126.607111390683315, 36.859300529309479 ], [ 126.607111584174177, 36.859205428813624 ], [ 126.607063283512488, 36.859168712473704 ], [ 126.607025065313834, 36.859147122599872 ], [ 126.606991491631973, 36.859125133512819 ], [ 126.606949364347642, 36.85907849843089 ], [ 126.606859313450855, 36.858943290369844 ], [ 126.606845555496321, 36.858921087203768 ], [ 126.606838296021706, 36.858897752056606 ], [ 126.60681688182639, 36.858828892197934 ], [ 126.606795512568667, 36.858771007770713 ], [ 126.606774978313837, 36.858716505182642 ], [ 126.60676438066389, 36.858677119607655 ], [ 126.606746473563547, 36.858641773857002 ], [ 126.606700034776438, 36.858594097227645 ] ], [ [ 126.60763634440174, 36.860531993672367 ], [ 126.607597193691916, 36.860514987469962 ], [ 126.607560756997955, 36.860500134778754 ], [ 126.607502339833601, 36.860481136829769 ], [ 126.607423637689763, 36.86049277226099 ], [ 126.607342317462397, 36.860492234298036 ], [ 126.607311027049718, 36.860484165660402 ], [ 126.607286770509035, 36.860473353821327 ], [ 126.60725622884992, 36.860463593583567 ], [ 126.607228285038246, 36.8604457771293 ], [ 126.607141774488042, 36.860387750374322 ], [ 126.607098323984388, 36.860367341746581 ], [ 126.607058995619198, 36.860354425733782 ], [ 126.606945787848119, 36.860335427244685 ], [ 126.606863991623342, 36.860322722661834 ], [ 126.606843022683179, 36.860311552119249 ], [ 126.606815098405178, 36.860285544717435 ], [ 126.606795914535425, 36.860249807305657 ], [ 126.606790477529131, 36.860207735480095 ], [ 126.606786735196252, 36.86015880292841 ], [ 126.606769350985104, 36.860091253929056 ], [ 126.606775854744825, 36.860051762537239 ], [ 126.606788545932886, 36.860021563763475 ], [ 126.606813945161747, 36.85999081215342 ], [ 126.606928838435181, 36.85986619146108 ], [ 126.607004834208198, 36.859806843692049 ], [ 126.60704589551699, 36.859776756367076 ], [ 126.607069382374249, 36.859742754474468 ], [ 126.60710311225283, 36.859701199127663 ], [ 126.607146466365194, 36.859676670037928 ], [ 126.607202858984436, 36.859624150927736 ], [ 126.607207904988826, 36.859621986902361 ], [ 126.607305386322381, 36.859580136775492 ], [ 126.607326919954275, 36.859577297133555 ], [ 126.607391209654679, 36.859473621964959 ], [ 126.607433274205817, 36.859490854087021 ], [ 126.607421054368245, 36.859543050112293 ], [ 126.607418170840475, 36.85958076929743 ], [ 126.607413069406107, 36.859615813954541 ], [ 126.607417734519672, 36.859639978541345 ], [ 126.607398674564308, 36.859784522874179 ], [ 126.607395197093439, 36.859817761681128 ], [ 126.607398290864936, 36.85984880543041 ], [ 126.607403048015996, 36.859879115759107 ], [ 126.607419651836423, 36.859899661205155 ], [ 126.607467073737538, 36.85997911324251 ], [ 126.607501081883768, 36.860034777385707 ], [ 126.607595750728194, 36.860100435924117 ], [ 126.607654736355329, 36.860120057449954 ], [ 126.607700055292526, 36.860205161326078 ], [ 126.60774809119188, 36.860283047369649 ], [ 126.607788812030591, 36.860335237267968 ], [ 126.607806046760459, 36.860375068075264 ], [ 126.607804999818001, 36.860424318253308 ], [ 126.6077926921825, 36.860462943593781 ], [ 126.607765541959807, 36.860509476763539 ], [ 126.607714604753241, 36.860519032044287 ], [ 126.607711652984506, 36.860519526948629 ], [ 126.60763634440174, 36.860531993672367 ] ] ] } },
{ "type": "Feature", "properties": { "PNU": "4427034036104960002", "JIBUN": "496-2 도", "BCHK": "1" }, "geometry": { "type": "Polygon", "coordinates": [ [ [ 126.606293519666991, 36.858725748342259 ], [ 126.606303795309401, 36.858681088142561 ], [ 126.606101044567723, 36.858722283546967 ], [ 126.606137501735887, 36.85876580946848 ], [ 126.606293519666991, 36.858725748342259 ] ] ] } },
{ "type": "Feature", "properties": { "PNU": "4427034036104960003", "JIBUN": "496-3 도", "BCHK": "1" }, "geometry": { "type": "Polygon", "coordinates": [ [ [ 126.606700034776438, 36.858594097227645 ], [ 126.606653071824027, 36.858545869186152 ], [ 126.606563637617512, 36.858588736527352 ], [ 126.60645709829015, 36.858634638116548 ], [ 126.606368250738342, 36.858667991724289 ], [ 126.606303795309401, 36.858681088142561 ], [ 126.606293519666991, 36.858725748342259 ], [ 126.606352109157953, 36.858710704239137 ], [ 126.606412488030642, 36.858696594134365 ], [ 126.606443461005995, 36.858670060068697 ], [ 126.606543096223817, 36.858638859548151 ], [ 126.606658971958737, 36.85862238225355 ], [ 126.606700034776438, 36.858594097227645 ] ] ] } },
{ "type": "Feature", "properties": { "PNU": "4427034036105000000", "JIBUN": "500도", "BCHK": "1" }, "geometry": { "type": "Polygon", "coordinates": [ [ [ 126.598758011092769, 36.871275852782773 ], [ 126.598785068639671, 36.871276871924429 ], [ 126.598780376671129, 36.871251796861493 ], [ 126.598752220094724, 36.871248611408404 ], [ 126.598758011092769, 36.871275852782773 ] ] ] } },
{ "type": "Feature", "properties": { "PNU": "4427034036105050000", "JIBUN": "505도", "BCHK": "1" }, "geometry": { "type": "Polygon", "coordinates": [ [ [ 126.598047883233647, 36.871335970276199 ], [ 126.597984999920087, 36.871241135007367 ], [ 126.597967601801869, 36.871200896815395 ], [ 126.597885995204408, 36.871027558599287 ], [ 126.597877933304503, 36.870977791316221 ], [ 126.597878541058506, 36.870923701002788 ], [ 126.597894939556269, 36.870863266194576 ], [ 126.597911411920606, 36.870816600270103 ], [ 126.597946557410509, 36.870817268410505 ], [ 126.597971533633313, 36.870737876562167 ], [ 126.597974610144163, 36.870664177862366 ], [ 126.597956908521368, 36.870596176093741 ], [ 126.597909778051928, 36.870581834078955 ], [ 126.597900793313642, 36.87057563133061 ], [ 126.597875660539259, 36.870558299757768 ], [ 126.597865907345891, 36.870546768980596 ], [ 126.597863529614528, 36.870521016854291 ], [ 126.597908235042595, 36.870426309944136 ], [ 126.597923143870631, 36.870404130340091 ], [ 126.597926817392761, 36.870398664103078 ], [ 126.597937724957916, 36.870382427206408 ], [ 126.597981520637589, 36.870354523932505 ], [ 126.598045736201456, 36.870310037336004 ], [ 126.598118367194985, 36.870221804158639 ], [ 126.598019303679251, 36.870273147782804 ], [ 126.598008248928835, 36.87029395271216 ], [ 126.597984126701931, 36.87032151681813 ], [ 126.597927669312966, 36.870360091358336 ], [ 126.59791967788145, 36.870365561061234 ], [ 126.597892145292164, 36.870404025838106 ], [ 126.597878057026747, 36.870423703177536 ], [ 126.597819856092798, 36.870527654797655 ], [ 126.597809550967384, 36.87054019924998 ], [ 126.597776870617295, 36.870537836324587 ], [ 126.597755821462542, 36.870520275203482 ], [ 126.59772045041538, 36.870494114441499 ], [ 126.597674368898296, 36.870444318023132 ], [ 126.597610452390271, 36.870478731252206 ], [ 126.597436605464466, 36.870394730820564 ], [ 126.597281921964097, 36.870341494939346 ], [ 126.597183790762216, 36.8703088234831 ], [ 126.597154572396519, 36.870260002923807 ], [ 126.59713868958832, 36.870217507990375 ], [ 126.597130902875804, 36.870185988631562 ], [ 126.597135790055972, 36.870154349885027 ], [ 126.59711382468312, 36.870149040364495 ], [ 126.597116888428474, 36.870193672636887 ], [ 126.597137322699709, 36.870255826685067 ], [ 126.597162815559955, 36.87030717573667 ], [ 126.597167988035878, 36.870362484021328 ], [ 126.59715797286664, 36.870392474477555 ], [ 126.597154684223071, 36.870401537335269 ], [ 126.597124596931181, 36.87048448006248 ], [ 126.597115738590773, 36.870542011697843 ], [ 126.597087974507147, 36.870590333416203 ], [ 126.597081266612975, 36.870633409836167 ], [ 126.597075530751709, 36.870664333850563 ], [ 126.597043508495148, 36.870705513559628 ], [ 126.596984360893586, 36.870780086068066 ], [ 126.596935944771943, 36.870831383644337 ], [ 126.596878731257817, 36.870868540415906 ], [ 126.596824333517517, 36.870903408901334 ], [ 126.596743867516295, 36.87093897317493 ], [ 126.59667449181606, 36.870979134406184 ], [ 126.596605148272602, 36.871019566031862 ], [ 126.596505805007837, 36.871076818578317 ], [ 126.596463178456133, 36.871026988330101 ], [ 126.596453311045153, 36.870988063953064 ], [ 126.596435536897971, 36.870959817756855 ], [ 126.596380635374885, 36.870936699270324 ], [ 126.596342493845825, 36.870889254019033 ], [ 126.596288206031645, 36.870856054383154 ], [ 126.596278939764986, 36.870841533510252 ], [ 126.596285387181496, 36.870814000038507 ], [ 126.596306416161042, 36.870775468572198 ], [ 126.596322494752272, 36.870744192133934 ], [ 126.596325407196474, 36.870717061196075 ], [ 126.5962759389664, 36.870620297038307 ], [ 126.596268468821634, 36.870571243508792 ], [ 126.596304454495979, 36.870456566595159 ], [ 126.596353044729184, 36.870455523588426 ], [ 126.596432396933636, 36.870448376149739 ], [ 126.596444421653132, 36.870437315421185 ], [ 126.596433951619829, 36.870391414572083 ], [ 126.596392055135269, 36.870371412805682 ], [ 126.596364212233766, 36.870366236442578 ], [ 126.596275418844542, 36.870345192851602 ], [ 126.596171020516579, 36.870295072287618 ], [ 126.59606035255716, 36.870215104356539 ], [ 126.596017623133775, 36.870185025463378 ], [ 126.595988014199094, 36.870165903185395 ], [ 126.595968748922459, 36.870154727499973 ], [ 126.595961335893364, 36.870129030365632 ], [ 126.595960441778018, 36.870096380886018 ], [ 126.595935692684293, 36.87003169798092 ], [ 126.595882997442061, 36.869985825231502 ], [ 126.595789154188665, 36.869894965819647 ], [ 126.595756579564139, 36.869855441790328 ], [ 126.595718450018765, 36.869797345502 ], [ 126.595718509885742, 36.869745361883886 ], [ 126.59573579478382, 36.869702213256105 ], [ 126.595768049878529, 36.869648779872442 ], [ 126.595795434471356, 36.86958097562642 ], [ 126.59581521927808, 36.869512379693916 ], [ 126.595831385336709, 36.869458017711707 ], [ 126.595827986885922, 36.869423881955342 ], [ 126.595861676497265, 36.869366335427564 ], [ 126.595912745232752, 36.869301062361011 ], [ 126.595994300054315, 36.86921162621163 ], [ 126.596031515490154, 36.86920452552949 ], [ 126.596068076825546, 36.869191700705045 ], [ 126.596119710549033, 36.869140531503895 ], [ 126.596171030164541, 36.869072258545835 ], [ 126.596205784371094, 36.869004100691164 ], [ 126.596234278037329, 36.868947104147828 ], [ 126.596301444479352, 36.869000730040689 ], [ 126.596391806283222, 36.869062454080968 ], [ 126.59651438546075, 36.869142029487321 ], [ 126.596628099343675, 36.869216249349293 ], [ 126.596728299204443, 36.869277618935662 ], [ 126.596810903811956, 36.869310923112558 ], [ 126.596834939604307, 36.869321303807951 ], [ 126.596888832878719, 36.869346157782452 ], [ 126.596959139495212, 36.869376383621834 ], [ 126.597004527395967, 36.869387070715746 ], [ 126.597037926882408, 36.869410503743914 ], [ 126.597120773804221, 36.869485429826504 ], [ 126.597134210597659, 36.869528105734041 ], [ 126.597161773309466, 36.869625372267947 ], [ 126.597175843359423, 36.869694929793582 ], [ 126.597200438631575, 36.8697913392704 ], [ 126.597205571817867, 36.869839150365245 ], [ 126.597217547652633, 36.869882416046046 ], [ 126.597214634332587, 36.869909781290687 ], [ 126.597199388830987, 36.869966282148958 ], [ 126.59721018050503, 36.870008660763389 ], [ 126.597197298972645, 36.870033469294455 ], [ 126.597124842062883, 36.870092552270378 ], [ 126.597162944841415, 36.870108837491031 ], [ 126.59721414473546, 36.870039815784786 ], [ 126.597230770954525, 36.87001952534203 ], [ 126.597218474785834, 36.869986035396906 ], [ 126.597223624282606, 36.869959984282929 ], [ 126.597227883811883, 36.869915394763275 ], [ 126.597233449045049, 36.86989777023431 ], [ 126.597234397090233, 36.869868758370792 ], [ 126.597220809347647, 36.869824901540426 ], [ 126.597208424598193, 36.869754754994098 ], [ 126.597187962437999, 36.869678652001163 ], [ 126.597177830131415, 36.869602430706188 ], [ 126.597147411454671, 36.869521563360607 ], [ 126.59713601225701, 36.869475280969773 ], [ 126.597105983361502, 36.869427106439041 ], [ 126.597071313286477, 36.869408580072971 ], [ 126.597024548415789, 36.869365268929009 ], [ 126.597010546275371, 36.869317058411241 ], [ 126.597006379323005, 36.869238946943739 ], [ 126.596984728033391, 36.869197252483971 ], [ 126.59695569954448, 36.86912083215126 ], [ 126.596916143808102, 36.869067272908175 ], [ 126.596867459055204, 36.869020134594749 ], [ 126.596802626456622, 36.868972644316131 ], [ 126.596764946790842, 36.868939933554714 ], [ 126.596742579166445, 36.868912996467117 ], [ 126.59679113418467, 36.868869232524631 ], [ 126.596865201430077, 36.868836566102473 ], [ 126.596921836750809, 36.868817447170997 ], [ 126.597001780457617, 36.868812662197982 ], [ 126.597077338166784, 36.868829479483004 ], [ 126.59714228187886, 36.868860029512845 ], [ 126.597185309642569, 36.86888018802393 ], [ 126.597212476439111, 36.868883739951073 ], [ 126.597267621943388, 36.868840682896462 ], [ 126.597329243930773, 36.868803018171803 ], [ 126.597357029878424, 36.868791109466521 ], [ 126.597440201497847, 36.868795282910263 ], [ 126.597551674645345, 36.86878760335005 ], [ 126.597585472742892, 36.868769082860645 ], [ 126.597613785848921, 36.868748570472214 ], [ 126.597685044076201, 36.868729698746669 ], [ 126.59778763250408, 36.86871815936729 ], [ 126.597855140899796, 36.868693598032692 ], [ 126.597947050845534, 36.868667343768998 ], [ 126.597993687411545, 36.868782506973204 ], [ 126.598027714852662, 36.868866116576037 ], [ 126.598027992010429, 36.868886067623883 ], [ 126.597996126052081, 36.868906144624319 ], [ 126.597979770994868, 36.868932581521022 ], [ 126.597961073476327, 36.868988800526409 ], [ 126.597950675973365, 36.869047002869436 ], [ 126.597915782244741, 36.869069151157433 ], [ 126.597831793510395, 36.869111849946265 ], [ 126.59784589794333, 36.869121241796527 ], [ 126.597960295323134, 36.869060506576091 ], [ 126.597969566893923, 36.869024629425851 ], [ 126.597992703352944, 36.868940915129308 ], [ 126.598010018466638, 36.868915328490296 ], [ 126.598052789496791, 36.868890188071241 ], [ 126.598048791994501, 36.868858906806402 ], [ 126.598036637056794, 36.868819812640275 ], [ 126.598005092188103, 36.868722541883692 ], [ 126.598009420011593, 36.868664769620786 ], [ 126.598035487261413, 36.868659811372183 ], [ 126.59809478558897, 36.868639646580171 ], [ 126.598139429326011, 36.868642446203374 ], [ 126.598180428684159, 36.868642998831383 ], [ 126.59824709636203, 36.86864411548315 ], [ 126.598304328290141, 36.868652427055615 ], [ 126.598337030152734, 36.868659115135188 ], [ 126.598307186677303, 36.868773092523703 ], [ 126.59824881343043, 36.868884630978137 ], [ 126.598222572936024, 36.86894212218705 ], [ 126.59819225353813, 36.869013999053173 ], [ 126.598185213112387, 36.869030681528088 ], [ 126.598158618916386, 36.869132288852903 ], [ 126.598153604404743, 36.869250738143535 ], [ 126.598154169038565, 36.869342398828074 ], [ 126.598148847179658, 36.869380055432657 ], [ 126.598153660003888, 36.869420593623232 ], [ 126.598164206581075, 36.86952506537753 ], [ 126.598184315919283, 36.869574395662653 ], [ 126.598188056787734, 36.869644125524246 ], [ 126.598183730424438, 36.869695184675976 ], [ 126.598174985813344, 36.869825650928391 ], [ 126.598165987059275, 36.869948934641734 ], [ 126.598129905121297, 36.870058998237006 ], [ 126.598068080870931, 36.870182554485147 ], [ 126.598124242141054, 36.87016844344403 ], [ 126.598161567738856, 36.870067223725449 ], [ 126.598193616567059, 36.869945567540526 ], [ 126.598194197068992, 36.869915995755292 ], [ 126.598197869224762, 36.869807625140254 ], [ 126.598206797760255, 36.869618264325673 ], [ 126.598210798757407, 36.869590866674791 ], [ 126.598203525343848, 36.86955547442809 ], [ 126.598200711082654, 36.869529540615652 ], [ 126.598186146695625, 36.869466424328486 ], [ 126.598187612026678, 36.869387647047404 ], [ 126.598185334074302, 36.869314822364629 ], [ 126.598190028389737, 36.869255573549168 ], [ 126.598184430486043, 36.86922578270714 ], [ 126.598187504131985, 36.869152579571654 ], [ 126.598198817403556, 36.869097236745972 ], [ 126.598230115713548, 36.86900755765533 ], [ 126.598270946159261, 36.868911548970857 ], [ 126.598319169997225, 36.868812861901759 ], [ 126.598352361189143, 36.868719305454142 ], [ 126.598365396373637, 36.868671375359554 ], [ 126.598379109279094, 36.86858811583749 ], [ 126.598391484945438, 36.868552663603765 ], [ 126.598390719234004, 36.868536053951402 ], [ 126.598380752363099, 36.868544022064157 ], [ 126.598364576838122, 36.868512429475281 ], [ 126.598315464575393, 36.868398798935551 ], [ 126.598259471436947, 36.868267015282399 ], [ 126.598240984200658, 36.868270106825491 ], [ 126.598332211711494, 36.868479899298471 ], [ 126.598358004108931, 36.868538367723154 ], [ 126.598364204842795, 36.868570845836267 ], [ 126.598356340136533, 36.868614414048984 ], [ 126.598340210550319, 36.868640662527589 ], [ 126.598299657435646, 36.868640562002156 ], [ 126.598224003973996, 36.868631332341884 ], [ 126.598200942890543, 36.868631894432539 ], [ 126.598157198554546, 36.868632972546074 ], [ 126.598082661001314, 36.868629117046972 ], [ 126.597999238924203, 36.868651462263664 ], [ 126.597934785498623, 36.868653704988674 ], [ 126.597876348485727, 36.868665699725668 ], [ 126.597766901094971, 36.868706420351572 ], [ 126.597708560238075, 36.868708584447283 ], [ 126.597558575446442, 36.868728992762819 ], [ 126.597501240094942, 36.868734034623706 ], [ 126.597447830924409, 36.868734611294748 ], [ 126.59743787471686, 36.868701904199369 ], [ 126.597425072104585, 36.868578682099702 ], [ 126.597418639980404, 36.868547635889513 ], [ 126.597422666794813, 36.868528212987229 ], [ 126.597431488613637, 36.86851189700451 ], [ 126.597478678226537, 36.868473904149759 ], [ 126.597540594303652, 36.868429247852404 ], [ 126.597560109536232, 36.868420455992364 ], [ 126.597583607574762, 36.868424256771839 ], [ 126.597633612257653, 36.868409827824209 ], [ 126.597589391326508, 36.868399117874517 ], [ 126.597563242478429, 36.868404679480101 ], [ 126.597537690142758, 36.868414126787179 ], [ 126.597495632524925, 36.868435827269884 ], [ 126.597476241782488, 36.868448692462586 ], [ 126.597456933023352, 36.868460891122751 ], [ 126.597431732526843, 36.868484549770862 ], [ 126.597408468977918, 36.868508827691954 ], [ 126.597402418281305, 36.868554979078496 ], [ 126.597404792506907, 36.868583506564818 ], [ 126.597421317054526, 36.868704857952579 ], [ 126.597423003761051, 36.86874905305767 ], [ 126.597315920664357, 36.868768659717226 ], [ 126.597286672094256, 36.868815769027293 ], [ 126.597218368389477, 36.868863674571344 ], [ 126.597185365837632, 36.868867302639231 ], [ 126.597140214147132, 36.868841532180042 ], [ 126.597043119195746, 36.868806241935339 ], [ 126.59695532340082, 36.868798466253352 ], [ 126.59687629944996, 36.868813941220779 ], [ 126.596858470046243, 36.86882201779423 ], [ 126.596792526227915, 36.868851837199685 ], [ 126.596739176721584, 36.868894539669633 ], [ 126.596581591841769, 36.868759996803334 ], [ 126.59649487662702, 36.868685147361738 ], [ 126.596417612153942, 36.868638822273397 ], [ 126.596360226096422, 36.868610748386637 ], [ 126.596328454810532, 36.868595592675156 ], [ 126.596234220044948, 36.868541118251287 ], [ 126.596192027581822, 36.868526431835008 ], [ 126.596131558415692, 36.868513161305245 ], [ 126.59598261191735, 36.868461790387194 ], [ 126.595881924324289, 36.868427424157595 ], [ 126.595734076285112, 36.868350600881335 ], [ 126.595720570598004, 36.868325504825734 ], [ 126.595719844724243, 36.868290738345429 ], [ 126.5957337642471, 36.868260508929048 ], [ 126.595721960504576, 36.86825943266826 ], [ 126.595705918582837, 36.868283779787753 ], [ 126.595700864416457, 36.868308686782157 ], [ 126.595711513555486, 36.868356651811283 ], [ 126.595822459369941, 36.868413021500814 ], [ 126.595916537362726, 36.868460953812814 ], [ 126.595952482095797, 36.86846725705508 ], [ 126.596052238257414, 36.868497475060323 ], [ 126.596119272550794, 36.868522743335944 ], [ 126.596228301274081, 36.868555560695654 ], [ 126.596308511786049, 36.868596101875163 ], [ 126.596396179710055, 36.868643192120743 ], [ 126.596456574549393, 36.86867495261351 ], [ 126.596485953797881, 36.868697155726132 ], [ 126.596569149010193, 36.868771713930506 ], [ 126.596654310548459, 36.868843458316704 ], [ 126.596702161735536, 36.868882682337301 ], [ 126.596721986399871, 36.86891335035434 ], [ 126.596757454698604, 36.868955001467995 ], [ 126.596836805036176, 36.869018589241016 ], [ 126.596861429746212, 36.86903856852075 ], [ 126.596888148519511, 36.869063438775569 ], [ 126.596918731233458, 36.869095747056477 ], [ 126.596956046173517, 36.869185306245846 ], [ 126.596969475178213, 36.869220872554749 ], [ 126.596990419725813, 36.869264745264651 ], [ 126.596994786755729, 36.869360338535841 ], [ 126.596958816492275, 36.869354531121083 ], [ 126.596914476538515, 36.869338621234824 ], [ 126.59689096123202, 36.869320934482417 ], [ 126.596814213882013, 36.869289200033961 ], [ 126.596776613126252, 36.869275655708449 ], [ 126.596753799060949, 36.869267558887024 ], [ 126.59666996559217, 36.869218364314882 ], [ 126.596532278840286, 36.869132466385679 ], [ 126.596486967705275, 36.86910289254444 ], [ 126.596399734496103, 36.869045504390805 ], [ 126.596309646889452, 36.868984961711149 ], [ 126.596247368369205, 36.868927414609743 ], [ 126.59619118200672, 36.868865157383276 ], [ 126.596146913102459, 36.868857168024213 ], [ 126.596060419175615, 36.868823570875946 ], [ 126.595920146606005, 36.868769066433529 ], [ 126.595796542249616, 36.868703417775926 ], [ 126.595648230173211, 36.86862944927519 ], [ 126.595518034678534, 36.868544044130864 ], [ 126.595450452819705, 36.868507762350404 ], [ 126.595422960241336, 36.868508624252506 ], [ 126.595489017295534, 36.868544819779217 ], [ 126.595600668842636, 36.8686163123431 ], [ 126.595699507448387, 36.868680318374359 ], [ 126.59579364300194, 36.868732287856432 ], [ 126.595846821554701, 36.868756419010467 ], [ 126.596005799223462, 36.868828323851673 ], [ 126.59607605292247, 36.868851377365438 ], [ 126.596149381192276, 36.868880541621181 ], [ 126.596181501113648, 36.868908358862058 ], [ 126.596185102039342, 36.868948820942492 ], [ 126.596166212353538, 36.869017906563144 ], [ 126.596143257172912, 36.869075228212949 ], [ 126.596116030299001, 36.869108782685402 ], [ 126.59607195314176, 36.869160419010136 ], [ 126.596035173239002, 36.869180704112857 ], [ 126.595999539603355, 36.869189855626239 ], [ 126.595936883149221, 36.869257765710636 ], [ 126.595875585324791, 36.869318940218484 ], [ 126.595814472967845, 36.869413131223332 ], [ 126.595813770041985, 36.869423121918295 ], [ 126.595811374034469, 36.869456535189549 ], [ 126.595798966459284, 36.869517037311276 ], [ 126.595774846154384, 36.869608217858953 ], [ 126.595708771310555, 36.869724720969593 ], [ 126.595700203880583, 36.869788606167305 ], [ 126.595663632213288, 36.869781976331197 ], [ 126.59577168864368, 36.869899889649489 ], [ 126.595829622676561, 36.869956178767275 ], [ 126.595870969160472, 36.869995426127957 ], [ 126.595919219440802, 36.870037733533316 ], [ 126.595936964095458, 36.870082208321278 ], [ 126.595938444126119, 36.870127159649456 ], [ 126.595964990284557, 36.87017211479403 ], [ 126.596023813779993, 36.870208573862257 ], [ 126.596076217998473, 36.8702458311529 ], [ 126.596162778435186, 36.870305542066731 ], [ 126.596270841070634, 36.870354116157728 ], [ 126.59633419210239, 36.8703677568055 ], [ 126.596384638135433, 36.870378533341551 ], [ 126.596413544687849, 36.870399031809789 ], [ 126.59642237198932, 36.870405288202988 ], [ 126.596423335955933, 36.870437487369877 ], [ 126.59636509585944, 36.870443706042664 ], [ 126.596314383577948, 36.870440921255366 ], [ 126.59627709596316, 36.870453121941672 ], [ 126.596254990071742, 36.870528071770792 ], [ 126.596251385589866, 36.870593064118019 ], [ 126.59626194689605, 36.870630098576328 ], [ 126.596299094875775, 36.870700157821545 ], [ 126.596309933840161, 36.870735580265816 ], [ 126.596272737796511, 36.870796593240364 ], [ 126.596259585118105, 36.870817417935037 ], [ 126.596247204465655, 36.870823620570434 ], [ 126.596267452861227, 36.870852677139567 ], [ 126.596294153473693, 36.870889649082457 ], [ 126.596332204070308, 36.870937319313626 ], [ 126.596352043810597, 36.870960904875986 ], [ 126.596389322810893, 36.870988901709168 ], [ 126.596408923154485, 36.871004674012141 ], [ 126.596428009497117, 36.871039340404195 ], [ 126.596441392449677, 36.871062309385067 ], [ 126.596486267762444, 36.871115337102999 ], [ 126.596510565940903, 36.87114209153269 ], [ 126.596525199303187, 36.871159739299387 ], [ 126.596535490161131, 36.871182076057977 ], [ 126.596543654171867, 36.871214335619158 ], [ 126.596564496436415, 36.871247818490978 ], [ 126.596579848415729, 36.8712738758394 ], [ 126.596599847264073, 36.871316357728446 ], [ 126.596628226129255, 36.871345603929186 ], [ 126.596639271418084, 36.871354535029411 ], [ 126.596661274036094, 36.871350653658297 ], [ 126.596631449272081, 36.871327656131299 ], [ 126.596611701801706, 36.871294987954158 ], [ 126.596579078021804, 36.871226124541096 ], [ 126.596577303574719, 36.871183776378835 ], [ 126.596553843188531, 36.871140534872524 ], [ 126.596508556673626, 36.871108176765333 ], [ 126.596568991574216, 36.871066318376457 ], [ 126.596635685477608, 36.871020011723573 ], [ 126.596699331816566, 36.870975253611398 ], [ 126.596828037114321, 36.870917919939437 ], [ 126.596901217285421, 36.870866552920027 ], [ 126.59695594295404, 36.870837587638917 ], [ 126.597044768062531, 36.870732712676173 ], [ 126.597078729459483, 36.870693891359664 ], [ 126.597110041830874, 36.870582613540904 ], [ 126.59713145012627, 36.870548660738578 ], [ 126.59714727134633, 36.870493621603572 ], [ 126.597164351497696, 36.870425178515191 ], [ 126.597197167281678, 36.870324466507448 ], [ 126.59730957014925, 36.870371044885047 ], [ 126.597455121893162, 36.870426917134075 ], [ 126.597487070155154, 36.870438441751311 ], [ 126.597579138707104, 36.870489555813691 ], [ 126.59766071272152, 36.870533677998012 ], [ 126.597673129493174, 36.870537702695344 ], [ 126.597741909242728, 36.870559912238782 ], [ 126.597787888720703, 36.870577737652681 ], [ 126.597826851023626, 36.870594872582217 ], [ 126.597857326081268, 36.870613627876189 ], [ 126.597895428077479, 36.870647321896179 ], [ 126.59790289199907, 36.870734275102365 ], [ 126.597887572186721, 36.870790036898562 ], [ 126.597863550737145, 36.870845508038563 ], [ 126.597852067535868, 36.870950464192873 ], [ 126.597862266892207, 36.871020450106741 ], [ 126.597901524114306, 36.871114304706936 ], [ 126.597941608266495, 36.871198015820632 ], [ 126.597984961888841, 36.871269897633262 ], [ 126.597985469226884, 36.871271539324873 ], [ 126.598026812823747, 36.871339611751985 ], [ 126.598047883233647, 36.871335970276199 ] ] ] } },
{ "type": "Feature", "properties": { "PNU": "4427034036105050003", "JIBUN": "505-3도", "BCHK": "1" }, "geometry": { "type": "Polygon", "coordinates": [ [ [ 126.597996320198789, 36.865131112203144 ], [ 126.598012918035522, 36.865186909550758 ], [ 126.598045268537021, 36.865232694808803 ], [ 126.598065724681234, 36.865254029458214 ], [ 126.598091932739337, 36.865318563703298 ], [ 126.59812675980335, 36.865405555103436 ], [ 126.598146656988547, 36.865439458056258 ], [ 126.598152910292413, 36.865448904521514 ], [ 126.598180683206934, 36.86549081765564 ], [ 126.598218911165219, 36.865523556863913 ], [ 126.598238263858221, 36.865541463625341 ], [ 126.598248951390445, 36.865554358172503 ], [ 126.598265334783662, 36.865580373746198 ], [ 126.598274650709129, 36.86559177687348 ], [ 126.59828794118873, 36.865613051306482 ], [ 126.598302360994779, 36.865634969314854 ], [ 126.598314947227081, 36.865662260651881 ], [ 126.598338077663627, 36.865699832883777 ], [ 126.598363824786759, 36.865732403863532 ], [ 126.598398960799045, 36.865760248696056 ], [ 126.598455184607985, 36.86579157964016 ], [ 126.598483896547364, 36.865804012210255 ], [ 126.598518464228931, 36.865822573871043 ], [ 126.598525231856158, 36.865828030220413 ], [ 126.598529550989596, 36.865832045595774 ], [ 126.598548536277036, 36.865860223491268 ], [ 126.598552439514478, 36.865868724892337 ], [ 126.598563506365636, 36.865907833384483 ], [ 126.598565500341422, 36.865923320814836 ], [ 126.598570312184094, 36.866017834276256 ], [ 126.598554912242747, 36.866145178493831 ], [ 126.598519990662211, 36.866314925351261 ], [ 126.598492208911438, 36.866444534666563 ], [ 126.598479637588454, 36.866571356743293 ], [ 126.598473187276895, 36.86664913509798 ], [ 126.598450946386578, 36.866729094995414 ], [ 126.598410959986097, 36.866887173665198 ], [ 126.598382581536086, 36.866918237789918 ], [ 126.598335087059255, 36.866989146788214 ], [ 126.598297503290254, 36.867062801423273 ], [ 126.59826011461027, 36.867154938046433 ], [ 126.598212588586421, 36.867279128302407 ], [ 126.598182947577115, 36.867367272136619 ], [ 126.598158307970678, 36.867425399502892 ], [ 126.598126822386675, 36.867516690919039 ], [ 126.598087560669057, 36.867638854476766 ], [ 126.598079898173964, 36.867796221930071 ], [ 126.598073128594564, 36.86788135205849 ], [ 126.598072587679454, 36.867967791731949 ], [ 126.598088331360813, 36.86801546735142 ], [ 126.598115037669331, 36.868074966153777 ], [ 126.598178895706369, 36.868150187968361 ], [ 126.598208180069548, 36.86819278198837 ], [ 126.598214494081745, 36.868220728013554 ], [ 126.598184613256947, 36.868234405010028 ], [ 126.598110224477381, 36.868273027377299 ], [ 126.598080095544887, 36.868289109419564 ], [ 126.598029040848814, 36.868304913683673 ], [ 126.597867196517498, 36.868332941682468 ], [ 126.597811836114815, 36.868342126352353 ], [ 126.597750407637804, 36.868342865348133 ], [ 126.597696770445566, 36.868354939261273 ], [ 126.597648818203652, 36.868377944517668 ], [ 126.597618401103958, 36.868374030300579 ], [ 126.597633996617162, 36.868383490283179 ], [ 126.597644729113853, 36.868385689102027 ], [ 126.597667480263851, 36.868386477707453 ], [ 126.5976817654483, 36.868376271497233 ], [ 126.597683960576958, 36.8683747019953 ], [ 126.597738735448914, 36.868357387585625 ], [ 126.597776250289201, 36.868350828017903 ], [ 126.597855947608252, 36.868356611414256 ], [ 126.5979084398151, 36.868342587216638 ], [ 126.597941801419466, 36.868334580863603 ], [ 126.597993979212831, 36.868327070443378 ], [ 126.598040973778041, 36.868319920990388 ], [ 126.598057851557627, 36.868315778791334 ], [ 126.598091627382402, 36.868303610759739 ], [ 126.598122223483728, 36.868288269181804 ], [ 126.598180944138051, 36.868260542259563 ], [ 126.598199074755271, 36.868248420610193 ], [ 126.598249082228321, 36.868218366524275 ], [ 126.598171351214432, 36.868110893081735 ], [ 126.598128917881098, 36.868056378394172 ], [ 126.598113204736279, 36.868030779570631 ], [ 126.59811666628508, 36.86800788554428 ], [ 126.598104232973256, 36.867974872794484 ], [ 126.598096704689993, 36.86788736066832 ], [ 126.598118131385604, 36.867834611008647 ], [ 126.598137018725296, 36.867782771900202 ], [ 126.598107558046593, 36.867782591540561 ], [ 126.598111866882036, 36.867659670441668 ], [ 126.598179047632541, 36.867454844886062 ], [ 126.59823839393583, 36.867274835930793 ], [ 126.598290191208505, 36.867133746600885 ], [ 126.598359213694707, 36.866988462105546 ], [ 126.598454724352806, 36.866839049641506 ], [ 126.598498494960978, 36.866639155118769 ], [ 126.598511112199773, 36.866542240357248 ], [ 126.598524173637657, 36.866435406092037 ], [ 126.59856661633394, 36.866227703624283 ], [ 126.59856705192675, 36.866225893900229 ], [ 126.598581308776971, 36.866143573282528 ], [ 126.598601502626082, 36.866030275159048 ], [ 126.598597287302411, 36.865920282986792 ], [ 126.598605768466584, 36.865896063205895 ], [ 126.598626150853889, 36.86587782165298 ], [ 126.598635364422364, 36.865872301944059 ], [ 126.598647536689398, 36.865865008032451 ], [ 126.598768356016663, 36.865842734078591 ], [ 126.598914300049273, 36.865817543859144 ], [ 126.598914981656208, 36.865805102103117 ], [ 126.598764768786282, 36.86583169267471 ], [ 126.598691689321257, 36.865836925451141 ], [ 126.598650694650317, 36.865835760278046 ], [ 126.598634148202791, 36.865830234987698 ], [ 126.598580769731882, 36.86581240301566 ], [ 126.598549376735377, 36.865797961026509 ], [ 126.598538965521229, 36.865787977956202 ], [ 126.598535695943582, 36.865784849181544 ], [ 126.598513404674932, 36.865801399256505 ], [ 126.598480073227464, 36.865788788947206 ], [ 126.598386697842898, 36.865735472496823 ], [ 126.598352152964026, 36.865697501403517 ], [ 126.598327130385044, 36.865648578083864 ], [ 126.59830362790477, 36.865592036659372 ], [ 126.598266437358106, 36.865540999841471 ], [ 126.598257382453241, 36.865531156477736 ], [ 126.598234912547525, 36.865506715330639 ], [ 126.598176245021563, 36.865455894490651 ], [ 126.598140285293908, 36.86539252586109 ], [ 126.59813437874945, 36.865378953572595 ], [ 126.598125823523134, 36.865359326048143 ], [ 126.598091579038197, 36.865274598345231 ], [ 126.59805441248848, 36.865238357432858 ], [ 126.598033813405436, 36.865188547864967 ], [ 126.598004414939695, 36.865153008931671 ], [ 126.598055334846535, 36.865078831617623 ], [ 126.598084851346528, 36.865035886021012 ], [ 126.59810029100106, 36.865014924631417 ], [ 126.59821266575868, 36.864902153371588 ], [ 126.598261485393564, 36.864854307744459 ], [ 126.598316567292144, 36.864794823083706 ], [ 126.598362073419565, 36.864735053848605 ], [ 126.598377535847717, 36.864694646980453 ], [ 126.598373655304741, 36.864686109604982 ], [ 126.598358775277305, 36.864696557198087 ], [ 126.59832850776229, 36.864743789524319 ], [ 126.59828223534538, 36.864806412620283 ], [ 126.598279102165165, 36.864809393686237 ], [ 126.59821833205649, 36.864867192153383 ], [ 126.598104462116609, 36.864978525648937 ], [ 126.598043993006556, 36.865049507981567 ], [ 126.598015982532118, 36.865096117067608 ], [ 126.597996320198789, 36.865131112203144 ] ] ] } },
{ "type": "Feature", "properties": { "PNU": "4427034036105070002", "JIBUN": "507-2구", "BCHK": "1" }, "geometry": { "type": "Polygon", "coordinates": [ [ [ 126.60382456750412, 36.858496005329478 ], [ 126.603793188949965, 36.858442078956919 ], [ 126.603778551981236, 36.85843617325181 ], [ 126.603728732173181, 36.858383456148118 ], [ 126.603673671715043, 36.858314078463017 ], [ 126.603627014479116, 36.858267859677582 ], [ 126.603541312396899, 36.858188837561727 ], [ 126.603504170529021, 36.858141424866545 ], [ 126.603461679042042, 36.858159521711464 ], [ 126.603592539190828, 36.858288416149122 ], [ 126.6036991677434, 36.858391062264552 ], [ 126.603742157257543, 36.858463634758145 ], [ 126.603737344576061, 36.858494553222691 ], [ 126.603826817423851, 36.858542572168552 ], [ 126.603832297486662, 36.858534507582227 ], [ 126.603832966176071, 36.858517866653891 ], [ 126.60382456750412, 36.858496005329478 ] ] ] } },
{ "type": "Feature", "properties": { "PNU": "4427034036105080003", "JIBUN": "508-3 도", "BCHK": "1" }, "geometry": { "type": "Polygon", "coordinates": [ [ [ 126.597920686654206, 36.86397390302028 ], [ 126.597951718410542, 36.86398648771484 ], [ 126.597954950478254, 36.864011819234683 ], [ 126.597950238872912, 36.86402285972671 ], [ 126.597938206715725, 36.864039876801883 ], [ 126.597937649899833, 36.864043425219151 ], [ 126.597937638168148, 36.864043524299497 ], [ 126.597937649476421, 36.864043506315817 ], [ 126.597980371492241, 36.864003605877386 ], [ 126.597985585076685, 36.863990927092345 ], [ 126.597958103905924, 36.86398777076343 ], [ 126.597968040760179, 36.863908111865065 ], [ 126.597967215587559, 36.863909361598814 ], [ 126.597920686654206, 36.86397390302028 ] ] ] } },
{ "type": "Feature", "properties": { "PNU": "4427034036105080004", "JIBUN": "508-4 도", "BCHK": "1" }, "geometry": { "type": "Polygon", "coordinates": [ [ [ 126.597968040760179, 36.863908111865065 ], [ 126.597958103905924, 36.86398777076343 ], [ 126.597985585076685, 36.863990927092345 ], [ 126.598025907501196, 36.86389295231627 ], [ 126.598032676724884, 36.863801379338298 ], [ 126.598014981333833, 36.863728169224871 ], [ 126.598038371071851, 36.863724517534941 ], [ 126.598039566115034, 36.863708265899632 ], [ 126.598026053039206, 36.863703931173767 ], [ 126.597966915659114, 36.863713328476202 ], [ 126.597990322232121, 36.863732231133476 ], [ 126.597997430406195, 36.863754043444153 ], [ 126.598010004400749, 36.863796491112289 ], [ 126.598005850676202, 36.863851047119162 ], [ 126.597968040760179, 36.863908111865065 ] ] ] } },
{ "type": "Feature", "properties": { "PNU": "4427034036105100001", "JIBUN": "510-1도", "BCHK": "1" }, "geometry": { "type": "Polygon", "coordinates": [ [ [ 126.603461679042042, 36.858159521711464 ], [ 126.60343791839091, 36.858137582261207 ], [ 126.603372506342467, 36.858096896803012 ], [ 126.603309352441627, 36.858077178193511 ], [ 126.603233324422561, 36.858125151739245 ], [ 126.603275143308579, 36.858157099330349 ], [ 126.603327228036122, 36.858118309359966 ], [ 126.603345938377018, 36.858114929406185 ], [ 126.603355281337059, 36.858116699576833 ], [ 126.603372022067134, 36.858127793601689 ], [ 126.603398271273065, 36.85815642743335 ], [ 126.603441810546272, 36.858191831863756 ], [ 126.603522667506596, 36.858275361424724 ], [ 126.603563782724009, 36.858313343884568 ], [ 126.603598555369899, 36.858343961363474 ], [ 126.603692947592691, 36.8584383578848 ], [ 126.603710849017702, 36.858474524066743 ], [ 126.603737344576061, 36.858494553222691 ], [ 126.603742157257543, 36.858463634758145 ], [ 126.6036991677434, 36.858391062264552 ], [ 126.603592539190828, 36.858288416149122 ], [ 126.603461679042042, 36.858159521711464 ] ] ] } },
{ "type": "Feature", "properties": { "PNU": "4427034036105120001", "JIBUN": "512-1구", "BCHK": "1" }, "geometry": { "type": "Polygon", "coordinates": [ [ [ 126.597535163910663, 36.87366688930269 ], [ 126.597544814513569, 36.873741018366808 ], [ 126.597582625977765, 36.873849871274963 ], [ 126.597600759372483, 36.87388469644597 ], [ 126.597661791387836, 36.873973542408464 ], [ 126.597615018634428, 36.873888231766287 ], [ 126.597584008656128, 36.873812796153217 ], [ 126.597562326009566, 36.873712431855338 ], [ 126.597577386729057, 36.87363988197945 ], [ 126.597560855447995, 36.873650459043745 ], [ 126.597535163910663, 36.87366688930269 ] ] ] } },
{ "type": "Feature", "properties": { "PNU": "4427034036105130000", "JIBUN": "513도", "BCHK": "1" }, "geometry": { "type": "Polygon", "coordinates": [ [ [ 126.59764231595976, 36.874452990861869 ], [ 126.597643539708585, 36.87444202874574 ], [ 126.597627027143943, 36.874431826784509 ], [ 126.597608776426441, 36.874419420301294 ], [ 126.597617012847152, 36.874369311536469 ], [ 126.597628385929625, 36.874304904070328 ], [ 126.597654809820156, 36.874227787965715 ], [ 126.597662338989252, 36.874124143152024 ], [ 126.59765057053913, 36.87406248703099 ], [ 126.5976668267718, 36.874061631770637 ], [ 126.597661791387836, 36.873973542408464 ], [ 126.597600759372483, 36.87388469644597 ], [ 126.597582625977765, 36.873849871274963 ], [ 126.597544814513569, 36.873741018366808 ], [ 126.597535163910663, 36.87366688930269 ], [ 126.597483313288365, 36.873591815856308 ], [ 126.597384547097491, 36.873503896698217 ], [ 126.597351740071204, 36.873465471667259 ], [ 126.597321187411652, 36.873418475876406 ], [ 126.5973002594571, 36.873343308506314 ], [ 126.597289113495989, 36.873282798826558 ], [ 126.597269569697147, 36.873170313038663 ], [ 126.597263807123795, 36.87308625806871 ], [ 126.597266066599303, 36.872945921164892 ], [ 126.597269286418424, 36.872825681774579 ], [ 126.597289288132004, 36.872736974069198 ], [ 126.597414818031552, 36.872485210194633 ], [ 126.597469875037717, 36.872405929018804 ], [ 126.597522838610018, 36.872351627938947 ], [ 126.597549603964936, 36.872348537412577 ], [ 126.597715574075906, 36.872215132478452 ], [ 126.597731203268822, 36.87218395346045 ], [ 126.597798274798336, 36.872116940421151 ], [ 126.597888573017599, 36.872007095809423 ], [ 126.597919918310694, 36.871966706557856 ], [ 126.597994653431215, 36.87186031463056 ], [ 126.598065686396538, 36.871754081384786 ], [ 126.598122775759975, 36.871661227335203 ], [ 126.598141536153975, 36.871612406481553 ], [ 126.598148083417883, 36.871550586820412 ], [ 126.598141250385083, 36.87150814955087 ], [ 126.598110131654067, 36.871438588778268 ], [ 126.59808730578429, 36.871396079593936 ], [ 126.598079330512633, 36.87138124783084 ], [ 126.598129800894242, 36.871355304341293 ], [ 126.598120708780385, 36.871333124944265 ], [ 126.598060973010334, 36.87135934357692 ], [ 126.597996611255311, 36.871382257613661 ], [ 126.597925720454384, 36.871407627599766 ], [ 126.59787491643435, 36.87142656841764 ], [ 126.597821058306437, 36.87144617473195 ], [ 126.597788110133976, 36.871458507663434 ], [ 126.597747376126193, 36.871475572076264 ], [ 126.597698376603162, 36.871496870745617 ], [ 126.597662587700199, 36.871516249585113 ], [ 126.597641043816822, 36.87154394846425 ], [ 126.597600401012599, 36.871577881514909 ], [ 126.597554413638775, 36.871602226955623 ], [ 126.597511339621306, 36.871627077808533 ], [ 126.597456517132059, 36.871655186979488 ], [ 126.597396229214652, 36.871677519719526 ], [ 126.597284961973003, 36.871728650311091 ], [ 126.59712241275939, 36.871789213191747 ], [ 126.597085768390272, 36.871794126492958 ], [ 126.596969383352643, 36.871751589352549 ], [ 126.596868592366519, 36.871718926673353 ], [ 126.596713718592056, 36.871675889739237 ], [ 126.596595570033799, 36.871642501331046 ], [ 126.596593683690656, 36.871615083833078 ], [ 126.596625610855114, 36.871540797932823 ], [ 126.5966489264529, 36.871483261172315 ], [ 126.596655631604875, 36.871430065548196 ], [ 126.596641740445847, 36.871412023829158 ], [ 126.596627782801633, 36.871477314568139 ], [ 126.596608908445077, 36.871539146516888 ], [ 126.596571212656784, 36.871603464881446 ], [ 126.596544783278674, 36.871619532002057 ], [ 126.596374542291088, 36.871596203517569 ], [ 126.596265867270986, 36.871580652353579 ], [ 126.596192497491771, 36.871580286829747 ], [ 126.59611391014991, 36.871588923490073 ], [ 126.596040996330913, 36.871582882558073 ], [ 126.595767432143973, 36.87160777189014 ], [ 126.595648068811357, 36.87164988965354 ], [ 126.59561004043023, 36.871668467322479 ], [ 126.595550374288749, 36.871700433870437 ], [ 126.595499615178028, 36.871712813896956 ], [ 126.595459141971631, 36.871718542712543 ], [ 126.595402205078457, 36.871722007998372 ], [ 126.595399226866718, 36.871723169310528 ], [ 126.595324054000884, 36.871752154601104 ], [ 126.595222057243291, 36.8717932405402 ], [ 126.595153953305072, 36.871821600929223 ], [ 126.595083395376392, 36.871838869557834 ], [ 126.595035316503512, 36.871847005346474 ], [ 126.594964423235396, 36.871855523195329 ], [ 126.594921411506689, 36.871861955066507 ], [ 126.594903625028394, 36.871868094145405 ], [ 126.594891555139341, 36.871874865379063 ], [ 126.594954713124153, 36.871876359431354 ], [ 126.595021844225229, 36.871866657398762 ], [ 126.595140995482481, 36.871843669658915 ], [ 126.595170883694195, 36.871837490523482 ], [ 126.595257554708823, 36.871793171778648 ], [ 126.595356850585731, 36.871753824757754 ], [ 126.595419714005615, 36.871738791597856 ], [ 126.595502747234079, 36.87173146804318 ], [ 126.595498524949676, 36.871764487632667 ], [ 126.595491346415784, 36.871794487559569 ], [ 126.595474734423874, 36.871858868065061 ], [ 126.595447229133796, 36.871957966605962 ], [ 126.595446075301126, 36.871966243696455 ], [ 126.595441249568708, 36.872000973303983 ], [ 126.595452940081401, 36.872047184736942 ], [ 126.595456568815649, 36.872071634567611 ], [ 126.595443294973308, 36.872123969822837 ], [ 126.595437381879464, 36.8721820699784 ], [ 126.595418401328757, 36.87221694079782 ], [ 126.595393468029499, 36.872242753501808 ], [ 126.595407198000103, 36.872248756273947 ], [ 126.595427677276547, 36.872223216806987 ], [ 126.595444725026766, 36.872193322449881 ], [ 126.59545767342702, 36.872147428874563 ], [ 126.595461374227455, 36.872126148704091 ], [ 126.595467821575795, 36.872098705392368 ], [ 126.595470309532544, 36.872084125206811 ], [ 126.59547403859932, 36.872072405681457 ], [ 126.595479851069456, 36.872061197831826 ], [ 126.595473664423452, 36.872036892511176 ], [ 126.595462165287103, 36.872018291083791 ], [ 126.595462066813738, 36.87196659529706 ], [ 126.59548418029226, 36.871892564772914 ], [ 126.595497922684245, 36.871844961815214 ], [ 126.595502169605027, 36.871822196698268 ], [ 126.595515273497966, 36.871755227177765 ], [ 126.595530119603055, 36.871721684941015 ], [ 126.595577375143861, 36.871705859873778 ], [ 126.595635922589381, 36.871671213286227 ], [ 126.595723040679829, 36.871637780866202 ], [ 126.595772414542182, 36.871622206195141 ], [ 126.595824380599282, 36.871614903270896 ], [ 126.595919418272544, 36.871606809124224 ], [ 126.596048432894065, 36.87159771263191 ], [ 126.596115635710817, 36.871599922615218 ], [ 126.596192904509437, 36.871594633539551 ], [ 126.596253866493015, 36.871593524330677 ], [ 126.596317470233842, 36.871599803948151 ], [ 126.596366135164658, 36.871610322158816 ], [ 126.596376911402587, 36.871636346024779 ], [ 126.596369188415807, 36.871656882732729 ], [ 126.596387163497184, 36.871666080601315 ], [ 126.59639372883565, 36.871639592789535 ], [ 126.596424400848349, 36.871637903412179 ], [ 126.596481424829676, 36.871641340270251 ], [ 126.596545424045615, 36.871647071439746 ], [ 126.596615425872741, 36.871660923663647 ], [ 126.596792049493217, 36.87171408139443 ], [ 126.596910639454393, 36.871748885808429 ], [ 126.596974925656298, 36.871768377340885 ], [ 126.59708644453103, 36.871814943925465 ], [ 126.597025514983812, 36.871859107687087 ], [ 126.59701498352139, 36.871886978820292 ], [ 126.596994899798446, 36.87192277428931 ], [ 126.596970906675551, 36.871946932500826 ], [ 126.596926504828659, 36.871985403112689 ], [ 126.5968441973083, 36.872038307177569 ], [ 126.596814901393003, 36.872057752760576 ], [ 126.596783898524649, 36.87208189624819 ], [ 126.59675278062447, 36.872121574106437 ], [ 126.596662563009644, 36.872192148679787 ], [ 126.596683812585468, 36.872195040945414 ], [ 126.596696920602724, 36.872187047559684 ], [ 126.596711403094602, 36.872175733803083 ], [ 126.596749882981243, 36.872148038293069 ], [ 126.596765154875598, 36.872135898197222 ], [ 126.596772964691084, 36.87212875193547 ], [ 126.59679543269003, 36.872111004360114 ], [ 126.596815111419758, 36.872090462987686 ], [ 126.596843432693902, 36.872064382097989 ], [ 126.596893493837896, 36.872028940281233 ], [ 126.596910298899118, 36.872015291519197 ], [ 126.596975907119116, 36.871964394474062 ], [ 126.597011567661198, 36.871935328707103 ], [ 126.59700686947231, 36.871935114593384 ], [ 126.597052074489852, 36.871856746458441 ], [ 126.597085936799289, 36.8718348112155 ], [ 126.597112443846044, 36.871846759084193 ], [ 126.597281032830139, 36.87198451018412 ], [ 126.597345427834824, 36.872047587541552 ], [ 126.597390054449917, 36.87209907321148 ], [ 126.597423370846215, 36.872147222704868 ], [ 126.597431626410966, 36.872168498239709 ], [ 126.597439524644869, 36.872191619799551 ], [ 126.597443706016918, 36.872209169097061 ], [ 126.59744737601865, 36.872238719168877 ], [ 126.597447443753452, 36.872257939617732 ], [ 126.597443599312001, 36.872293925132368 ], [ 126.597440395991057, 36.872340284340417 ], [ 126.597418846764171, 36.872390393230006 ], [ 126.59740383217374, 36.872415536986416 ], [ 126.597349664218939, 36.872500660186702 ], [ 126.597320154292547, 36.872546002455678 ], [ 126.597308452955289, 36.872565958104332 ], [ 126.597284444149736, 36.872612391232494 ], [ 126.59726376498827, 36.872654798721868 ], [ 126.597235890667548, 36.872799095023517 ], [ 126.597225765104241, 36.87285870387926 ], [ 126.597220956386266, 36.872933198649271 ], [ 126.597219847882371, 36.873027169425534 ], [ 126.59721886032878, 36.873149470830469 ], [ 126.597228659624363, 36.873220834086311 ], [ 126.597236513359846, 36.873273907685757 ], [ 126.597242030050381, 36.873317061419385 ], [ 126.597255868907254, 36.873366631971862 ], [ 126.597257902779646, 36.873370189128231 ], [ 126.597272228673319, 36.873395269739312 ], [ 126.597304704944847, 36.873447597470275 ], [ 126.597322705287297, 36.873469221290783 ], [ 126.597368836816742, 36.873520477756394 ], [ 126.59742034218101, 36.87358004235621 ], [ 126.597441119113014, 36.873615489215872 ], [ 126.597492664335533, 36.873718936923339 ], [ 126.597533559478862, 36.873821465602688 ], [ 126.597576721485893, 36.8739323550043 ], [ 126.59758548612372, 36.873950694692262 ], [ 126.597610463376128, 36.874012999114676 ], [ 126.59761182157591, 36.87410291429245 ], [ 126.597612344549475, 36.874195980460122 ], [ 126.597591757932094, 36.874278567834878 ], [ 126.597580254421771, 36.874320717976488 ], [ 126.597564734974426, 36.874384444641777 ], [ 126.597557424142465, 36.874411966242484 ], [ 126.59755787787617, 36.874419572958693 ], [ 126.597604497350389, 36.874452719098457 ], [ 126.59764231595976, 36.874452990861869 ] ], [ [ 126.597365636679854, 36.8720350225015 ], [ 126.597251413402503, 36.871943617886579 ], [ 126.597138609111539, 36.871844720896391 ], [ 126.597111022477549, 36.871816180344268 ], [ 126.59728017974922, 36.871750936109052 ], [ 126.597421685452986, 36.871682372404408 ], [ 126.597472181089586, 36.871658114317704 ], [ 126.597584961674372, 36.871598500399799 ], [ 126.597624791811697, 36.871578432368501 ], [ 126.597700464442283, 36.871509411932216 ], [ 126.597750597363742, 36.871485846340882 ], [ 126.597885576999715, 36.87143832752394 ], [ 126.59802120309692, 36.871391549624427 ], [ 126.598046988972811, 36.871382661682716 ], [ 126.59811131810531, 36.871544326530575 ], [ 126.598106278982286, 36.871600834847897 ], [ 126.598098282149962, 36.871650286684243 ], [ 126.598073569264869, 36.87168349863699 ], [ 126.598038120674133, 36.871727919991258 ], [ 126.598006852286616, 36.871794423085994 ], [ 126.597931715550757, 36.871904715382527 ], [ 126.597908121377401, 36.871940589281849 ], [ 126.597859316191204, 36.87200193305096 ], [ 126.597819006337744, 36.872049392636782 ], [ 126.597738999717208, 36.872138564888004 ], [ 126.597701234808113, 36.872175454235013 ], [ 126.597656244199683, 36.872215031471747 ], [ 126.597613705105758, 36.872242623472246 ], [ 126.597485026652606, 36.872356717639839 ], [ 126.597482378092977, 36.872269086844945 ], [ 126.597478746348415, 36.872210765143684 ], [ 126.597458409558996, 36.872159848076848 ], [ 126.597452431279493, 36.872144905872062 ], [ 126.597424929230812, 36.872098001492652 ], [ 126.597365636679854, 36.8720350225015 ] ] ] } },
{ "type": "Feature", "properties": { "PNU": "4427034036105130002", "JIBUN": "513-2구", "BCHK": "1" }, "geometry": { "type": "Polygon", "coordinates": [ [ [ 126.598508174123936, 36.871222433521467 ], [ 126.598528282766821, 36.871235458865783 ], [ 126.59857426898823, 36.871252103571365 ], [ 126.598622251731143, 36.871260113536223 ], [ 126.59867225236674, 36.87126184067165 ], [ 126.59873538704305, 36.871274181744731 ], [ 126.598708146625825, 36.871241542770171 ], [ 126.598697334789108, 36.871235117673812 ], [ 126.598625425456405, 36.871234344065606 ], [ 126.598582219958317, 36.871232892084876 ], [ 126.598559552910316, 36.871228715841795 ], [ 126.598533996164264, 36.871213040985545 ], [ 126.598508174123936, 36.871222433521467 ] ] ] } },
{ "type": "Feature", "properties": { "PNU": "4427034036105140000", "JIBUN": "514구", "BCHK": "1" }, "geometry": { "type": "Polygon", "coordinates": [ [ [ 126.594399941283029, 36.872343905173906 ], [ 126.594480676556671, 36.872434432732838 ], [ 126.594487960245559, 36.872369651212708 ], [ 126.594535898836256, 36.872290266101409 ], [ 126.594562289104573, 36.872245544683018 ], [ 126.594581184325264, 36.872169448910874 ], [ 126.59462868601274, 36.872096315828294 ], [ 126.594703505424221, 36.872006758606389 ], [ 126.594717201457513, 36.871982971354733 ], [ 126.594718568137722, 36.871951320757162 ], [ 126.594731092854914, 36.871926331075592 ], [ 126.594769266905985, 36.871899319995364 ], [ 126.594798358069298, 36.871906077877867 ], [ 126.59484566281381, 36.871898002631816 ], [ 126.594891555139341, 36.871874865379063 ], [ 126.594903625028394, 36.871868094145405 ], [ 126.594921411506689, 36.871861955066507 ], [ 126.594964423235396, 36.871855523195329 ], [ 126.595035316503512, 36.871847005346474 ], [ 126.595083395376392, 36.871838869557834 ], [ 126.595153953305072, 36.871821600929223 ], [ 126.595222057243291, 36.8717932405402 ], [ 126.595324054000884, 36.871752154601104 ], [ 126.595399226866718, 36.871723169310528 ], [ 126.595407537260328, 36.87169761559548 ], [ 126.595458517999703, 36.871696418870052 ], [ 126.595503891816691, 36.871686525623616 ], [ 126.595533710816525, 36.871672155266019 ], [ 126.595571250806643, 36.871654747380738 ], [ 126.595597817863023, 36.871644538020355 ], [ 126.595663018851397, 36.871615762044101 ], [ 126.595702984694526, 36.871599849137063 ], [ 126.595735058472073, 36.871596056141762 ], [ 126.595761195341169, 36.871595144521557 ], [ 126.595767432143973, 36.87160777189014 ], [ 126.596040996330913, 36.871582882558073 ], [ 126.596064725961909, 36.871551262626618 ], [ 126.59611447431972, 36.871481380465902 ], [ 126.596140556455865, 36.871443857343017 ], [ 126.596169179266809, 36.871420156506332 ], [ 126.596222897117599, 36.871376049864587 ], [ 126.596257645311539, 36.871354144887647 ], [ 126.596339877530653, 36.87130056515057 ], [ 126.596396836254755, 36.871260776601375 ], [ 126.596449794996218, 36.871252323367997 ], [ 126.596489953761122, 36.871255171514761 ], [ 126.596522197451947, 36.87127456389446 ], [ 126.596538791625747, 36.871313979585246 ], [ 126.596574625195714, 36.871358884905213 ], [ 126.596641740445847, 36.871412023829158 ], [ 126.596655631604875, 36.871430065548196 ], [ 126.596710591989506, 36.871448453390215 ], [ 126.596766373859822, 36.871483451049158 ], [ 126.59681316842503, 36.871493467154757 ], [ 126.596900125254919, 36.871522830196575 ], [ 126.59700671044466, 36.871543392783899 ], [ 126.597170735899795, 36.871582153042368 ], [ 126.597224975326938, 36.871586183868523 ], [ 126.59730184674865, 36.871579658238161 ], [ 126.597380635360025, 36.871579689944845 ], [ 126.597456144575631, 36.871571997211838 ], [ 126.59749432007024, 36.871561655397997 ], [ 126.597586278254454, 36.87153543764186 ], [ 126.597662587700199, 36.871516249585113 ], [ 126.597698376603162, 36.871496870745617 ], [ 126.597747376126193, 36.871475572076264 ], [ 126.597788110133976, 36.871458507663434 ], [ 126.597821058306437, 36.87144617473195 ], [ 126.59787491643435, 36.87142656841764 ], [ 126.597925720454384, 36.871407627599766 ], [ 126.597996611255311, 36.871382257613661 ], [ 126.598060973010334, 36.87135934357692 ], [ 126.598120708780385, 36.871333124944265 ], [ 126.598111428364305, 36.871310494367599 ], [ 126.598195647686609, 36.871282069426265 ], [ 126.598333024509088, 36.871228538900247 ], [ 126.598479041911034, 36.871171919535144 ], [ 126.598534953208571, 36.871149949968036 ], [ 126.598483721528083, 36.871132674848731 ], [ 126.59831324648809, 36.871220939191033 ], [ 126.598159423374966, 36.871266727998865 ], [ 126.598121743008548, 36.871287542347488 ], [ 126.598103939156474, 36.87129923255533 ], [ 126.598047883233647, 36.871335970276199 ], [ 126.598026812823747, 36.871339611751985 ], [ 126.598008574666508, 36.871346407569646 ], [ 126.597881160174168, 36.871390690091999 ], [ 126.597820603621585, 36.871415130691176 ], [ 126.597751265216118, 36.87144388489024 ], [ 126.59768078054995, 36.871475212295948 ], [ 126.597630594279494, 36.871487523079502 ], [ 126.597555028265674, 36.871506100883991 ], [ 126.597523484332967, 36.871515834333515 ], [ 126.597464896545176, 36.871530495570276 ], [ 126.597376420010079, 36.871540766704186 ], [ 126.597274282641337, 36.871538241240984 ], [ 126.59716788396203, 36.871529177415418 ], [ 126.596985247824932, 36.871489101755898 ], [ 126.596882996339687, 36.871467688751494 ], [ 126.596838646408386, 36.871453454830672 ], [ 126.596793613228783, 36.871430487033827 ], [ 126.596726113138175, 36.871395125374875 ], [ 126.596661274036094, 36.871350653658297 ], [ 126.596639271418084, 36.871354535029411 ], [ 126.596628226129255, 36.871345603929186 ], [ 126.596599847264073, 36.871316357728446 ], [ 126.596579848415729, 36.8712738758394 ], [ 126.596564496436415, 36.871247818490978 ], [ 126.596543654171867, 36.871214335619158 ], [ 126.596525902254044, 36.871209652983318 ], [ 126.596498885565282, 36.871209408402038 ], [ 126.596455231210697, 36.871210152786283 ], [ 126.596423393331833, 36.871218190902887 ], [ 126.596365923310969, 36.871233576251875 ], [ 126.596325493180132, 36.871248262331626 ], [ 126.596300351843411, 36.871260396000665 ], [ 126.596249681637786, 36.871285842437011 ], [ 126.596172721776668, 36.871347757011904 ], [ 126.596116722281394, 36.871397073208477 ], [ 126.596081581051607, 36.871442576325933 ], [ 126.59602892403656, 36.871508916354003 ], [ 126.595993436823122, 36.871530566455014 ], [ 126.595936871861696, 36.871550811528564 ], [ 126.595816448866827, 36.871555539703095 ], [ 126.595795149143214, 36.871547285635103 ], [ 126.595591237512153, 36.871603372000408 ], [ 126.595571321877259, 36.87158997736919 ], [ 126.595504917531727, 36.871638591186255 ], [ 126.595466367021842, 36.871656211884456 ], [ 126.595419726289805, 36.871659621991718 ], [ 126.595342515545738, 36.871651709812689 ], [ 126.595261880755928, 36.871650832477322 ], [ 126.595187904069149, 36.871657096286 ], [ 126.595144796039762, 36.871675467336139 ], [ 126.595134552671865, 36.871691084474364 ], [ 126.595114516587429, 36.871700604041955 ], [ 126.595085497976228, 36.871699253014832 ], [ 126.595045401308766, 36.871690962028779 ], [ 126.595009229534426, 36.87170409422248 ], [ 126.594980345022861, 36.871709231463129 ], [ 126.594946304021519, 36.871709602447616 ], [ 126.594890445369444, 36.871682929735677 ], [ 126.594864905460085, 36.871644988250452 ], [ 126.594846293974001, 36.871628885651326 ], [ 126.59481617869389, 36.871603633962614 ], [ 126.594786421893787, 36.871582726731354 ], [ 126.594763714680013, 36.871567024704731 ], [ 126.594735691997954, 36.871555458631008 ], [ 126.594712073032525, 36.871548908557031 ], [ 126.594656443990758, 36.87154043850569 ], [ 126.594620649382009, 36.87153945180436 ], [ 126.594584396957927, 36.871540211648032 ], [ 126.594529308293929, 36.871542006773616 ], [ 126.594472634010401, 36.871553122749724 ], [ 126.59442343106825, 36.871561759079199 ], [ 126.594394275922141, 36.871573563313106 ], [ 126.594345967479612, 36.871593358129537 ], [ 126.594325150025028, 36.871606416184697 ], [ 126.594294444267916, 36.871625144491176 ], [ 126.594246945246383, 36.871653078850521 ], [ 126.594215304165189, 36.871672641966704 ], [ 126.594178090602952, 36.871681255908754 ], [ 126.59416043013124, 36.871684764126627 ], [ 126.594039141390851, 36.87167707956349 ], [ 126.593997233060549, 36.871674197600086 ], [ 126.59397427207162, 36.871672614617687 ], [ 126.593933218867264, 36.871664959773284 ], [ 126.593876850727511, 36.871645646745016 ], [ 126.593843085251834, 36.871638440196698 ], [ 126.593825719803419, 36.87163704744755 ], [ 126.593774566285603, 36.871641234498298 ], [ 126.59374597001171, 36.871638496906272 ], [ 126.593719006851913, 36.871634458292064 ], [ 126.593665568941717, 36.871623093735934 ], [ 126.593522098661509, 36.871597933051959 ], [ 126.593458151849646, 36.87158657764094 ], [ 126.593412177853537, 36.87157841024456 ], [ 126.593376389656711, 36.871571962593492 ], [ 126.593344388963317, 36.871564023027723 ], [ 126.593296229251806, 36.871555613851008 ], [ 126.593272412335125, 36.871554712641732 ], [ 126.593186870539668, 36.871557088116369 ], [ 126.593138727356475, 36.871560411105705 ], [ 126.593055713536074, 36.871564056633716 ], [ 126.592999678359959, 36.871566676822113 ], [ 126.592969750157692, 36.871569800584865 ], [ 126.593035552196767, 36.871597228998283 ], [ 126.593165162594218, 36.871585812861014 ], [ 126.593273269244918, 36.871577206735211 ], [ 126.593328095402811, 36.871597514999984 ], [ 126.593435341407087, 36.871611712344418 ], [ 126.593527316451897, 36.871627182148657 ], [ 126.593568189329844, 36.871637116272773 ], [ 126.593690278388635, 36.871667394333713 ], [ 126.59380508297528, 36.871673245981476 ], [ 126.593947067077266, 36.871725055464893 ], [ 126.593989646542255, 36.871715522729914 ], [ 126.59408929081539, 36.871701669751452 ], [ 126.594155393384881, 36.871710482078079 ], [ 126.594265351263346, 36.871680480495264 ], [ 126.594315047333296, 36.871637874868405 ], [ 126.594351519046739, 36.871631691299427 ], [ 126.594369314514452, 36.871611071839347 ], [ 126.594417725478777, 36.871593106572021 ], [ 126.594472365187528, 36.871576478052972 ], [ 126.59452100670255, 36.871580743383753 ], [ 126.594590864157013, 36.871566554430096 ], [ 126.594626835813656, 36.871563739148115 ], [ 126.594663858630838, 36.871567901853716 ], [ 126.594749449731736, 36.871579591477094 ], [ 126.59477589694275, 36.871602821292598 ], [ 126.594834727244077, 36.8716572666941 ], [ 126.594850282391704, 36.871682982539276 ], [ 126.594852622081802, 36.871705121223627 ], [ 126.594924920741164, 36.871734291740196 ], [ 126.594978994269354, 36.871740008063448 ], [ 126.595044465791815, 36.871732354863845 ], [ 126.595109001107986, 36.871740638707671 ], [ 126.595144441598748, 36.871730072103944 ], [ 126.595194577517475, 36.871699713396019 ], [ 126.595240562857796, 36.871690840555907 ], [ 126.595292932144872, 36.871683656374344 ], [ 126.59533467718208, 36.871685609205663 ], [ 126.595356314575142, 36.871695765798606 ], [ 126.595355577810238, 36.871720714443299 ], [ 126.595280170899599, 36.871745148414512 ], [ 126.595231636739214, 36.871767366753147 ], [ 126.595165136466136, 36.871782964165504 ], [ 126.595122805393203, 36.871807131844072 ], [ 126.595061068898161, 36.871808327951527 ], [ 126.595037000011047, 36.871821194874087 ], [ 126.595000414202858, 36.871844796308423 ], [ 126.594942429715928, 36.871849104839569 ], [ 126.59488236286478, 36.871844179122022 ], [ 126.594868244748696, 36.871854412587226 ], [ 126.594839913230516, 36.871854622717201 ], [ 126.594805604514193, 36.871854704403439 ], [ 126.594768432994186, 36.871859588166075 ], [ 126.59469635296476, 36.871914570961103 ], [ 126.594661860093325, 36.871964536243638 ], [ 126.594625246256541, 36.872027506025638 ], [ 126.594574310530177, 36.872071224915061 ], [ 126.594544061818752, 36.872135180472092 ], [ 126.594540133133165, 36.872182645471497 ], [ 126.594510913214464, 36.872225870469123 ], [ 126.594442868118705, 36.872306809162048 ], [ 126.594399941283029, 36.872343905173906 ] ] ] } },
{ "type": "Feature", "properties": { "PNU": "4427034036105140002", "JIBUN": "514-2구", "BCHK": "1" }, "geometry": { "type": "Polygon", "coordinates": [ [ [ 126.598758011092769, 36.871275852782773 ], [ 126.598752220094724, 36.871248611408404 ], [ 126.598704162325106, 36.871205503834211 ], [ 126.59862493542667, 36.871179898630409 ], [ 126.598533996164264, 36.871213040985545 ], [ 126.598559552910316, 36.871228715841795 ], [ 126.598582219958317, 36.871232892084876 ], [ 126.598625425456405, 36.871234344065606 ], [ 126.598697334789108, 36.871235117673812 ], [ 126.598708146625825, 36.871241542770171 ], [ 126.59873538704305, 36.871274181744731 ], [ 126.59874057448809, 36.871275199405055 ], [ 126.598758011092769, 36.871275852782773 ] ] ] } },
{ "type": "Feature", "properties": { "PNU": "4427034036105150000", "JIBUN": "515도", "BCHK": "1" }, "geometry": { "type": "Polygon", "coordinates": [ [ [ 126.594417039866983, 36.871885047936402 ], [ 126.594424107072683, 36.87190606733283 ], [ 126.594507412457972, 36.871866288189217 ], [ 126.594547809612379, 36.871857991337251 ], [ 126.59463242378034, 36.871855053056265 ], [ 126.594687387219096, 36.871849391787954 ], [ 126.594735416440827, 36.871852825948999 ], [ 126.594768432994186, 36.871859588166075 ], [ 126.594805604514193, 36.871854704403439 ], [ 126.594839913230516, 36.871854622717201 ], [ 126.594868244748696, 36.871854412587226 ], [ 126.59488236286478, 36.871844179122022 ], [ 126.594848753532304, 36.871839235121904 ], [ 126.594790981309615, 36.871828784468967 ], [ 126.594599530842189, 36.871841857449091 ], [ 126.594529915291076, 36.871833492981544 ], [ 126.594498713140908, 36.871848507167421 ], [ 126.594460104918554, 36.871870632784407 ], [ 126.594417039866983, 36.871885047936402 ] ] ] } },
{ "type": "Feature", "properties": { "PNU": "4427034036105160000", "JIBUN": "516구", "BCHK": "1" }, "geometry": { "type": "Polygon", "coordinates": [ [ [ 126.597170737629966, 36.868499302491252 ], [ 126.597189875119895, 36.868506990337622 ], [ 126.597216492405892, 36.868506224190767 ], [ 126.597340598902264, 36.868516771468165 ], [ 126.597384692013463, 36.868506891190954 ], [ 126.597408468977918, 36.868508827691954 ], [ 126.597431732526843, 36.868484549770862 ], [ 126.597456933023352, 36.868460891122751 ], [ 126.597476241782488, 36.868448692462586 ], [ 126.597495632524925, 36.868435827269884 ], [ 126.597537690142758, 36.868414126787179 ], [ 126.597563242478429, 36.868404679480101 ], [ 126.597589391326508, 36.868399117874517 ], [ 126.597633612257653, 36.868409827824209 ], [ 126.597667167122907, 36.868403480204606 ], [ 126.5977122962435, 36.868416382835278 ], [ 126.597742436449522, 36.868441102244404 ], [ 126.597877811370836, 36.868411354210032 ], [ 126.598016240599065, 36.868378705796545 ], [ 126.598056677381194, 36.868364541783791 ], [ 126.598094412765505, 36.868328616360685 ], [ 126.598126441013832, 36.868307476592726 ], [ 126.598147933813038, 36.868293654209815 ], [ 126.598192765154266, 36.868277657723013 ], [ 126.598240984200658, 36.868270106825491 ], [ 126.598259471436947, 36.868267015282399 ], [ 126.598299532084667, 36.868271187085909 ], [ 126.598309646529103, 36.86827577164977 ], [ 126.598309292685073, 36.868274806292632 ], [ 126.598271425847713, 36.868224172708508 ], [ 126.598249082228321, 36.868218366524275 ], [ 126.598199074755271, 36.868248420610193 ], [ 126.598180944138051, 36.868260542259563 ], [ 126.598122223483728, 36.868288269181804 ], [ 126.598091627382402, 36.868303610759739 ], [ 126.598057851557627, 36.868315778791334 ], [ 126.598040973778041, 36.868319920990388 ], [ 126.597993979212831, 36.868327070443378 ], [ 126.597941801419466, 36.868334580863603 ], [ 126.5979084398151, 36.868342587216638 ], [ 126.597855947608252, 36.868356611414256 ], [ 126.597827859734053, 36.868372691262763 ], [ 126.597796936642183, 36.868392645238607 ], [ 126.597768698125591, 36.868413941871523 ], [ 126.597742780126595, 36.868409664400922 ], [ 126.5976817654483, 36.868376271497233 ], [ 126.597667480263851, 36.868386477707453 ], [ 126.597644729113853, 36.868385689102027 ], [ 126.597633996617162, 36.868383490283179 ], [ 126.597618401103958, 36.868374030300579 ], [ 126.597611846046632, 36.868375080482735 ], [ 126.59757898103868, 36.868380331085426 ], [ 126.597528129596242, 36.86839369386766 ], [ 126.597496532894766, 36.86840303967216 ], [ 126.597470761208598, 36.868415829265544 ], [ 126.597454132749888, 36.868425901389386 ], [ 126.597414958257559, 36.868449575948198 ], [ 126.597403295785043, 36.86845793473497 ], [ 126.597363104052192, 36.868468098515947 ], [ 126.59734072160461, 36.868467572412776 ], [ 126.597297117350621, 36.868467614430344 ], [ 126.597252266037742, 36.868465931140712 ], [ 126.597204497892321, 36.868457993435882 ], [ 126.59718069273454, 36.868450731361797 ], [ 126.597163736300416, 36.868446312823046 ], [ 126.597141832107738, 36.868440120446699 ], [ 126.597091363501079, 36.8684253072758 ], [ 126.597043109484972, 36.868405212171723 ], [ 126.596977507183198, 36.868369866066665 ], [ 126.596930275382178, 36.868340898642174 ], [ 126.596877830112078, 36.868309507670453 ], [ 126.596854809717712, 36.868298031086006 ], [ 126.596816577460999, 36.86828309696029 ], [ 126.596809705490458, 36.868280415517681 ], [ 126.596763577449153, 36.868267707407171 ], [ 126.596686474550268, 36.868246253099365 ], [ 126.596666514786065, 36.868237129659498 ], [ 126.596578759687389, 36.868196031559272 ], [ 126.596517006860793, 36.868164518838064 ], [ 126.596482155464486, 36.868137926936257 ], [ 126.596375090680922, 36.868137042045198 ], [ 126.596351709341519, 36.868153795266814 ], [ 126.596314812341546, 36.868166573991658 ], [ 126.596236548959681, 36.868193233627906 ], [ 126.596159554496822, 36.868219573116583 ], [ 126.596125341841415, 36.868225170179251 ], [ 126.59610289073413, 36.868227058529712 ], [ 126.596059431196252, 36.868220919111799 ], [ 126.596024751266782, 36.868210835611137 ], [ 126.595978651361435, 36.868197073017249 ], [ 126.595951768018267, 36.868214363961606 ], [ 126.595859834837668, 36.868217242351925 ], [ 126.595775286752115, 36.86821691078967 ], [ 126.595758936527417, 36.868214539577608 ], [ 126.59571258229407, 36.868219320433958 ], [ 126.595591830192561, 36.868240726442615 ], [ 126.595505466988655, 36.868267817688199 ], [ 126.595471089054996, 36.868260032827756 ], [ 126.595437727241801, 36.868246691683808 ], [ 126.595402336496022, 36.868237434592771 ], [ 126.595361653788984, 36.868230024792773 ], [ 126.59529740964274, 36.868237312897776 ], [ 126.595237577480574, 36.868237344150991 ], [ 126.595191521864578, 36.868221580984553 ], [ 126.595147046254056, 36.868201804305727 ], [ 126.595095406474059, 36.868192275706178 ], [ 126.595008408338998, 36.868175877872297 ], [ 126.594986564991402, 36.868211468810003 ], [ 126.595076124431117, 36.868222793212553 ], [ 126.595144293481098, 36.868236901395505 ], [ 126.595270733247958, 36.868274941971961 ], [ 126.595286818225759, 36.868280835609731 ], [ 126.595308596403981, 36.868285360885075 ], [ 126.595379571065322, 36.868282060399174 ], [ 126.595451216566985, 36.868300496416708 ], [ 126.595497038502259, 36.868303120810154 ], [ 126.59552787609158, 36.868303820107478 ], [ 126.595721960504576, 36.86825943266826 ], [ 126.5957337642471, 36.868260508929048 ], [ 126.595737990286622, 36.868260892699269 ], [ 126.595879559250292, 36.868249820480948 ], [ 126.595904062884372, 36.86826713232611 ], [ 126.595945322709952, 36.868269299556644 ], [ 126.596022551141033, 36.868260379053645 ], [ 126.596063052814273, 36.868280934905655 ], [ 126.596113851744065, 36.868279755298367 ], [ 126.59617745413658, 36.868270797564243 ], [ 126.596406543373746, 36.868180851303649 ], [ 126.596455333063574, 36.868177853562145 ], [ 126.596497888203231, 36.868193928789751 ], [ 126.596590441369386, 36.868252515297286 ], [ 126.596699234025891, 36.868302533220351 ], [ 126.596735575897668, 36.868301529735405 ], [ 126.596819807844966, 36.868338696072534 ], [ 126.596876867135236, 36.868358487624519 ], [ 126.596924201733415, 36.868372100857698 ], [ 126.596933807469583, 36.868388154684666 ], [ 126.596955229165971, 36.868411529239722 ], [ 126.59700235236113, 36.868429115530738 ], [ 126.597054994514892, 36.868455055522794 ], [ 126.597102810431551, 36.868460290181503 ], [ 126.597157562119037, 36.868483885411159 ], [ 126.597170737629966, 36.868499302491252 ] ] ] } },
{ "type": "Feature", "properties": { "PNU": "4427034036105170000", "JIBUN": "517도", "BCHK": "1" }, "geometry": { "type": "Polygon", "coordinates": [ [ [ 126.598343656219114, 36.864679727996275 ], [ 126.598362490349444, 36.864661562368724 ], [ 126.598345271680799, 36.864623712683041 ], [ 126.598316085809728, 36.864586129065636 ], [ 126.59828535515733, 36.864565210399967 ], [ 126.598271282156702, 36.86455424179541 ], [ 126.59824612027333, 36.864538550173769 ], [ 126.598204247951244, 36.86451228654083 ], [ 126.598149532261729, 36.864493017136652 ], [ 126.59807209390425, 36.864441943770494 ], [ 126.597993924095974, 36.864376333309551 ], [ 126.597950775370805, 36.864317490887608 ], [ 126.597939695721024, 36.864261603993292 ], [ 126.597949816041506, 36.864206959973181 ], [ 126.597966493783588, 36.864185110691835 ], [ 126.597965708996796, 36.864176475605852 ], [ 126.597921769812274, 36.864176696948206 ], [ 126.59791378325987, 36.864222166053345 ], [ 126.597917816462882, 36.864274478903816 ], [ 126.597953425442356, 36.86437052895684 ], [ 126.598031038589554, 36.864435353620316 ], [ 126.598045338405598, 36.864445827418301 ], [ 126.598123871300501, 36.864504203317047 ], [ 126.598175284337415, 36.864530994718152 ], [ 126.598263091106119, 36.864578750883865 ], [ 126.598322554652682, 36.864635945072401 ], [ 126.598343656219114, 36.864679727996275 ] ] ] } },
{ "type": "Feature", "properties": { "PNU": "4427034036105180000", "JIBUN": "518구", "BCHK": "1" }, "geometry": { "type": "Polygon", "coordinates": [ [ [ 126.597938099578329, 36.870282768034038 ], [ 126.597952799244169, 36.870279159163552 ], [ 126.598019303679251, 36.870273147782804 ], [ 126.598118367194985, 36.870221804158639 ], [ 126.598156756094895, 36.870215553790523 ], [ 126.598165398691492, 36.870166969158738 ], [ 126.598124242141054, 36.87016844344403 ], [ 126.598068080870931, 36.870182554485147 ], [ 126.598029914815115, 36.870214865068093 ], [ 126.597962595501755, 36.870233038408969 ], [ 126.59794676704044, 36.870231597377661 ], [ 126.597886074379005, 36.870226445797933 ], [ 126.597786320964715, 36.870242365095628 ], [ 126.597712676194988, 36.870236917444636 ], [ 126.597574646860124, 36.870224575464135 ], [ 126.597475519984229, 36.870189287730867 ], [ 126.597387474405778, 36.870158191341012 ], [ 126.597319950917736, 36.870153196632145 ], [ 126.597248918106672, 36.870150145397979 ], [ 126.597162944841415, 36.870108837491031 ], [ 126.597124842062883, 36.870092552270378 ], [ 126.596994315741384, 36.870048138171775 ], [ 126.596861834566823, 36.870004402150158 ], [ 126.596765200960448, 36.869964283404329 ], [ 126.596692118775991, 36.869939283393499 ], [ 126.596616021209513, 36.869914002812983 ], [ 126.596518042834674, 36.869800963199829 ], [ 126.596452720271188, 36.8697676992727 ], [ 126.596395864037376, 36.869751782888962 ], [ 126.59635233136234, 36.869746589473287 ], [ 126.596353957417492, 36.869748757589775 ], [ 126.59635888318644, 36.869765435394562 ], [ 126.596441520985579, 36.869783917025352 ], [ 126.596501391661334, 36.869819568422486 ], [ 126.596559452685241, 36.869885958823296 ], [ 126.596609121103555, 36.86995091511222 ], [ 126.596656004573859, 36.869971609484374 ], [ 126.596738927819615, 36.870023441175398 ], [ 126.596862989452291, 36.870090135654941 ], [ 126.59703506777835, 36.870130374072993 ], [ 126.59711382468312, 36.870149040364495 ], [ 126.597135790055972, 36.870154349885027 ], [ 126.597151411327715, 36.870158944135731 ], [ 126.597197527176405, 36.870176355737897 ], [ 126.597391973000711, 36.87021800278761 ], [ 126.597517264492708, 36.870251270336773 ], [ 126.59757162332221, 36.870262320888806 ], [ 126.597667329194792, 36.87026979840882 ], [ 126.59774930461235, 36.870297161633509 ], [ 126.597790411046233, 36.870294560948125 ], [ 126.597832049159663, 36.870284645199128 ], [ 126.597856982685016, 36.870271393151668 ], [ 126.597868130711191, 36.870269241091798 ], [ 126.597887606358583, 36.870272406498572 ], [ 126.597915460531425, 36.870288323523141 ], [ 126.597938099578329, 36.870282768034038 ] ] ] } },
{ "type": "Feature", "properties": { "PNU": "4427034036105190001", "JIBUN": "519-1답", "BCHK": "1" }, "geometry": { "type": "Polygon", "coordinates": [ [ [ 126.598039197257563, 36.874834092753979 ], [ 126.598092397602642, 36.873946249506382 ], [ 126.597702457357457, 36.873939708551717 ], [ 126.59771988197825, 36.87401789168549 ], [ 126.597716078332013, 36.87418773400929 ], [ 126.597631364276083, 36.874816588083355 ], [ 126.598039197257563, 36.874834092753979 ] ] ] } },
{ "type": "Feature", "properties": { "PNU": "4427034036105190002", "JIBUN": "519-2답", "BCHK": "1" }, "geometry": { "type": "Polygon", "coordinates": [ [ [ 126.598305982650416, 36.874842200289059 ], [ 126.598359394826076, 36.873956159805168 ], [ 126.598092397602642, 36.873946249506382 ], [ 126.598039197257563, 36.874834092753979 ], [ 126.598305982650416, 36.874842200289059 ] ] ] } },
{ "type": "Feature", "properties": { "PNU": "4427034036105190003", "JIBUN": "519-3답", "BCHK": "1" }, "geometry": { "type": "Polygon", "coordinates": [ [ [ 126.598645637230518, 36.874856950188665 ], [ 126.598697165141886, 36.873965857108971 ], [ 126.598359394826076, 36.873956159805168 ], [ 126.598305982650416, 36.874842200289059 ], [ 126.598645637230518, 36.874856950188665 ] ] ] } },
{ "type": "Feature", "properties": { "PNU": "4427034036105190004", "JIBUN": "519-4답", "BCHK": "1" }, "geometry": { "type": "Polygon", "coordinates": [ [ [ 126.599121235058618, 36.874870624268283 ], [ 126.599171932485419, 36.873987187430238 ], [ 126.598697165141886, 36.873965857108971 ], [ 126.598645637230518, 36.874856950188665 ], [ 126.599121235058618, 36.874870624268283 ] ] ] } },
{ "type": "Feature", "properties": { "PNU": "4427034036105190005", "JIBUN": "519-5답", "BCHK": "1" }, "geometry": { "type": "Polygon", "coordinates": [ [ [ 126.599446662790484, 36.874882080142392 ], [ 126.599495346570748, 36.873996924327592 ], [ 126.599171932485419, 36.873987187430238 ], [ 126.599121235058618, 36.874870624268283 ], [ 126.599446662790484, 36.874882080142392 ] ] ] } },
{ "type": "Feature", "properties": { "PNU": "4427034036105190006", "JIBUN": "519-6답", "BCHK": "1" }, "geometry": { "type": "Polygon", "coordinates": [ [ [ 126.599870970199589, 36.874902247011512 ], [ 126.599972349544799, 36.874580988656788 ], [ 126.600024784384331, 36.874440594725939 ], [ 126.600065167777529, 36.874353054246413 ], [ 126.600199256614005, 36.874212123023916 ], [ 126.600333069413011, 36.874037850448431 ], [ 126.600279059106128, 36.874028208024249 ], [ 126.599495346570748, 36.873996924327592 ], [ 126.599446662790484, 36.874882080142392 ], [ 126.599870970199589, 36.874902247011512 ] ] ] } },
{ "type": "Feature", "properties": { "PNU": "4427034036105200001", "JIBUN": "520-1답", "BCHK": "1" }, "geometry": { "type": "Polygon", "coordinates": [ [ [ 126.597646865431415, 36.872945169927448 ], [ 126.597351258208747, 36.872937864718843 ], [ 126.597350366564896, 36.873086901746589 ], [ 126.597369288239904, 36.873178966758076 ], [ 126.59744012286518, 36.873359874098249 ], [ 126.597483455946104, 36.873416518594709 ], [ 126.597589198548491, 36.873485087808994 ], [ 126.597613608040419, 36.873514365428669 ], [ 126.597646865431415, 36.872945169927448 ] ] ] } },
{ "type": "Feature", "properties": { "PNU": "4427034036105200002", "JIBUN": "520-2답", "BCHK": "1" }, "geometry": { "type": "Polygon", "coordinates": [ [ [ 126.597802976260695, 36.873849037636518 ], [ 126.597851173940555, 36.872953067688229 ], [ 126.597646865431415, 36.872945169927448 ], [ 126.597613608040419, 36.873514365428669 ], [ 126.597627700232493, 36.873564873923605 ], [ 126.597625887773333, 36.873697057479404 ], [ 126.5976591247057, 36.873732672488266 ], [ 126.59769384670895, 36.873806048100668 ], [ 126.597728973895187, 36.873844823274894 ], [ 126.597802976260695, 36.873849037636518 ] ] ] } },
{ "type": "Feature", "properties": { "PNU": "4427034036105200003", "JIBUN": "520-3답", "BCHK": "1" }, "geometry": { "type": "Polygon", "coordinates": [ [ [ 126.598132999245379, 36.873860242266986 ], [ 126.598181856133593, 36.872966166683049 ], [ 126.597851173940555, 36.872953067688229 ], [ 126.597802976260695, 36.873849037636518 ], [ 126.598132999245379, 36.873860242266986 ] ] ] } },
{ "type": "Feature", "properties": { "PNU": "4427034036105200004", "JIBUN": "520-4답", "BCHK": "1" }, "geometry": { "type": "Polygon", "coordinates": [ [ [ 126.598132999245379, 36.873860242266986 ], [ 126.598475335081773, 36.873876173093194 ], [ 126.598522765221858, 36.872975334393665 ], [ 126.598181856133593, 36.872966166683049 ], [ 126.598132999245379, 36.873860242266986 ] ] ] } },
{ "type": "Feature", "properties": { "PNU": "4427034036105200005", "JIBUN": "520-5답", "BCHK": "1" }, "geometry": { "type": "Polygon", "coordinates": [ [ [ 126.598818251572681, 36.87388832031543 ], [ 126.598868930189539, 36.872987492395495 ], [ 126.598522765221858, 36.872975334393665 ], [ 126.598475335081773, 36.873876173093194 ], [ 126.598818251572681, 36.87388832031543 ] ] ] } },
{ "type": "Feature", "properties": { "PNU": "4427034036105200006", "JIBUN": "520-6답", "BCHK": "1" }, "geometry": { "type": "Polygon", "coordinates": [ [ [ 126.599021118780399, 36.873893507957504 ], [ 126.599074368483556, 36.87299386000322 ], [ 126.598868930189539, 36.872987492395495 ], [ 126.598818251572681, 36.87388832031543 ], [ 126.599021118780399, 36.873893507957504 ] ] ] } },
{ "type": "Feature", "properties": { "PNU": "4427034036105200007", "JIBUN": "520-7답", "BCHK": "1" }, "geometry": { "type": "Polygon", "coordinates": [ [ [ 126.599021118780399, 36.873893507957504 ], [ 126.599585050511095, 36.87391504625068 ], [ 126.599648946939496, 36.873015704093596 ], [ 126.599074368483556, 36.87299386000322 ], [ 126.599021118780399, 36.873893507957504 ] ] ] } },
{ "type": "Feature", "properties": { "PNU": "4427034036105200008", "JIBUN": "520-8답", "BCHK": "1" }, "geometry": { "type": "Polygon", "coordinates": [ [ [ 126.599766254819855, 36.873923403810991 ], [ 126.599827024248697, 36.873021077468394 ], [ 126.599648946939496, 36.873015704093596 ], [ 126.599585050511095, 36.87391504625068 ], [ 126.599766254819855, 36.873923403810991 ] ] ] } },
{ "type": "Feature", "properties": { "PNU": "4427034036105200009", "JIBUN": "520-9답", "BCHK": "1" }, "geometry": { "type": "Polygon", "coordinates": [ [ [ 126.599766254819855, 36.873923403810991 ], [ 126.60028109340432, 36.873938826868233 ], [ 126.600359317898707, 36.873043316900187 ], [ 126.599827024248697, 36.873021077468394 ], [ 126.599766254819855, 36.873923403810991 ] ] ] } },
{ "type": "Feature", "properties": { "PNU": "4427034036105200010", "JIBUN": "520-10답", "BCHK": "1" }, "geometry": { "type": "Polygon", "coordinates": [ [ [ 126.60028109340432, 36.873938826868233 ], [ 126.600392677282514, 36.87394145349225 ], [ 126.600732560585115, 36.873565396107772 ], [ 126.601086119713955, 36.873081883588981 ], [ 126.601044466186082, 36.873068588376363 ], [ 126.600359317898707, 36.873043316900187 ], [ 126.60028109340432, 36.873938826868233 ] ] ] } },
{ "type": "Feature", "properties": { "PNU": "4427034036105210001", "JIBUN": "521-1답", "BCHK": "1" }, "geometry": { "type": "Polygon", "coordinates": [ [ [ 126.598148928000654, 36.87293586927877 ], [ 126.598164527357596, 36.872332372702914 ], [ 126.598055070724811, 36.872330922576765 ], [ 126.597970215340951, 36.872321986132008 ], [ 126.597868285612904, 36.872296682356279 ], [ 126.597816945825642, 36.872269927134404 ], [ 126.597744327389904, 36.872323116797112 ], [ 126.59753382004331, 36.872535874536069 ], [ 126.597437430631459, 36.872673596008205 ], [ 126.597382982473945, 36.87279082405842 ], [ 126.597356362206952, 36.872905532871954 ], [ 126.598148928000654, 36.87293586927877 ] ] ] } },
{ "type": "Feature", "properties": { "PNU": "4427034036105210002", "JIBUN": "521-2답", "BCHK": "1" }, "geometry": { "type": "Polygon", "coordinates": [ [ [ 126.598526823623757, 36.872949847248783 ], [ 126.598591336683356, 36.872085019316842 ], [ 126.598517173858767, 36.87211189246846 ], [ 126.598487796174624, 36.872175050000585 ], [ 126.598443671002073, 36.872227254701926 ], [ 126.598379737773953, 36.872271102673146 ], [ 126.598270004755022, 36.872322635826393 ], [ 126.598164527357596, 36.872332372702914 ], [ 126.598148928000654, 36.87293586927877 ], [ 126.598526823623757, 36.872949847248783 ] ] ] } },
{ "type": "Feature", "properties": { "PNU": "4427034036105210003", "JIBUN": "521-3답", "BCHK": "1" }, "geometry": { "type": "Polygon", "coordinates": [ [ [ 126.599071234711175, 36.872971051928616 ], [ 126.599121791868299, 36.872071304650071 ], [ 126.598619898986556, 36.872049162001126 ], [ 126.598591336683356, 36.872085019316842 ], [ 126.598526823623757, 36.872949847248783 ], [ 126.599071234711175, 36.872971051928616 ] ] ] } },
{ "type": "Feature", "properties": { "PNU": "4427034036105210004", "JIBUN": "521-4답", "BCHK": "1" }, "geometry": { "type": "Polygon", "coordinates": [ [ [ 126.599071234711175, 36.872971051928616 ], [ 126.599389255435042, 36.872981852281377 ], [ 126.599439803715256, 36.872083096027019 ], [ 126.599121791868299, 36.872071304650071 ], [ 126.599071234711175, 36.872971051928616 ] ] ] } },
{ "type": "Feature", "properties": { "PNU": "4427034036105210005", "JIBUN": "521-5답", "BCHK": "1" }, "geometry": { "type": "Polygon", "coordinates": [ [ [ 126.599389255435042, 36.872981852281377 ], [ 126.599651088964166, 36.872992012654073 ], [ 126.599700867381813, 36.872089739451987 ], [ 126.599439803715256, 36.872083096027019 ], [ 126.599389255435042, 36.872981852281377 ] ] ] } },
{ "type": "Feature", "properties": { "PNU": "4427034036105210006", "JIBUN": "521-6답", "BCHK": "1" }, "geometry": { "type": "Polygon", "coordinates": [ [ [ 126.599651088964166, 36.872992012654073 ], [ 126.600292280648816, 36.873015428843296 ], [ 126.600345838577624, 36.872118214117314 ], [ 126.599700867381813, 36.872089739451987 ], [ 126.599651088964166, 36.872992012654073 ] ] ] } },
{ "type": "Feature", "properties": { "PNU": "4427034036105210007", "JIBUN": "521-7답", "BCHK": "1" }, "geometry": { "type": "Polygon", "coordinates": [ [ [ 126.60062094900708, 36.873027703324908 ], [ 126.600674492821639, 36.872132470790461 ], [ 126.600345838577624, 36.872118214117314 ], [ 126.600292280648816, 36.873015428843296 ], [ 126.60062094900708, 36.873027703324908 ] ] ] } },
{ "type": "Feature", "properties": { "PNU": "4427034036105210008", "JIBUN": "521-8답", "BCHK": "1" }, "geometry": { "type": "Polygon", "coordinates": [ [ [ 126.60062094900708, 36.873027703324908 ], [ 126.600944799482448, 36.873039059690043 ], [ 126.601010347449886, 36.872142425415618 ], [ 126.600674492821639, 36.872132470790461 ], [ 126.60062094900708, 36.873027703324908 ] ] ] } },
{ "type": "Feature", "properties": { "PNU": "4427034036105210009", "JIBUN": "521-9답", "BCHK": "1" }, "geometry": { "type": "Polygon", "coordinates": [ [ [ 126.600944799482448, 36.873039059690043 ], [ 126.601108966459677, 36.873045015365541 ], [ 126.6011897081098, 36.872938956908264 ], [ 126.601335346196805, 36.872797702539025 ], [ 126.601480807478879, 36.872647166182361 ], [ 126.601561991214965, 36.872542190246122 ], [ 126.601668920236449, 36.872403599515678 ], [ 126.601886909156178, 36.872194914287931 ], [ 126.60183449479382, 36.872180502126923 ], [ 126.601610838415624, 36.872162274183033 ], [ 126.601010347449886, 36.872142425415618 ], [ 126.600944799482448, 36.873039059690043 ] ] ] } },
{ "type": "Feature", "properties": { "PNU": "4427034036105220001", "JIBUN": "522-1답", "BCHK": "1" }, "geometry": { "type": "Polygon", "coordinates": [ [ [ 126.599404279687064, 36.871991245888523 ], [ 126.599454908243715, 36.871098436931391 ], [ 126.598872029454327, 36.871079537612935 ], [ 126.598932201464919, 36.871219228513226 ], [ 126.598945719248235, 36.871293974230213 ], [ 126.598803702058433, 36.871966880242098 ], [ 126.599404279687064, 36.871991245888523 ] ] ] } },
{ "type": "Feature", "properties": { "PNU": "4427034036105220002", "JIBUN": "522-2답", "BCHK": "1" }, "geometry": { "type": "Polygon", "coordinates": [ [ [ 126.599703898076385, 36.87200297477964 ], [ 126.599757009710331, 36.871106479555394 ], [ 126.599454908243715, 36.871098436931391 ], [ 126.599404279687064, 36.871991245888523 ], [ 126.599703898076385, 36.87200297477964 ] ] ] } },
{ "type": "Feature", "properties": { "PNU": "4427034036105220003", "JIBUN": "522-3답", "BCHK": "1" }, "geometry": { "type": "Polygon", "coordinates": [ [ [ 126.599703898076385, 36.87200297477964 ], [ 126.600599937843157, 36.872040490325539 ], [ 126.600642971509444, 36.871138914838454 ], [ 126.599757009710331, 36.871106479555394 ], [ 126.599703898076385, 36.87200297477964 ] ] ] } },
{ "type": "Feature", "properties": { "PNU": "4427034036105220004", "JIBUN": "522-4답", "BCHK": "1" }, "geometry": { "type": "Polygon", "coordinates": [ [ [ 126.600599937843157, 36.872040490325539 ], [ 126.601048374662483, 36.872054606353473 ], [ 126.601093316194877, 36.871151775548434 ], [ 126.600642971509444, 36.871138914838454 ], [ 126.600599937843157, 36.872040490325539 ] ] ] } },
{ "type": "Feature", "properties": { "PNU": "4427034036105220005", "JIBUN": "522-5답", "BCHK": "1" }, "geometry": { "type": "Polygon", "coordinates": [ [ [ 126.601187321782163, 36.872057233638095 ], [ 126.601235046355228, 36.871158106545451 ], [ 126.601093316194877, 36.871151775548434 ], [ 126.601048374662483, 36.872054606353473 ], [ 126.601187321782163, 36.872057233638095 ] ] ] } },
{ "type": "Feature", "properties": { "PNU": "4427034036105220006", "JIBUN": "522-6답", "BCHK": "1" }, "geometry": { "type": "Polygon", "coordinates": [ [ [ 126.601404302175055, 36.872065077547582 ], [ 126.601452016749008, 36.871167392071115 ], [ 126.601235046355228, 36.871158106545451 ], [ 126.601187321782163, 36.872057233638095 ], [ 126.601404302175055, 36.872065077547582 ] ] ] } },
{ "type": "Feature", "properties": { "PNU": "4427034036105220007", "JIBUN": "522-7답", "BCHK": "1" }, "geometry": { "type": "Polygon", "coordinates": [ [ [ 126.601404302175055, 36.872065077547582 ], [ 126.601661087369038, 36.87207494628877 ], [ 126.601703525922431, 36.871177603520366 ], [ 126.601452016749008, 36.871167392071115 ], [ 126.601404302175055, 36.872065077547582 ] ] ] } },
{ "type": "Feature", "properties": { "PNU": "4427034036105220008", "JIBUN": "522-8답", "BCHK": "1" }, "geometry": { "type": "Polygon", "coordinates": [ [ [ 126.601942861937374, 36.872088952774334 ], [ 126.602039078421598, 36.872026377840363 ], [ 126.602075020024699, 36.871191729032716 ], [ 126.601703525922431, 36.871177603520366 ], [ 126.601661087369038, 36.87207494628877 ], [ 126.601942861937374, 36.872088952774334 ] ] ] } },
{ "type": "Feature", "properties": { "PNU": "4427034036105220009", "JIBUN": "522-9답", "BCHK": "1" }, "geometry": { "type": "Polygon", "coordinates": [ [ [ 126.602460671092345, 36.871222660823072 ], [ 126.602430802239027, 36.871207873519623 ], [ 126.602075020024699, 36.871191729032716 ], [ 126.602039078421598, 36.872026377840363 ], [ 126.602189823742847, 36.871937943238407 ], [ 126.602382792348038, 36.871839196574882 ], [ 126.602422730526442, 36.871793644501224 ], [ 126.602433069969393, 36.871724385232184 ], [ 126.602460671092345, 36.871222660823072 ] ] ] } },
{ "type": "Feature", "properties": { "PNU": "4427034036105230001", "JIBUN": "523-1답", "BCHK": "1" }, "geometry": { "type": "Polygon", "coordinates": [ [ [ 126.602578064875019, 36.87188066669605 ], [ 126.602646331708442, 36.87184412971289 ], [ 126.602709169456304, 36.871794689036243 ], [ 126.602834606191635, 36.871655077569322 ], [ 126.602855004288969, 36.871614326162323 ], [ 126.602803668990163, 36.871542969202949 ], [ 126.602769985587557, 36.87148491701528 ], [ 126.602599862816859, 36.871481827282487 ], [ 126.602578064875019, 36.87188066669605 ] ] ] } },
{ "type": "Feature", "properties": { "PNU": "4427034036105230002", "JIBUN": "523-2답", "BCHK": "1" }, "geometry": { "type": "Polygon", "coordinates": [ [ [ 126.602599862816859, 36.871481827282487 ], [ 126.602769985587557, 36.87148491701528 ], [ 126.602767219193609, 36.871434176496948 ], [ 126.602790586108213, 36.871361446329942 ], [ 126.602906008659744, 36.871206212587438 ], [ 126.60261513093522, 36.871196413181529 ], [ 126.602599862816859, 36.871481827282487 ] ] ] } },
{ "type": "Feature", "properties": { "PNU": "4427034036105230003", "JIBUN": "523-3답", "BCHK": "1" }, "geometry": { "type": "Polygon", "coordinates": [ [ [ 126.602906008659744, 36.871206212587438 ], [ 126.603036742436728, 36.871039585855101 ], [ 126.603091606559374, 36.87092677187416 ], [ 126.603131740570603, 36.870777775185928 ], [ 126.603219874771071, 36.870541983068733 ], [ 126.603274657478977, 36.870444847671273 ], [ 126.603346873888782, 36.870359754707209 ], [ 126.603330478839524, 36.870320232483358 ], [ 126.602681778662458, 36.870299871423512 ], [ 126.602666105591183, 36.870337845174213 ], [ 126.60261513093522, 36.871196413181529 ], [ 126.602906008659744, 36.871206212587438 ] ] ] } },
{ "type": "Feature", "properties": { "PNU": "4427034036105240001", "JIBUN": "524-1답", "BCHK": "1" }, "geometry": { "type": "Polygon", "coordinates": [ [ [ 126.598211295901422, 36.870269307265175 ], [ 126.598092516247974, 36.870464533487187 ], [ 126.598045220345284, 36.870608638440537 ], [ 126.598034120741744, 36.870779807919995 ], [ 126.598092913123253, 36.870968603939687 ], [ 126.598161391177939, 36.87099929146941 ], [ 126.598341297328574, 36.870975658160276 ], [ 126.598421451225832, 36.870982596113549 ], [ 126.598447532397756, 36.870132146103039 ], [ 126.598407435357714, 36.870143364825196 ], [ 126.598350273609967, 36.870200932151953 ], [ 126.598303225311042, 36.870233212911955 ], [ 126.598211295901422, 36.870269307265175 ] ] ] } },
{ "type": "Feature", "properties": { "PNU": "4427034036105240002", "JIBUN": "524-2답", "BCHK": "1" }, "geometry": { "type": "Polygon", "coordinates": [ [ [ 126.598866710985803, 36.871045548676868 ], [ 126.598914572748171, 36.870146693221145 ], [ 126.598447532397756, 36.870132146103039 ], [ 126.598421451225832, 36.870982596113549 ], [ 126.598713482097295, 36.871050619998826 ], [ 126.598753675754864, 36.871042465203367 ], [ 126.598866710985803, 36.871045548676868 ] ] ] } },
{ "type": "Feature", "properties": { "PNU": "4427034036105240003", "JIBUN": "524-3답", "BCHK": "1" }, "geometry": { "type": "Polygon", "coordinates": [ [ [ 126.599755795977686, 36.87108106477649 ], [ 126.599808623673411, 36.87017420590999 ], [ 126.598914572748171, 36.870146693221145 ], [ 126.598866710985803, 36.871045548676868 ], [ 126.599755795977686, 36.87108106477649 ] ] ] } },
{ "type": "Feature", "properties": { "PNU": "4427034036105240004", "JIBUN": "524-4답", "BCHK": "1" }, "geometry": { "type": "Polygon", "coordinates": [ [ [ 126.600058790419482, 36.87108992060984 ], [ 126.600111618286164, 36.870182340729905 ], [ 126.599808623673411, 36.87017420590999 ], [ 126.599755795977686, 36.87108106477649 ], [ 126.600058790419482, 36.87108992060984 ] ] ] } },
{ "type": "Feature", "properties": { "PNU": "4427034036105240005", "JIBUN": "524-5답", "BCHK": "1" }, "geometry": { "type": "Polygon", "coordinates": [ [ [ 126.600058790419482, 36.87108992060984 ], [ 126.601092992701012, 36.871127625283975 ], [ 126.60114556492907, 36.870223738527969 ], [ 126.600111618286164, 36.870182340729905 ], [ 126.600058790419482, 36.87108992060984 ] ] ] } },
{ "type": "Feature", "properties": { "PNU": "4427034036105240006", "JIBUN": "524-6답", "BCHK": "1" }, "geometry": { "type": "Polygon", "coordinates": [ [ [ 126.601092992701012, 36.871127625283975 ], [ 126.601583680525366, 36.871146746457825 ], [ 126.601628866471373, 36.870238689793759 ], [ 126.60114556492907, 36.870223738527969 ], [ 126.601092992701012, 36.871127625283975 ] ] ] } },
{ "type": "Feature", "properties": { "PNU": "4427034036105240007", "JIBUN": "524-7답", "BCHK": "1" }, "geometry": { "type": "Polygon", "coordinates": [ [ [ 126.601583680525366, 36.871146746457825 ], [ 126.602006540678445, 36.871160953641017 ], [ 126.602047100620851, 36.87025729670767 ], [ 126.601628866471373, 36.870238689793759 ], [ 126.601583680525366, 36.871146746457825 ] ] ] } },
{ "type": "Feature", "properties": { "PNU": "4427034036105240008", "JIBUN": "524-8답", "BCHK": "1" }, "geometry": { "type": "Polygon", "coordinates": [ [ [ 126.602464156131703, 36.87117761799157 ], [ 126.602504649802114, 36.870307481183104 ], [ 126.602476529155098, 36.87027999435972 ], [ 126.602047100620851, 36.87025729670767 ], [ 126.602006540678445, 36.871160953641017 ], [ 126.602464156131703, 36.87117761799157 ] ] ] } },
{ "type": "Feature", "properties": { "PNU": "4427034036105250001", "JIBUN": "525-1답", "BCHK": "1" }, "geometry": { "type": "Polygon", "coordinates": [ [ [ 126.598515797373295, 36.870010008022675 ], [ 126.598570933867393, 36.86911469129182 ], [ 126.598387017516259, 36.869112450207254 ], [ 126.598267313096883, 36.870044223712284 ], [ 126.59831140213015, 36.870020223017761 ], [ 126.598374174687763, 36.870005025783414 ], [ 126.598515797373295, 36.870010008022675 ] ] ] } },
{ "type": "Feature", "properties": { "PNU": "4427034036105250002", "JIBUN": "525-2답", "BCHK": "1" }, "geometry": { "type": "Polygon", "coordinates": [ [ [ 126.598515797373295, 36.870010008022675 ], [ 126.598646318579142, 36.870014682411025 ], [ 126.598703922717434, 36.869119013482916 ], [ 126.598570933867393, 36.86911469129182 ], [ 126.598515797373295, 36.870010008022675 ] ] ] } },
{ "type": "Feature", "properties": { "PNU": "4427034036105250003", "JIBUN": "525-3답", "BCHK": "1" }, "geometry": { "type": "Polygon", "coordinates": [ [ [ 126.59891599006815, 36.870025321299664 ], [ 126.598966603082985, 36.869136296788142 ], [ 126.598703922717434, 36.869119013482916 ], [ 126.598646318579142, 36.870014682411025 ], [ 126.59891599006815, 36.870025321299664 ] ] ] } },
{ "type": "Feature", "properties": { "PNU": "4427034036105250004", "JIBUN": "525-4답", "BCHK": "1" }, "geometry": { "type": "Polygon", "coordinates": [ [ [ 126.59913799808848, 36.870035709288842 ], [ 126.599197256233495, 36.869144370896201 ], [ 126.598966603082985, 36.869136296788142 ], [ 126.59891599006815, 36.870025321299664 ], [ 126.59913799808848, 36.870035709288842 ] ] ] } },
{ "type": "Feature", "properties": { "PNU": "4427034036105250005", "JIBUN": "525-5답", "BCHK": "1" }, "geometry": { "type": "Polygon", "coordinates": [ [ [ 126.59913799808848, 36.870035709288842 ], [ 126.599483149461449, 36.870046149997023 ], [ 126.599543625534608, 36.869157068235161 ], [ 126.599197256233495, 36.869144370896201 ], [ 126.59913799808848, 36.870035709288842 ] ] ] } },
{ "type": "Feature", "properties": { "PNU": "4427034036105250006", "JIBUN": "525-6답", "BCHK": "1" }, "geometry": { "type": "Polygon", "coordinates": [ [ [ 126.599814494228539, 36.870058886212412 ], [ 126.599864095478054, 36.869168326049916 ], [ 126.599543625534608, 36.869157068235161 ], [ 126.599483149461449, 36.870046149997023 ], [ 126.599814494228539, 36.870058886212412 ] ] ] } },
{ "type": "Feature", "properties": { "PNU": "4427034036105250007", "JIBUN": "525-7답", "BCHK": "1" }, "geometry": { "type": "Polygon", "coordinates": [ [ [ 126.600244513950983, 36.870075376394112 ], [ 126.600306124709505, 36.869182062908997 ], [ 126.599864095478054, 36.869168326049916 ], [ 126.599814494228539, 36.870058886212412 ], [ 126.600244513950983, 36.870075376394112 ] ] ] } },
{ "type": "Feature", "properties": { "PNU": "4427034036105250008", "JIBUN": "525-8답", "BCHK": "1" }, "geometry": { "type": "Polygon", "coordinates": [ [ [ 126.601158505979313, 36.87010709076911 ], [ 126.6012156000847, 36.869217636369889 ], [ 126.600306124709505, 36.869182062908997 ], [ 126.600244513950983, 36.870075376394112 ], [ 126.601158505979313, 36.87010709076911 ] ] ] } },
{ "type": "Feature", "properties": { "PNU": "4427034036105250009", "JIBUN": "525-9답", "BCHK": "1" }, "geometry": { "type": "Polygon", "coordinates": [ [ [ 126.601158505979313, 36.87010709076911 ], [ 126.601495762211243, 36.870126239797877 ], [ 126.601557046718213, 36.869228148770688 ], [ 126.6012156000847, 36.869217636369889 ], [ 126.601158505979313, 36.87010709076911 ] ] ] } },
{ "type": "Feature", "properties": { "PNU": "4427034036105250010", "JIBUN": "525-10답", "BCHK": "1" }, "geometry": { "type": "Polygon", "coordinates": [ [ [ 126.601495762211243, 36.870126239797877 ], [ 126.602256567627236, 36.870155451441903 ], [ 126.602307974565363, 36.869257236961801 ], [ 126.601557046718213, 36.869228148770688 ], [ 126.601495762211243, 36.870126239797877 ] ] ] } },
{ "type": "Feature", "properties": { "PNU": "4427034036105250011", "JIBUN": "525-11답", "BCHK": "1" }, "geometry": { "type": "Polygon", "coordinates": [ [ [ 126.602256567627236, 36.870155451441903 ], [ 126.602506847855935, 36.870164125234986 ], [ 126.602527720273045, 36.870074896860181 ], [ 126.602564071091223, 36.869268362961016 ], [ 126.602307974565363, 36.869257236961801 ], [ 126.602256567627236, 36.870155451441903 ] ] ] } },
{ "type": "Feature", "properties": { "PNU": "4427034036105260001", "JIBUN": "526-1답", "BCHK": "1" }, "geometry": { "type": "Polygon", "coordinates": [ [ [ 126.60335044257647, 36.869296877831744 ], [ 126.60272687877594, 36.869275393162475 ], [ 126.602673013217995, 36.870194595020031 ], [ 126.602971107270776, 36.870217934632798 ], [ 126.603295968747474, 36.87022674686029 ], [ 126.60335044257647, 36.869296877831744 ] ] ] } },
{ "type": "Feature", "properties": { "PNU": "4427034036105260002", "JIBUN": "526-2답", "BCHK": "1" }, "geometry": { "type": "Polygon", "coordinates": [ [ [ 126.603734759328802, 36.870086572210084 ], [ 126.603942643324842, 36.870030313815327 ], [ 126.604042544550921, 36.870013705008901 ], [ 126.604079640050358, 36.869320980643828 ], [ 126.603772169757292, 36.869311399336162 ], [ 126.603734759328802, 36.870086572210084 ] ] ] } },
{ "type": "Feature", "properties": { "PNU": "4427034036105260003", "JIBUN": "526-3 답", "BCHK": "1" }, "geometry": { "type": "Polygon", "coordinates": [ [ [ 126.604042544550921, 36.870013705008901 ], [ 126.604173373835266, 36.870002154746196 ], [ 126.604341623426663, 36.869998117401146 ], [ 126.604461407588985, 36.869975266568787 ], [ 126.604915563696224, 36.869812413025279 ], [ 126.604950418700909, 36.86983902049019 ], [ 126.605042564149798, 36.86980382271669 ], [ 126.605145838991263, 36.869743791650144 ], [ 126.605003759074876, 36.869360078968008 ], [ 126.604079640050358, 36.869320980643828 ], [ 126.604042544550921, 36.870013705008901 ] ] ] } },
{ "type": "Feature", "properties": { "PNU": "4427034036105260004", "JIBUN": "526-4 구", "BCHK": "1" }, "geometry": { "type": "Polygon", "coordinates": [ [ [ 126.605145838991263, 36.869743791650144 ], [ 126.605156626547327, 36.869737519734642 ], [ 126.605159258342823, 36.869705449669262 ], [ 126.605017920765448, 36.869360675527332 ], [ 126.605003759074876, 36.869360078968008 ], [ 126.605145838991263, 36.869743791650144 ] ] ] } },
{ "type": "Feature", "properties": { "PNU": "4427034036105260005", "JIBUN": "526-5 답", "BCHK": "1" }, "geometry": { "type": "Polygon", "coordinates": [ [ [ 126.603295968747474, 36.87022674686029 ], [ 126.603345757649606, 36.870228101877679 ], [ 126.603398382445462, 36.870223230766904 ], [ 126.603458866768861, 36.870194867335904 ], [ 126.603555598638096, 36.870140402660262 ], [ 126.603734759328802, 36.870086572210084 ], [ 126.603772169757292, 36.869311399336162 ], [ 126.60335044257647, 36.869296877831744 ], [ 126.603295968747474, 36.87022674686029 ] ] ] } },
{ "type": "Feature", "properties": { "PNU": "4427034036105270001", "JIBUN": "527-1답", "BCHK": "1" }, "geometry": { "type": "Polygon", "coordinates": [ [ [ 126.602733444129143, 36.869220178258445 ], [ 126.6031679597899, 36.869233969560646 ], [ 126.603208394785995, 36.868351667301262 ], [ 126.602767496312538, 36.868336953812559 ], [ 126.602733444129143, 36.869220178258445 ] ] ] } },
{ "type": "Feature", "properties": { "PNU": "4427034036105270002", "JIBUN": "527-2답", "BCHK": "1" }, "geometry": { "type": "Polygon", "coordinates": [ [ [ 126.6031679597899, 36.869233969560646 ], [ 126.603777367238948, 36.869260324839658 ], [ 126.603828130967216, 36.868374542415062 ], [ 126.603208394785995, 36.868351667301262 ], [ 126.6031679597899, 36.869233969560646 ] ] ] } },
{ "type": "Feature", "properties": { "PNU": "4427034036105270003", "JIBUN": "527-3 답", "BCHK": "1" }, "geometry": { "type": "Polygon", "coordinates": [ [ [ 126.603777367238948, 36.869260324839658 ], [ 126.60494584357771, 36.869305506430749 ], [ 126.604570377080165, 36.868417725554835 ], [ 126.604505250458345, 36.868404813288237 ], [ 126.603828130967216, 36.868374542415062 ], [ 126.603777367238948, 36.869260324839658 ] ] ] } },
{ "type": "Feature", "properties": { "PNU": "4427034036105270004", "JIBUN": "527-4 구", "BCHK": "1" }, "geometry": { "type": "Polygon", "coordinates": [ [ [ 126.60494584357771, 36.869305506430749 ], [ 126.604957527443972, 36.86930595962744 ], [ 126.604578746186135, 36.868419384270524 ], [ 126.604570377080165, 36.868417725554835 ], [ 126.60494584357771, 36.869305506430749 ] ] ] } },
{ "type": "Feature", "properties": { "PNU": "4427034036105280001", "JIBUN": "528-1답", "BCHK": "1" }, "geometry": { "type": "Polygon", "coordinates": [ [ [ 126.598385449664519, 36.869069012432121 ], [ 126.598530311675347, 36.869076168171325 ], [ 126.598584858772881, 36.868186165733576 ], [ 126.59851891471753, 36.868207660037676 ], [ 126.598360977056416, 36.868321026001219 ], [ 126.598421692493986, 36.868484958346777 ], [ 126.598443704558136, 36.868608121241401 ], [ 126.598385449664519, 36.869069012432121 ] ] ] } },
{ "type": "Feature", "properties": { "PNU": "4427034036105280002", "JIBUN": "528-2답", "BCHK": "1" }, "geometry": { "type": "Polygon", "coordinates": [ [ [ 126.598530311675347, 36.869076168171325 ], [ 126.598934986413255, 36.869091316242006 ], [ 126.598975288822388, 36.86908361227637 ], [ 126.599024168000909, 36.868204223421522 ], [ 126.598584858772881, 36.868186165733576 ], [ 126.598530311675347, 36.869076168171325 ] ] ] } },
{ "type": "Feature", "properties": { "PNU": "4427034036105280003", "JIBUN": "528-3답", "BCHK": "1" }, "geometry": { "type": "Polygon", "coordinates": [ [ [ 126.599178226878635, 36.869094296502681 ], [ 126.599224112326326, 36.868207869004308 ], [ 126.599024168000909, 36.868204223421522 ], [ 126.598975288822388, 36.86908361227637 ], [ 126.599178226878635, 36.869094296502681 ] ] ] } },
{ "type": "Feature", "properties": { "PNU": "4427034036105280004", "JIBUN": "528-4답", "BCHK": "1" }, "geometry": { "type": "Polygon", "coordinates": [ [ [ 126.599178226878635, 36.869094296502681 ], [ 126.599548252887189, 36.869108334847375 ], [ 126.599594598594351, 36.868218845038321 ], [ 126.599224112326326, 36.868207869004308 ], [ 126.599178226878635, 36.869094296502681 ] ] ] } },
{ "type": "Feature", "properties": { "PNU": "4427034036105280005", "JIBUN": "528-5답", "BCHK": "1" }, "geometry": { "type": "Polygon", "coordinates": [ [ [ 126.599873010523183, 36.869114560933433 ], [ 126.599923026201068, 36.868230309616386 ], [ 126.599594598594351, 36.868218845038321 ], [ 126.599548252887189, 36.869108334847375 ], [ 126.599873010523183, 36.869114560933433 ] ] ] } },
{ "type": "Feature", "properties": { "PNU": "4427034036105280006", "JIBUN": "528-6답", "BCHK": "1" }, "geometry": { "type": "Polygon", "coordinates": [ [ [ 126.599873010523183, 36.869114560933433 ], [ 126.600351931428932, 36.869129412570935 ], [ 126.600389913236427, 36.868250617369171 ], [ 126.599923026201068, 36.868230309616386 ], [ 126.599873010523183, 36.869114560933433 ] ] ] } },
{ "type": "Feature", "properties": { "PNU": "4427034036105280007", "JIBUN": "528-7답", "BCHK": "1" }, "geometry": { "type": "Polygon", "coordinates": [ [ [ 126.600534935285296, 36.869134621153599 ], [ 126.600574721989346, 36.868253398991421 ], [ 126.600389913236427, 36.868250617369171 ], [ 126.600351931428932, 36.869129412570935 ], [ 126.600534935285296, 36.869134621153599 ] ] ] } },
{ "type": "Feature", "properties": { "PNU": "4427034036105280008", "JIBUN": "528-8답", "BCHK": "1" }, "geometry": { "type": "Polygon", "coordinates": [ [ [ 126.60078431289341, 36.869143655978903 ], [ 126.600826109332559, 36.868263611868812 ], [ 126.600574721989346, 36.868253398991421 ], [ 126.600534935285296, 36.869134621153599 ], [ 126.60078431289341, 36.869143655978903 ] ] ] } },
{ "type": "Feature", "properties": { "PNU": "4427034036105280009", "JIBUN": "528-9답", "BCHK": "1" }, "geometry": { "type": "Polygon", "coordinates": [ [ [ 126.60078431289341, 36.869143655978903 ], [ 126.601113740939894, 36.869157643674086 ], [ 126.601154316784104, 36.868274351437236 ], [ 126.600826109332559, 36.868263611868812 ], [ 126.60078431289341, 36.869143655978903 ] ] ] } },
{ "type": "Feature", "properties": { "PNU": "4427034036105280010", "JIBUN": "528-10답", "BCHK": "1" }, "geometry": { "type": "Polygon", "coordinates": [ [ [ 126.601113740939894, 36.869157643674086 ], [ 126.601886208047404, 36.869185364814243 ], [ 126.601935838522635, 36.868306067305141 ], [ 126.601154316784104, 36.868274351437236 ], [ 126.601113740939894, 36.869157643674086 ] ] ] } },
{ "type": "Feature", "properties": { "PNU": "4427034036105280011", "JIBUN": "528-11 답", "BCHK": "1" }, "geometry": { "type": "Polygon", "coordinates": [ [ [ 126.601887811810798, 36.869157166074302 ], [ 126.602588668849222, 36.868913595967008 ], [ 126.602619069702371, 36.868433957295068 ], [ 126.602609939722768, 36.868334176285337 ], [ 126.601935838522635, 36.868306067305141 ], [ 126.601887811810798, 36.869157166074302 ] ] ] } },
{ "type": "Feature", "properties": { "PNU": "4427034036105280012", "JIBUN": "528-12 답", "BCHK": "1" }, "geometry": { "type": "Polygon", "coordinates": [ [ [ 126.601886208047404, 36.869185364814243 ], [ 126.602569987848199, 36.86920846024109 ], [ 126.602588668849222, 36.868913595967008 ], [ 126.601887811810798, 36.869157166074302 ], [ 126.601886208047404, 36.869185364814243 ] ] ] } },
{ "type": "Feature", "properties": { "PNU": "4427034036105290001", "JIBUN": "529-1대", "BCHK": "1" }, "geometry": { "type": "Polygon", "coordinates": [ [ [ 126.598522176293784, 36.868076832852942 ], [ 126.598506846305327, 36.868005685307025 ], [ 126.598480477190236, 36.867986853886613 ], [ 126.598216333107317, 36.868014438830564 ], [ 126.598256376584459, 36.868185240019322 ], [ 126.598286412072511, 36.868232197821847 ], [ 126.598476013554446, 36.868090103693476 ], [ 126.598522176293784, 36.868076832852942 ] ] ] } },
{ "type": "Feature", "properties": { "PNU": "4427034036105290002", "JIBUN": "529-2답", "BCHK": "1" }, "geometry": { "type": "Polygon", "coordinates": [ [ [ 126.598556789550869, 36.868084698721809 ], [ 126.598602231499456, 36.867370648241554 ], [ 126.598505949047833, 36.86744646624242 ], [ 126.59829951904706, 36.867654553613917 ], [ 126.598199114973994, 36.867832360791226 ], [ 126.598216333107317, 36.868014438830564 ], [ 126.598480477190236, 36.867986853886613 ], [ 126.598506846305327, 36.868005685307025 ], [ 126.598522176293784, 36.868076832852942 ], [ 126.598556789550869, 36.868084698721809 ] ] ] } },
{ "type": "Feature", "properties": { "PNU": "4427034036105290003", "JIBUN": "529-3답", "BCHK": "1" }, "geometry": { "type": "Polygon", "coordinates": [ [ [ 126.598556789550869, 36.868084698721809 ], [ 126.59903301452519, 36.868099096040332 ], [ 126.599078900009147, 36.867212848670079 ], [ 126.598808089681043, 36.867207432660486 ], [ 126.598753837799265, 36.867266631964753 ], [ 126.598602231499456, 36.867370648241554 ], [ 126.598556789550869, 36.868084698721809 ] ] ] } },
{ "type": "Feature", "properties": { "PNU": "4427034036105290004", "JIBUN": "529-4답", "BCHK": "1" }, "geometry": { "type": "Polygon", "coordinates": [ [ [ 126.59903301452519, 36.868099096040332 ], [ 126.599926345354163, 36.868131110815682 ], [ 126.599973758299512, 36.867251085717811 ], [ 126.599078900009147, 36.867212848670079 ], [ 126.59903301452519, 36.868099096040332 ] ] ] } },
{ "type": "Feature", "properties": { "PNU": "4427034036105290005", "JIBUN": "529-5답", "BCHK": "1" }, "geometry": { "type": "Polygon", "coordinates": [ [ [ 126.599926345354163, 36.868131110815682 ], [ 126.600916305064473, 36.868171822349346 ], [ 126.600965398694811, 36.867289910167123 ], [ 126.599973758299512, 36.867251085717811 ], [ 126.599926345354163, 36.868131110815682 ] ] ] } },
{ "type": "Feature", "properties": { "PNU": "4427034036105290006", "JIBUN": "529-6답", "BCHK": "1" }, "geometry": { "type": "Polygon", "coordinates": [ [ [ 126.600916305064473, 36.868171822349346 ], [ 126.601278004249991, 36.868190422995674 ], [ 126.601323192397018, 36.867303902045997 ], [ 126.600965398694811, 36.867289910167123 ], [ 126.600916305064473, 36.868171822349346 ] ] ] } },
{ "type": "Feature", "properties": { "PNU": "4427034036105290007", "JIBUN": "529-7답", "BCHK": "1" }, "geometry": { "type": "Polygon", "coordinates": [ [ [ 126.601824054892219, 36.868213512763788 ], [ 126.601876421591783, 36.867325573810113 ], [ 126.601323192397018, 36.867303902045997 ], [ 126.601278004249991, 36.868190422995674 ], [ 126.601824054892219, 36.868213512763788 ] ] ] } },
{ "type": "Feature", "properties": { "PNU": "4427034036105290008", "JIBUN": "529-8답", "BCHK": "1" }, "geometry": { "type": "Polygon", "coordinates": [ [ [ 126.601824054892219, 36.868213512763788 ], [ 126.602625006308529, 36.868239792312174 ], [ 126.602644978001038, 36.868020713900741 ], [ 126.602671070920664, 36.867441220073331 ], [ 126.60266781176216, 36.867355605712646 ], [ 126.601876421591783, 36.867325573810113 ], [ 126.601824054892219, 36.868213512763788 ] ] ] } },
{ "type": "Feature", "properties": { "PNU": "4427034036105300001", "JIBUN": "530-1답", "BCHK": "1" }, "geometry": { "type": "Polygon", "coordinates": [ [ [ 126.602750608875695, 36.868240841443722 ], [ 126.602938389501844, 36.868254532470019 ], [ 126.602986061516873, 36.867361080725857 ], [ 126.60278568358747, 36.867354916981739 ], [ 126.602743114246863, 36.868193599399191 ], [ 126.602750608875695, 36.868240841443722 ] ] ] } },
{ "type": "Feature", "properties": { "PNU": "4427034036105300002", "JIBUN": "530-2답", "BCHK": "1" }, "geometry": { "type": "Polygon", "coordinates": [ [ [ 126.603252346563082, 36.868266750660275 ], [ 126.603300571488845, 36.867374111601819 ], [ 126.602986061516873, 36.867361080725857 ], [ 126.602938389501844, 36.868254532470019 ], [ 126.603252346563082, 36.868266750660275 ] ] ] } },
{ "type": "Feature", "properties": { "PNU": "4427034036105300003", "JIBUN": "530-3답", "BCHK": "1" }, "geometry": { "type": "Polygon", "coordinates": [ [ [ 126.603252346563082, 36.868266750660275 ], [ 126.603665216986315, 36.868279567046208 ], [ 126.60370959676915, 36.867392231463356 ], [ 126.603300571488845, 36.867374111601819 ], [ 126.603252346563082, 36.868266750660275 ] ] ] } },
{ "type": "Feature", "properties": { "PNU": "4427034036105300004", "JIBUN": "530-4 답", "BCHK": "1" }, "geometry": { "type": "Polygon", "coordinates": [ [ [ 126.603665216986315, 36.868279567046208 ], [ 126.604513747335162, 36.868309533231141 ], [ 126.604136538172497, 36.867407048312884 ], [ 126.60370959676915, 36.867392231463356 ], [ 126.603665216986315, 36.868279567046208 ] ] ] } },
{ "type": "Feature", "properties": { "PNU": "4427034036105300005", "JIBUN": "530-5 구", "BCHK": "1" }, "geometry": { "type": "Polygon", "coordinates": [ [ [ 126.604513747335162, 36.868309533231141 ], [ 126.604541062143412, 36.868310497847979 ], [ 126.604163381822516, 36.867407975408589 ], [ 126.604136538172497, 36.867407048312884 ], [ 126.604513747335162, 36.868309533231141 ] ] ] } },
{ "type": "Feature", "properties": { "PNU": "4427034036105310001", "JIBUN": "531-1답", "BCHK": "1" }, "geometry": { "type": "Polygon", "coordinates": [ [ [ 126.602785404651044, 36.867322026284931 ], [ 126.60311190530112, 36.867336809658724 ], [ 126.603159182695578, 36.866432363092798 ], [ 126.602834314619628, 36.866427947823844 ], [ 126.602785404651044, 36.867322026284931 ] ] ] } },
{ "type": "Feature", "properties": { "PNU": "4427034036105310002", "JIBUN": "531-2답", "BCHK": "1" }, "geometry": { "type": "Polygon", "coordinates": [ [ [ 126.60311190530112, 36.867336809658724 ], [ 126.603440316756533, 36.867350787507853 ], [ 126.603482667491036, 36.866444071702198 ], [ 126.603159182695578, 36.866432363092798 ], [ 126.60311190530112, 36.867336809658724 ] ] ] } },
{ "type": "Feature", "properties": { "PNU": "4427034036105310003", "JIBUN": "531-3 답", "BCHK": "1" }, "geometry": { "type": "Polygon", "coordinates": [ [ [ 126.603440316756533, 36.867350787507853 ], [ 126.604121788656855, 36.867372523676302 ], [ 126.603731892756471, 36.866461470941807 ], [ 126.603669690380784, 36.866451631637268 ], [ 126.603482667491036, 36.866444071702198 ], [ 126.603440316756533, 36.867350787507853 ] ] ] } },
{ "type": "Feature", "properties": { "PNU": "4427034036105310004", "JIBUN": "531-4 구", "BCHK": "1" }, "geometry": { "type": "Polygon", "coordinates": [ [ [ 126.604121788656855, 36.867372523676302 ], [ 126.604149877309425, 36.867373418863345 ], [ 126.603762809072634, 36.866466358429655 ], [ 126.603731892756471, 36.866461470941807 ], [ 126.604121788656855, 36.867372523676302 ] ] ] } },
{ "type": "Feature", "properties": { "PNU": "4427034036105320001", "JIBUN": "532-1답", "BCHK": "1" }, "geometry": { "type": "Polygon", "coordinates": [ [ [ 126.598820603247106, 36.867173413568729 ], [ 126.599003814406643, 36.867180968027682 ], [ 126.59905434726231, 36.866285184603072 ], [ 126.599029752285801, 36.866291860098833 ], [ 126.598855054260937, 36.866437339322019 ], [ 126.598616062340767, 36.866589089789898 ], [ 126.598578187664799, 36.866583105250108 ], [ 126.598555486408671, 36.866742792017725 ], [ 126.598584576915385, 36.866798847578671 ], [ 126.598781522137259, 36.86707605456651 ], [ 126.598820603247106, 36.867173413568729 ] ] ] } },
{ "type": "Feature", "properties": { "PNU": "4427034036105320002", "JIBUN": "532-2답", "BCHK": "1" }, "geometry": { "type": "Polygon", "coordinates": [ [ [ 126.599728597529364, 36.867208723046552 ], [ 126.599790583236853, 36.866308652492656 ], [ 126.59905434726231, 36.866285184603072 ], [ 126.599003814406643, 36.867180968027682 ], [ 126.599728597529364, 36.867208723046552 ] ] ] } },
{ "type": "Feature", "properties": { "PNU": "4427034036105320003", "JIBUN": "532-3답", "BCHK": "1" }, "geometry": { "type": "Polygon", "coordinates": [ [ [ 126.599728597529364, 36.867208723046552 ], [ 126.599978756604045, 36.867217221516775 ], [ 126.600031169134553, 36.866324417551482 ], [ 126.599790583236853, 36.866308652492656 ], [ 126.599728597529364, 36.867208723046552 ] ] ] } },
{ "type": "Feature", "properties": { "PNU": "4427034036105320004", "JIBUN": "532-4답", "BCHK": "1" }, "geometry": { "type": "Polygon", "coordinates": [ [ [ 126.60036692884843, 36.867233751089863 ], [ 126.60042126859453, 36.866336087516004 ], [ 126.600031169134553, 36.866324417551482 ], [ 126.599978756604045, 36.867217221516775 ], [ 126.60036692884843, 36.867233751089863 ] ] ] } },
{ "type": "Feature", "properties": { "PNU": "4427034036105320005", "JIBUN": "532-5답", "BCHK": "1" }, "geometry": { "type": "Polygon", "coordinates": [ [ [ 126.60068435920769, 36.867245717363353 ], [ 126.600740603122617, 36.866347789683147 ], [ 126.60042126859453, 36.866336087516004 ], [ 126.60036692884843, 36.867233751089863 ], [ 126.60068435920769, 36.867245717363353 ] ] ] } },
{ "type": "Feature", "properties": { "PNU": "4427034036105320006", "JIBUN": "532-6답", "BCHK": "1" }, "geometry": { "type": "Polygon", "coordinates": [ [ [ 126.60068435920769, 36.867245717363353 ], [ 126.601004371379943, 36.867257240880818 ], [ 126.601057377086832, 36.866355878070145 ], [ 126.600740603122617, 36.866347789683147 ], [ 126.60068435920769, 36.867245717363353 ] ] ] } },
{ "type": "Feature", "properties": { "PNU": "4427034036105320007", "JIBUN": "532-7답", "BCHK": "1" }, "geometry": { "type": "Polygon", "coordinates": [ [ [ 126.601329779289514, 36.867266348629542 ], [ 126.601374675470154, 36.86637099586477 ], [ 126.601057377086832, 36.866355878070145 ], [ 126.601004371379943, 36.867257240880818 ], [ 126.601329779289514, 36.867266348629542 ] ] ] } },
{ "type": "Feature", "properties": { "PNU": "4427034036105320008", "JIBUN": "532-8답", "BCHK": "1" }, "geometry": { "type": "Polygon", "coordinates": [ [ [ 126.601653925704269, 36.867280857811721 ], [ 126.60169783164271, 36.866381086270898 ], [ 126.601374675470154, 36.86637099586477 ], [ 126.601329779289514, 36.867266348629542 ], [ 126.601653925704269, 36.867280857811721 ] ] ] } },
{ "type": "Feature", "properties": { "PNU": "4427034036105320009", "JIBUN": "532-9답", "BCHK": "1" }, "geometry": { "type": "Polygon", "coordinates": [ [ [ 126.601653925704269, 36.867280857811721 ], [ 126.60183186887663, 36.867287939775068 ], [ 126.601873652221371, 36.866386178682326 ], [ 126.60169783164271, 36.866381086270898 ], [ 126.601653925704269, 36.867280857811721 ] ] ] } },
{ "type": "Feature", "properties": { "PNU": "4427034036105320010", "JIBUN": "532-10답", "BCHK": "1" }, "geometry": { "type": "Polygon", "coordinates": [ [ [ 126.60183186887663, 36.867287939775068 ], [ 126.601985365508753, 36.867294669575195 ], [ 126.602027612865783, 36.86638957594117 ], [ 126.601873652221371, 36.866386178682326 ], [ 126.60183186887663, 36.867287939775068 ] ] ] } },
{ "type": "Feature", "properties": { "PNU": "4427034036105320011", "JIBUN": "532-11답", "BCHK": "1" }, "geometry": { "type": "Polygon", "coordinates": [ [ [ 126.602674386378823, 36.867320304903203 ], [ 126.602718014832988, 36.866450267994658 ], [ 126.602707948129876, 36.866423381994196 ], [ 126.602481850866852, 36.86640325529735 ], [ 126.602027612865783, 36.86638957594117 ], [ 126.601985365508753, 36.867294669575195 ], [ 126.602674386378823, 36.867320304903203 ] ] ] } },
{ "type": "Feature", "properties": { "PNU": "4427034036105330001", "JIBUN": "533-1답", "BCHK": "1" }, "geometry": { "type": "Polygon", "coordinates": [ [ [ 126.599370603200271, 36.866198751444955 ], [ 126.599439380451798, 36.865308795945467 ], [ 126.599151753375438, 36.865303684696975 ], [ 126.599136214206396, 36.865552783780466 ], [ 126.599117890771467, 36.865647336616419 ], [ 126.599089885816255, 36.865748975516269 ], [ 126.599042189543439, 36.866186294208205 ], [ 126.599370603200271, 36.866198751444955 ] ] ] } },
{ "type": "Feature", "properties": { "PNU": "4427034036105330002", "JIBUN": "533-2답", "BCHK": "1" }, "geometry": { "type": "Polygon", "coordinates": [ [ [ 126.599370603200271, 36.866198751444955 ], [ 126.599705753169388, 36.866209788637839 ], [ 126.59977631991039, 36.865320019157984 ], [ 126.599439380451798, 36.865308795945467 ], [ 126.599370603200271, 36.866198751444955 ] ] ] } },
{ "type": "Feature", "properties": { "PNU": "4427034036105330003", "JIBUN": "533-3답", "BCHK": "1" }, "geometry": { "type": "Polygon", "coordinates": [ [ [ 126.599705753169388, 36.866209788637839 ], [ 126.600042676036892, 36.866224975842854 ], [ 126.600091700265281, 36.865336485567227 ], [ 126.59977631991039, 36.865320019157984 ], [ 126.599705753169388, 36.866209788637839 ] ] ] } },
{ "type": "Feature", "properties": { "PNU": "4427034036105330004", "JIBUN": "533-4답", "BCHK": "1" }, "geometry": { "type": "Polygon", "coordinates": [ [ [ 126.600042676036892, 36.866224975842854 ], [ 126.600153797769863, 36.866228051659931 ], [ 126.600210906761333, 36.865337335708574 ], [ 126.600091700265281, 36.865336485567227 ], [ 126.600042676036892, 36.866224975842854 ] ] ] } },
{ "type": "Feature", "properties": { "PNU": "4427034036105330005", "JIBUN": "533-5답", "BCHK": "1" }, "geometry": { "type": "Polygon", "coordinates": [ [ [ 126.601037354010657, 36.866259394509385 ], [ 126.601086052724924, 36.865366577478589 ], [ 126.600210906761333, 36.865337335708574 ], [ 126.600153797769863, 36.866228051659931 ], [ 126.601037354010657, 36.866259394509385 ] ] ] } },
{ "type": "Feature", "properties": { "PNU": "4427034036105330006", "JIBUN": "533-6답", "BCHK": "1" }, "geometry": { "type": "Polygon", "coordinates": [ [ [ 126.601384031225194, 36.86627515119217 ], [ 126.601429573765742, 36.865384666298539 ], [ 126.601086052724924, 36.865366577478589 ], [ 126.601037354010657, 36.866259394509385 ], [ 126.601384031225194, 36.86627515119217 ] ] ] } },
{ "type": "Feature", "properties": { "PNU": "4427034036105330007", "JIBUN": "533-7답", "BCHK": "1" }, "geometry": { "type": "Polygon", "coordinates": [ [ [ 126.601703914745372, 36.866289105329791 ], [ 126.601760908570355, 36.865395504723359 ], [ 126.601429573765742, 36.865384666298539 ], [ 126.601384031225194, 36.86627515119217 ], [ 126.601703914745372, 36.866289105329791 ] ] ] } },
{ "type": "Feature", "properties": { "PNU": "4427034036105330008", "JIBUN": "533-8답", "BCHK": "1" }, "geometry": { "type": "Polygon", "coordinates": [ [ [ 126.602028619702679, 36.86630325491096 ], [ 126.60209178139975, 36.865408953844174 ], [ 126.601760908570355, 36.865395504723359 ], [ 126.601703914745372, 36.866289105329791 ], [ 126.602028619702679, 36.86630325491096 ] ] ] } },
{ "type": "Feature", "properties": { "PNU": "4427034036105330009", "JIBUN": "533-9답", "BCHK": "1" }, "geometry": { "type": "Polygon", "coordinates": [ [ [ 126.602028619702679, 36.86630325491096 ], [ 126.602241986440021, 36.866312797269778 ], [ 126.602306734288476, 36.865414897013487 ], [ 126.60209178139975, 36.865408953844174 ], [ 126.602028619702679, 36.86630325491096 ] ] ] } },
{ "type": "Feature", "properties": { "PNU": "4427034036105330010", "JIBUN": "533-10답", "BCHK": "1" }, "geometry": { "type": "Polygon", "coordinates": [ [ [ 126.602241986440021, 36.866312797269778 ], [ 126.602732899715619, 36.866325786975914 ], [ 126.602779889627868, 36.865434315152697 ], [ 126.602306734288476, 36.865414897013487 ], [ 126.602241986440021, 36.866312797269778 ] ] ] } },
{ "type": "Feature", "properties": { "PNU": "4427034036105330011", "JIBUN": "533-11답", "BCHK": "1" }, "geometry": { "type": "Polygon", "coordinates": [ [ [ 126.602732899715619, 36.866325786975914 ], [ 126.603108823394678, 36.866346321696234 ], [ 126.603151031340559, 36.865446183344602 ], [ 126.602779889627868, 36.865434315152697 ], [ 126.602732899715619, 36.866325786975914 ] ] ] } },
{ "type": "Feature", "properties": { "PNU": "4427034036105330012", "JIBUN": "533-12 답", "BCHK": "1" }, "geometry": { "type": "Polygon", "coordinates": [ [ [ 126.603108823394678, 36.866346321696234 ], [ 126.603713959741526, 36.866365706628862 ], [ 126.603339984026434, 36.86545309241788 ], [ 126.603151031340559, 36.865446183344602 ], [ 126.603108823394678, 36.866346321696234 ] ] ] } },
{ "type": "Feature", "properties": { "PNU": "4427034036105330013", "JIBUN": "533-13 구", "BCHK": "1" }, "geometry": { "type": "Polygon", "coordinates": [ [ [ 126.603713959741526, 36.866365706628862 ], [ 126.603730128686948, 36.866366228910856 ], [ 126.603351622577023, 36.865453518587771 ], [ 126.603339984026434, 36.86545309241788 ], [ 126.603713959741526, 36.866365706628862 ] ] ] } },
{ "type": "Feature", "properties": { "PNU": "4427034036105340001", "JIBUN": "534-1답", "BCHK": "1" }, "geometry": { "type": "Polygon", "coordinates": [ [ [ 126.599455005792478, 36.865280103653618 ], [ 126.599503906314993, 36.864416573269459 ], [ 126.599194752171186, 36.864411209634952 ], [ 126.599145768863849, 36.865268431977128 ], [ 126.599455005792478, 36.865280103653618 ] ] ] } },
{ "type": "Feature", "properties": { "PNU": "4427034036105340002", "JIBUN": "534-2답", "BCHK": "1" }, "geometry": { "type": "Polygon", "coordinates": [ [ [ 126.599455005792478, 36.865280103653618 ], [ 126.59957003288514, 36.865286707377351 ], [ 126.599613673136005, 36.864420906562025 ], [ 126.599503906314993, 36.864416573269459 ], [ 126.599455005792478, 36.865280103653618 ] ] ] } },
{ "type": "Feature", "properties": { "PNU": "4427034036105340003", "JIBUN": "534-3답", "BCHK": "1" }, "geometry": { "type": "Polygon", "coordinates": [ [ [ 126.59957003288514, 36.865286707377351 ], [ 126.599851566718499, 36.865299005891032 ], [ 126.599917657571169, 36.86442841438334 ], [ 126.599613673136005, 36.864420906562025 ], [ 126.59957003288514, 36.865286707377351 ] ] ] } },
{ "type": "Feature", "properties": { "PNU": "4427034036105340004", "JIBUN": "534-4답", "BCHK": "1" }, "geometry": { "type": "Polygon", "coordinates": [ [ [ 126.599851566718499, 36.865299005891032 ], [ 126.600100072055312, 36.865300830480173 ], [ 126.600160770704562, 36.864431482278277 ], [ 126.599917657571169, 36.86442841438334 ], [ 126.599851566718499, 36.865299005891032 ] ] ] } },
{ "type": "Feature", "properties": { "PNU": "4427034036105340005", "JIBUN": "534-5답", "BCHK": "1" }, "geometry": { "type": "Polygon", "coordinates": [ [ [ 126.600404797349725, 36.86531753066334 ], [ 126.600465787436406, 36.864434576817779 ], [ 126.600160770704562, 36.864431482278277 ], [ 126.600100072055312, 36.865300830480173 ], [ 126.600404797349725, 36.86531753066334 ] ] ] } },
{ "type": "Feature", "properties": { "PNU": "4427034036105340006", "JIBUN": "534-6답", "BCHK": "1" }, "geometry": { "type": "Polygon", "coordinates": [ [ [ 126.600404797349725, 36.86531753066334 ], [ 126.600798574288731, 36.865332725947688 ], [ 126.600859224366886, 36.864449590534662 ], [ 126.600465787436406, 36.864434576817779 ], [ 126.600404797349725, 36.86531753066334 ] ] ] } },
{ "type": "Feature", "properties": { "PNU": "4427034036105340007", "JIBUN": "534-7답", "BCHK": "1" }, "geometry": { "type": "Polygon", "coordinates": [ [ [ 126.600798574288731, 36.865332725947688 ], [ 126.600934352391789, 36.865338586816179 ], [ 126.600994114044056, 36.864453465960992 ], [ 126.600859224366886, 36.864449590534662 ], [ 126.600798574288731, 36.865332725947688 ] ] ] } },
{ "type": "Feature", "properties": { "PNU": "4427034036105340008", "JIBUN": "534-8답", "BCHK": "1" }, "geometry": { "type": "Polygon", "coordinates": [ [ [ 126.601105686636345, 36.865343304912798 ], [ 126.60116004527751, 36.864461680152104 ], [ 126.600994114044056, 36.864453465960992 ], [ 126.600934352391789, 36.865338586816179 ], [ 126.601105686636345, 36.865343304912798 ] ] ] } },
{ "type": "Feature", "properties": { "PNU": "4427034036105340009", "JIBUN": "534-9잡", "BCHK": "1" }, "geometry": { "type": "Polygon", "coordinates": [ [ [ 126.601329671685292, 36.864579298777414 ], [ 126.601286079690965, 36.864659710513358 ], [ 126.601392391955798, 36.864703228027523 ], [ 126.601439477543778, 36.864619493893407 ], [ 126.601329671685292, 36.864579298777414 ] ] ] } },
{ "type": "Feature", "properties": { "PNU": "4427034036105340010", "JIBUN": "534-10답", "BCHK": "1" }, "geometry": { "type": "Polygon", "coordinates": [ [ [ 126.601105686636345, 36.865343304912798 ], [ 126.601434801649319, 36.865349631373945 ], [ 126.601488440297786, 36.864476384184634 ], [ 126.60116004527751, 36.864461680152104 ], [ 126.601105686636345, 36.865343304912798 ] ], [ [ 126.601329671685292, 36.864579298777414 ], [ 126.601439477543778, 36.864619493893407 ], [ 126.601392391955798, 36.864703228027523 ], [ 126.601286079690965, 36.864659710513358 ], [ 126.601329671685292, 36.864579298777414 ] ] ] } },
{ "type": "Feature", "properties": { "PNU": "4427034036105340011", "JIBUN": "534-11 답", "BCHK": "1" }, "geometry": { "type": "Polygon", "coordinates": [ [ [ 126.60165907448588, 36.864481657816192 ], [ 126.601488440297786, 36.864476384184634 ], [ 126.601434801649319, 36.865349631373945 ], [ 126.602105401615503, 36.865377461134656 ], [ 126.602152542777603, 36.864523114844729 ], [ 126.601759674429616, 36.864484769076334 ], [ 126.60165907448588, 36.864481657816192 ] ] ] } },
{ "type": "Feature", "properties": { "PNU": "4427034036105340012", "JIBUN": "534-12 답", "BCHK": "1" }, "geometry": { "type": "Polygon", "coordinates": [ [ [ 126.602152542777603, 36.864523114844729 ], [ 126.602105401615503, 36.865377461134656 ], [ 126.602521603843428, 36.865393536494999 ], [ 126.602560966104761, 36.864633147793462 ], [ 126.602330247890208, 36.864553353265997 ], [ 126.602152542777603, 36.864523114844729 ] ] ] } },
{ "type": "Feature", "properties": { "PNU": "4427034036105340013", "JIBUN": "534-13잡", "BCHK": "1" }, "geometry": { "type": "Polygon", "coordinates": [ [ [ 126.602974694981896, 36.86523699426138 ], [ 126.602940763842398, 36.86529274889169 ], [ 126.603010263904778, 36.865320373345327 ], [ 126.603046204304064, 36.865266427561444 ], [ 126.602974694981896, 36.86523699426138 ] ] ] } },
{ "type": "Feature", "properties": { "PNU": "4427034036105340014", "JIBUN": "534-14 답", "BCHK": "1" }, "geometry": { "type": "Polygon", "coordinates": [ [ [ 126.602521603843428, 36.865393536494999 ], [ 126.603323841722272, 36.865425663629281 ], [ 126.6030204071659, 36.864845073178515 ], [ 126.602560966104761, 36.864633147793462 ], [ 126.602521603843428, 36.865393536494999 ] ], [ [ 126.603010263904778, 36.865320373345327 ], [ 126.602940763842398, 36.86529274889169 ], [ 126.602974694981896, 36.86523699426138 ], [ 126.603046204304064, 36.865266427561444 ], [ 126.603010263904778, 36.865320373345327 ] ] ] } },
{ "type": "Feature", "properties": { "PNU": "4427034036105340017", "JIBUN": "534-17 구", "BCHK": "1" }, "geometry": { "type": "Polygon", "coordinates": [ [ [ 126.603323841722272, 36.865425663629281 ], [ 126.603368130182972, 36.865427441872647 ], [ 126.603243263553907, 36.865110293529774 ], [ 126.603191588541577, 36.865018570908568 ], [ 126.603077813269422, 36.86487789267705 ], [ 126.60292198620462, 36.864736804032596 ], [ 126.602807639942966, 36.864663525165362 ], [ 126.602663213151999, 36.864595282206714 ], [ 126.602625315976894, 36.864615520598697 ], [ 126.602589123707673, 36.864631349317889 ], [ 126.602560966104761, 36.864633147793462 ], [ 126.6030204071659, 36.864845073178515 ], [ 126.603323841722272, 36.865425663629281 ] ] ] } },
{ "type": "Feature", "properties": { "PNU": "4427034036105350001", "JIBUN": "535-1답", "BCHK": "1" }, "geometry": { "type": "Polygon", "coordinates": [ [ [ 126.59903655368538, 36.86539484822277 ], [ 126.598390492247006, 36.865371318894596 ], [ 126.598463143605443, 36.865439505648766 ], [ 126.59854458682598, 36.865520697640164 ], [ 126.598586977040867, 36.865563912390137 ], [ 126.598622257604603, 36.865615663552774 ], [ 126.598663898881767, 36.865695009449894 ], [ 126.598700339586841, 36.865717839514268 ], [ 126.598993935285819, 36.865740002519374 ], [ 126.599029504217214, 36.865607211366687 ], [ 126.59903655368538, 36.86539484822277 ] ] ] } },
{ "type": "Feature", "properties": { "PNU": "4427034036105350002", "JIBUN": "535-2답", "BCHK": "1" }, "geometry": { "type": "Polygon", "coordinates": [ [ [ 126.598390492247006, 36.865371318894596 ], [ 126.59903655368538, 36.86539484822277 ], [ 126.599073955952534, 36.864737538854747 ], [ 126.598461613360001, 36.864700606908613 ], [ 126.598425367265136, 36.864769598473806 ], [ 126.598236424346226, 36.865001984034095 ], [ 126.598175755343462, 36.865087653523098 ], [ 126.598178627833036, 36.865138935205216 ], [ 126.598227600765611, 36.865231551976557 ], [ 126.598275989053562, 36.865285780336308 ], [ 126.598390492247006, 36.865371318894596 ] ] ] } },
{ "type": "Feature", "properties": { "PNU": "4427034036105350003", "JIBUN": "535-3답", "BCHK": "1" }, "geometry": { "type": "Polygon", "coordinates": [ [ [ 126.599073955952534, 36.864737538854747 ], [ 126.599091826547038, 36.864406808840194 ], [ 126.599053503869285, 36.864400913055668 ], [ 126.598976449378156, 36.864338478823605 ], [ 126.598672106533371, 36.864313756573956 ], [ 126.598556388872026, 36.864310844128603 ], [ 126.598536265837652, 36.864363309941041 ], [ 126.598461613360001, 36.864700606908613 ], [ 126.599073955952534, 36.864737538854747 ] ] ] } },
{ "type": "Feature", "properties": { "PNU": "4427034036105360000", "JIBUN": "536 잡", "BCHK": "1" }, "geometry": { "type": "Polygon", "coordinates": [ [ [ 126.598439634406361, 36.864440099939017 ], [ 126.598261938885429, 36.864414820742525 ], [ 126.598307444199179, 36.864228322243925 ], [ 126.598043862939761, 36.864208556479866 ], [ 126.598061639743108, 36.864390816750387 ], [ 126.59828535515733, 36.864565210399967 ], [ 126.598316085809728, 36.864586129065636 ], [ 126.598345271680799, 36.864623712683041 ], [ 126.598377535847717, 36.864694646980453 ], [ 126.598439634406361, 36.864440099939017 ] ] ] } },
{ "type": "Feature", "properties": { "PNU": "4427034036105360001", "JIBUN": "536-1 대", "BCHK": "1" }, "geometry": { "type": "Polygon", "coordinates": [ [ [ 126.598439634406361, 36.864440099939017 ], [ 126.598488004119346, 36.864241860802053 ], [ 126.598307444199179, 36.864228322243925 ], [ 126.598261938885429, 36.864414820742525 ], [ 126.598439634406361, 36.864440099939017 ] ] ] } },
{ "type": "Feature", "properties": { "PNU": "4427034036105370001", "JIBUN": "537-1답", "BCHK": "1" }, "geometry": { "type": "Polygon", "coordinates": [ [ [ 126.605562483764885, 36.869522781293021 ], [ 126.605713368783029, 36.869471016957554 ], [ 126.605697413018092, 36.869455014934417 ], [ 126.605864317945645, 36.869340947979865 ], [ 126.605970809027724, 36.869263625900295 ], [ 126.606066412043248, 36.869166173473786 ], [ 126.606179264280527, 36.869029129985933 ], [ 126.606266898812578, 36.868954628863882 ], [ 126.606312330003902, 36.868928539091534 ], [ 126.606102910408993, 36.868457163670499 ], [ 126.605750266842179, 36.868441464085549 ], [ 126.60512239932585, 36.86842938514684 ], [ 126.605089039505472, 36.868439366908888 ], [ 126.605562483764885, 36.869522781293021 ] ] ] } },
{ "type": "Feature", "properties": { "PNU": "4427034036105370002", "JIBUN": "537-2답", "BCHK": "1" }, "geometry": { "type": "Polygon", "coordinates": [ [ [ 126.606360033300788, 36.868901141209108 ], [ 126.606414777934191, 36.868876271569398 ], [ 126.606425147439936, 36.868800343945928 ], [ 126.606546718553759, 36.868712618457501 ], [ 126.606616364555421, 36.86862472161252 ], [ 126.606676747015101, 36.868484080446045 ], [ 126.606161316215577, 36.868459762430909 ], [ 126.606360033300788, 36.868901141209108 ] ] ] } },
{ "type": "Feature", "properties": { "PNU": "4427034036105370003", "JIBUN": "537-3답", "BCHK": "1" }, "geometry": { "type": "Polygon", "coordinates": [ [ [ 126.606312330003902, 36.868928539091534 ], [ 126.606360033300788, 36.868901141209108 ], [ 126.606161316215577, 36.868459762430909 ], [ 126.606102910408993, 36.868457163670499 ], [ 126.606312330003902, 36.868928539091534 ] ] ] } },
{ "type": "Feature", "properties": { "PNU": "4427034036105380001", "JIBUN": "538-1답", "BCHK": "1" }, "geometry": { "type": "Polygon", "coordinates": [ [ [ 126.605047947762642, 36.868338759386532 ], [ 126.605467327684252, 36.868350780086701 ], [ 126.605519370835779, 36.86745211540137 ], [ 126.60467179510232, 36.867421465740001 ], [ 126.605047947762642, 36.868338759386532 ] ] ] } },
{ "type": "Feature", "properties": { "PNU": "4427034036105380002", "JIBUN": "538-2답", "BCHK": "1" }, "geometry": { "type": "Polygon", "coordinates": [ [ [ 126.60600352199765, 36.868371835662025 ], [ 126.606046151910036, 36.867470526480894 ], [ 126.605519370835779, 36.86745211540137 ], [ 126.605467327684252, 36.868350780086701 ], [ 126.60600352199765, 36.868371835662025 ] ] ] } },
{ "type": "Feature", "properties": { "PNU": "4427034036105380003", "JIBUN": "538-3답", "BCHK": "1" }, "geometry": { "type": "Polygon", "coordinates": [ [ [ 126.60600352199765, 36.868371835662025 ], [ 126.606720272220258, 36.868394115006971 ], [ 126.606734260008992, 36.86831234219693 ], [ 126.606735819191044, 36.868138797495881 ], [ 126.606718305199294, 36.867856969050521 ], [ 126.606677519015619, 36.867498561347318 ], [ 126.606046151910036, 36.867470526480894 ], [ 126.60600352199765, 36.868371835662025 ] ] ] } },
{ "type": "Feature", "properties": { "PNU": "4427034036105390001", "JIBUN": "539-1답", "BCHK": "1" }, "geometry": { "type": "Polygon", "coordinates": [ [ [ 126.60462492462554, 36.867310746701691 ], [ 126.604631181363558, 36.866485279205655 ], [ 126.604277626843924, 36.866476267348013 ], [ 126.60462492462554, 36.867310746701691 ] ] ] } },
{ "type": "Feature", "properties": { "PNU": "4427034036105390002", "JIBUN": "539-2답", "BCHK": "1" }, "geometry": { "type": "Polygon", "coordinates": [ [ [ 126.604661169630177, 36.867394037401624 ], [ 126.605053720419221, 36.86741002553066 ], [ 126.605100092146159, 36.866502781766997 ], [ 126.604631181363558, 36.866485279205655 ], [ 126.60462492462554, 36.867310746701691 ], [ 126.604661169630177, 36.867394037401624 ] ] ] } },
{ "type": "Feature", "properties": { "PNU": "4427034036105390003", "JIBUN": "539-3답", "BCHK": "1" }, "geometry": { "type": "Polygon", "coordinates": [ [ [ 126.605053720419221, 36.86741002553066 ], [ 126.605403788485461, 36.867421816934424 ], [ 126.605455868120984, 36.866516033648054 ], [ 126.605100092146159, 36.866502781766997 ], [ 126.605053720419221, 36.86741002553066 ] ] ] } },
{ "type": "Feature", "properties": { "PNU": "4427034036105390004", "JIBUN": "539-4답", "BCHK": "1" }, "geometry": { "type": "Polygon", "coordinates": [ [ [ 126.605403788485461, 36.867421816934424 ], [ 126.605518044478458, 36.867426429961384 ], [ 126.605569672802531, 36.866520915456768 ], [ 126.605455868120984, 36.866516033648054 ], [ 126.605403788485461, 36.867421816934424 ] ] ] } },
{ "type": "Feature", "properties": { "PNU": "4427034036105390005", "JIBUN": "539-5답", "BCHK": "1" }, "geometry": { "type": "Polygon", "coordinates": [ [ [ 126.605518044478458, 36.867426429961384 ], [ 126.606676550801822, 36.867468551870118 ], [ 126.606647810994914, 36.867188939092223 ], [ 126.606583604896102, 36.866826939838056 ], [ 126.60655267963682, 36.86655813287782 ], [ 126.60616517018299, 36.86654396853168 ], [ 126.605569672802531, 36.866520915456768 ], [ 126.605518044478458, 36.867426429961384 ] ] ] } },
{ "type": "Feature", "properties": { "PNU": "4427034036105400001", "JIBUN": "540-1답", "BCHK": "1" }, "geometry": { "type": "Polygon", "coordinates": [ [ [ 126.604224453823221, 36.866391929157437 ], [ 126.604253945741505, 36.866392477550008 ], [ 126.604294226895348, 36.865493684006474 ], [ 126.60385390438546, 36.865479156711977 ], [ 126.604224453823221, 36.866391929157437 ] ] ] } },
{ "type": "Feature", "properties": { "PNU": "4427034036105400002", "JIBUN": "540-2답", "BCHK": "1" }, "geometry": { "type": "Polygon", "coordinates": [ [ [ 126.604573524444362, 36.866400475763577 ], [ 126.604624868967036, 36.865508567056224 ], [ 126.604294226895348, 36.865493684006474 ], [ 126.604253945741505, 36.866392477550008 ], [ 126.604573524444362, 36.866400475763577 ] ] ] } },
{ "type": "Feature", "properties": { "PNU": "4427034036105400003", "JIBUN": "540-3답", "BCHK": "1" }, "geometry": { "type": "Polygon", "coordinates": [ [ [ 126.60493647021238, 36.866415104600101 ], [ 126.604992084946687, 36.865520686815984 ], [ 126.604624868967036, 36.865508567056224 ], [ 126.604573524444362, 36.866400475763577 ], [ 126.60493647021238, 36.866415104600101 ] ] ] } },
{ "type": "Feature", "properties": { "PNU": "4427034036105400004", "JIBUN": "540-4답", "BCHK": "1" }, "geometry": { "type": "Polygon", "coordinates": [ [ [ 126.605577377618502, 36.866439842855783 ], [ 126.605575917419856, 36.866352702647603 ], [ 126.60558511609176, 36.866242710001188 ], [ 126.605626482390733, 36.865545042797713 ], [ 126.604992084946687, 36.865520686815984 ], [ 126.60493647021238, 36.866415104600101 ], [ 126.605577377618502, 36.866439842855783 ] ] ] } },
{ "type": "Feature", "properties": { "PNU": "4427034036105400005", "JIBUN": "540-5잡", "BCHK": "1" }, "geometry": { "type": "Polygon", "coordinates": [ [ [ 126.60558511609176, 36.866242710001188 ], [ 126.605575917419856, 36.866352702647603 ], [ 126.605693796965994, 36.866372105355914 ], [ 126.605715547891833, 36.866263686043226 ], [ 126.60558511609176, 36.866242710001188 ] ] ] } },
{ "type": "Feature", "properties": { "PNU": "4427034036105400006", "JIBUN": "540-6전", "BCHK": "1" }, "geometry": { "type": "Polygon", "coordinates": [ [ [ 126.606082053823016, 36.865801466409472 ], [ 126.606032384395448, 36.865799229871243 ], [ 126.605945107717915, 36.865782541757241 ], [ 126.605838062827175, 36.865793722046405 ], [ 126.605839767438994, 36.865876988381572 ], [ 126.60587406116052, 36.866012986041085 ], [ 126.605899991613086, 36.866030102310582 ], [ 126.605963526578137, 36.866040314297216 ], [ 126.605932575713965, 36.86588657623691 ], [ 126.606068458806931, 36.865850260585098 ], [ 126.606082053823016, 36.865801466409472 ] ] ] } },
{ "type": "Feature", "properties": { "PNU": "4427034036105400007", "JIBUN": "540-7대", "BCHK": "1" }, "geometry": { "type": "Polygon", "coordinates": [ [ [ 126.606142023961581, 36.86580698086135 ], [ 126.606082053823016, 36.865801466409472 ], [ 126.606068458806931, 36.865850260585098 ], [ 126.605932575713965, 36.86588657623691 ], [ 126.605963526578137, 36.866040314297216 ], [ 126.606046096231907, 36.866056446198684 ], [ 126.606128620757687, 36.866081408574118 ], [ 126.606148201719861, 36.866068227205886 ], [ 126.606157901819515, 36.865860017369108 ], [ 126.606142023961581, 36.86580698086135 ] ] ] } },
{ "type": "Feature", "properties": { "PNU": "4427034036105400008", "JIBUN": "540-8답", "BCHK": "1" }, "geometry": { "type": "Polygon", "coordinates": [ [ [ 126.605577377618502, 36.866439842855783 ], [ 126.606214478972788, 36.866463303566519 ], [ 126.606268179315691, 36.86556752719909 ], [ 126.606156242357784, 36.865570491710692 ], [ 126.606142023961581, 36.86580698086135 ], [ 126.606157901819515, 36.865860017369108 ], [ 126.606148201719861, 36.866068227205886 ], [ 126.606128620757687, 36.866081408574118 ], [ 126.606046096231907, 36.866056446198684 ], [ 126.605963526578137, 36.866040314297216 ], [ 126.605899991613086, 36.866030102310582 ], [ 126.60587406116052, 36.866012986041085 ], [ 126.605839767438994, 36.865876988381572 ], [ 126.605838062827175, 36.865793722046405 ], [ 126.605945107717915, 36.865782541757241 ], [ 126.606032384395448, 36.865799229871243 ], [ 126.606082053823016, 36.865801466409472 ], [ 126.606108289344135, 36.865561592806117 ], [ 126.605626482390733, 36.865545042797713 ], [ 126.60558511609176, 36.866242710001188 ], [ 126.605715547891833, 36.866263686043226 ], [ 126.605693796965994, 36.866372105355914 ], [ 126.605575917419856, 36.866352702647603 ], [ 126.605577377618502, 36.866439842855783 ] ] ] } },
{ "type": "Feature", "properties": { "PNU": "4427034036105400009", "JIBUN": "540-9답", "BCHK": "1" }, "geometry": { "type": "Polygon", "coordinates": [ [ [ 126.606214478972788, 36.866463303566519 ], [ 126.606543011450213, 36.866474930402553 ], [ 126.606535270494021, 36.866168173900704 ], [ 126.606539743593899, 36.8659292196282 ], [ 126.606556790818516, 36.865665616955923 ], [ 126.606556564021332, 36.865578300595644 ], [ 126.606268179315691, 36.86556752719909 ], [ 126.606214478972788, 36.866463303566519 ] ] ] } },
{ "type": "Feature", "properties": { "PNU": "4427034036105410001", "JIBUN": "541-1답", "BCHK": "1" }, "geometry": { "type": "Polygon", "coordinates": [ [ [ 126.603639963740974, 36.864993209124897 ], [ 126.603647542243507, 36.864370491032865 ], [ 126.60304466770134, 36.864346139307123 ], [ 126.603070919207269, 36.864387766911634 ], [ 126.603220139845376, 36.864505044617957 ], [ 126.603469593849553, 36.864779535134467 ], [ 126.603631770785768, 36.864994443427157 ], [ 126.603639963740974, 36.864993209124897 ] ] ] } },
{ "type": "Feature", "properties": { "PNU": "4427034036105410002", "JIBUN": "541-2답", "BCHK": "1" }, "geometry": { "type": "Polygon", "coordinates": [ [ [ 126.603925356830032, 36.865432537311051 ], [ 126.60399412348535, 36.864381554099744 ], [ 126.603647542243507, 36.864370491032865 ], [ 126.603639963740974, 36.864993209124897 ], [ 126.603683455265866, 36.865040841067902 ], [ 126.603837801593542, 36.865426569695309 ], [ 126.603925356830032, 36.865432537311051 ] ] ] } },
{ "type": "Feature", "properties": { "PNU": "4427034036105410003", "JIBUN": "541-3답", "BCHK": "1" }, "geometry": { "type": "Polygon", "coordinates": [ [ [ 126.604230211921575, 36.865446074306512 ], [ 126.604297282095104, 36.864397067680727 ], [ 126.60399412348535, 36.864381554099744 ], [ 126.603925356830032, 36.865432537311051 ], [ 126.604230211921575, 36.865446074306512 ] ] ] } },
{ "type": "Feature", "properties": { "PNU": "4427034036105410004", "JIBUN": "541-4답", "BCHK": "1" }, "geometry": { "type": "Polygon", "coordinates": [ [ [ 126.604230211921575, 36.865446074306512 ], [ 126.604507038527757, 36.865458075851514 ], [ 126.604568503821071, 36.86440787906497 ], [ 126.604297282095104, 36.864397067680727 ], [ 126.604230211921575, 36.865446074306512 ] ] ] } },
{ "type": "Feature", "properties": { "PNU": "4427034036105410005", "JIBUN": "541-5답", "BCHK": "1" }, "geometry": { "type": "Polygon", "coordinates": [ [ [ 126.604692479401734, 36.865467521216004 ], [ 126.604746105140663, 36.86441477530078 ], [ 126.604568503821071, 36.86440787906497 ], [ 126.604507038527757, 36.865458075851514 ], [ 126.604692479401734, 36.865467521216004 ] ] ] } },
{ "type": "Feature", "properties": { "PNU": "4427034036105410006", "JIBUN": "541-6답", "BCHK": "1" }, "geometry": { "type": "Polygon", "coordinates": [ [ [ 126.604692479401734, 36.865467521216004 ], [ 126.604873551791684, 36.865475960622277 ], [ 126.604913945011972, 36.864422630140467 ], [ 126.604746105140663, 36.86441477530078 ], [ 126.604692479401734, 36.865467521216004 ] ] ] } },
{ "type": "Feature", "properties": { "PNU": "4427034036105410007", "JIBUN": "541-7답", "BCHK": "1" }, "geometry": { "type": "Polygon", "coordinates": [ [ [ 126.605156544233736, 36.865488431623646 ], [ 126.605206034214049, 36.864431797111322 ], [ 126.604913945011972, 36.864422630140467 ], [ 126.604873551791684, 36.865475960622277 ], [ 126.605156544233736, 36.865488431623646 ] ] ] } },
{ "type": "Feature", "properties": { "PNU": "4427034036105410008", "JIBUN": "541-8답", "BCHK": "1" }, "geometry": { "type": "Polygon", "coordinates": [ [ [ 126.605156544233736, 36.865488431623646 ], [ 126.605631398240348, 36.865504870440446 ], [ 126.605690219054537, 36.864442499583305 ], [ 126.605206034214049, 36.864431797111322 ], [ 126.605156544233736, 36.865488431623646 ] ] ] } },
{ "type": "Feature", "properties": { "PNU": "4427034036105410009", "JIBUN": "541-9답", "BCHK": "1" }, "geometry": { "type": "Polygon", "coordinates": [ [ [ 126.605631398240348, 36.865504870440446 ], [ 126.606114546524694, 36.865522235838341 ], [ 126.606127576282603, 36.865496237363033 ], [ 126.606186703865291, 36.865491026039983 ], [ 126.606257659747442, 36.864422558517155 ], [ 126.60570974191964, 36.864396788739271 ], [ 126.605705016334738, 36.864443629802956 ], [ 126.605690219054537, 36.864442499583305 ], [ 126.605631398240348, 36.865504870440446 ] ] ] } },
{ "type": "Feature", "properties": { "PNU": "4427034036105420001", "JIBUN": "542-1 목", "BCHK": "1" }, "geometry": { "type": "Polygon", "coordinates": [ [ [ 126.6062298374124, 36.865499368350015 ], [ 126.606329009182943, 36.865492577064529 ], [ 126.606332186525549, 36.865401919881549 ], [ 126.606334523436757, 36.865335264959789 ], [ 126.606397906748469, 36.865111733476766 ], [ 126.606467683969086, 36.865107278023579 ], [ 126.606495918528594, 36.864936794828871 ], [ 126.606279334646857, 36.86492103197341 ], [ 126.606269153767116, 36.864938209189418 ], [ 126.6062298374124, 36.865499368350015 ] ] ] } },
{ "type": "Feature", "properties": { "PNU": "4427034036105420002", "JIBUN": "542-2 답", "BCHK": "1" }, "geometry": { "type": "Polygon", "coordinates": [ [ [ 126.606495918528594, 36.864936794828871 ], [ 126.606703961339988, 36.864934146893951 ], [ 126.606898956761569, 36.86445568004735 ], [ 126.606310465933447, 36.864425264867648 ], [ 126.606279334646857, 36.86492103197341 ], [ 126.606497428416063, 36.864926617492458 ], [ 126.606495918528594, 36.864936794828871 ] ] ] } },
{ "type": "Feature", "properties": { "PNU": "4427034036105420003", "JIBUN": "542-3 답", "BCHK": "1" }, "geometry": { "type": "Polygon", "coordinates": [ [ [ 126.606495918528594, 36.864936794828871 ], [ 126.606497428416063, 36.864926617492458 ], [ 126.606279334646857, 36.86492103197341 ], [ 126.606495918528594, 36.864936794828871 ] ] ] } },
{ "type": "Feature", "properties": { "PNU": "4427034036105430001", "JIBUN": "543-1답", "BCHK": "1" }, "geometry": { "type": "Polygon", "coordinates": [ [ [ 126.60148351761822, 36.864084033171295 ], [ 126.60153413087906, 36.863231680954378 ], [ 126.600450010643044, 36.863195615338228 ], [ 126.600394089526148, 36.864031189012074 ], [ 126.600892522884521, 36.864061692622698 ], [ 126.60148351761822, 36.864084033171295 ] ] ] } },
{ "type": "Feature", "properties": { "PNU": "4427034036105430002", "JIBUN": "543-2답", "BCHK": "1" }, "geometry": { "type": "Polygon", "coordinates": [ [ [ 126.600450010643044, 36.863195615338228 ], [ 126.60153413087906, 36.863231680954378 ], [ 126.601561190362631, 36.862878453895547 ], [ 126.600459695248389, 36.862841969906064 ], [ 126.600450010643044, 36.863195615338228 ] ] ] } },
{ "type": "Feature", "properties": { "PNU": "4427034036105430003", "JIBUN": "543-3답", "BCHK": "1" }, "geometry": { "type": "Polygon", "coordinates": [ [ [ 126.600459695248389, 36.862841969906064 ], [ 126.601561190362631, 36.862878453895547 ], [ 126.60157774028724, 36.862605749172673 ], [ 126.600474688001228, 36.862567548058422 ], [ 126.600459695248389, 36.862841969906064 ] ] ] } },
{ "type": "Feature", "properties": { "PNU": "4427034036105430004", "JIBUN": "543-4답", "BCHK": "1" }, "geometry": { "type": "Polygon", "coordinates": [ [ [ 126.600474688001228, 36.862567548058422 ], [ 126.60157774028724, 36.862605749172673 ], [ 126.601589923640063, 36.86233167821527 ], [ 126.600489554008817, 36.862295919151109 ], [ 126.600474688001228, 36.862567548058422 ] ] ] } },
{ "type": "Feature", "properties": { "PNU": "4427034036105430005", "JIBUN": "543-5답", "BCHK": "1" }, "geometry": { "type": "Polygon", "coordinates": [ [ [ 126.601589923640063, 36.86233167821527 ], [ 126.601603370514567, 36.862181871814535 ], [ 126.600498755290928, 36.862143485499047 ], [ 126.600489554008817, 36.862295919151109 ], [ 126.601589923640063, 36.86233167821527 ] ] ] } },
{ "type": "Feature", "properties": { "PNU": "4427034036105430006", "JIBUN": "543-6답", "BCHK": "1" }, "geometry": { "type": "Polygon", "coordinates": [ [ [ 126.600499210822022, 36.862135656550379 ], [ 126.600498755290928, 36.862143485499047 ], [ 126.601603370514567, 36.862181871814535 ], [ 126.601625802805671, 36.861786494238395 ], [ 126.601620483118865, 36.861691916051534 ], [ 126.601572160760369, 36.861689952481115 ], [ 126.601393232941916, 36.861767299031584 ], [ 126.601191156137489, 36.861853849149966 ], [ 126.600788601938859, 36.862021006505543 ], [ 126.600499210822022, 36.862135656550379 ] ] ] } },
{ "type": "Feature", "properties": { "PNU": "4427034036105430007", "JIBUN": "543-7답", "BCHK": "1" }, "geometry": { "type": "Polygon", "coordinates": [ [ [ 126.600528031682103, 36.861644739960603 ], [ 126.601631256335068, 36.861690420176238 ], [ 126.601645368327851, 36.861433656546311 ], [ 126.600543779888142, 36.86139753350654 ], [ 126.600528031682103, 36.861644739960603 ] ] ] } },
{ "type": "Feature", "properties": { "PNU": "4427034036105430008", "JIBUN": "543-8 답", "BCHK": "1" }, "geometry": { "type": "Polygon", "coordinates": [ [ [ 126.601625802805671, 36.861786494238395 ], [ 126.601631256335068, 36.861690420176238 ], [ 126.600528031682103, 36.861644739960603 ], [ 126.600499210822022, 36.862135656550379 ], [ 126.600788601938859, 36.862021006505543 ], [ 126.601191156137489, 36.861853849149966 ], [ 126.601393232941916, 36.861767299031584 ], [ 126.601572160760369, 36.861689952481115 ], [ 126.601620483118865, 36.861691916051534 ], [ 126.601625802805671, 36.861786494238395 ] ] ] } },
{ "type": "Feature", "properties": { "PNU": "4427034036105440001", "JIBUN": "544-1 답", "BCHK": "1" }, "geometry": { "type": "Polygon", "coordinates": [ [ [ 126.601586042711062, 36.864092097992945 ], [ 126.60269180905199, 36.864138975380094 ], [ 126.602714404176325, 36.863824119666859 ], [ 126.601601130628794, 36.863768206526025 ], [ 126.601586042711062, 36.864092097992945 ] ] ] } },
{ "type": "Feature", "properties": { "PNU": "4427034036105440002", "JIBUN": "544-2 답", "BCHK": "1" }, "geometry": { "type": "Polygon", "coordinates": [ [ [ 126.601601130628794, 36.863768206526025 ], [ 126.602714404176325, 36.863824119666859 ], [ 126.602729251853688, 36.863554562962868 ], [ 126.60162035605984, 36.863500764129277 ], [ 126.601601130628794, 36.863768206526025 ] ] ] } },
{ "type": "Feature", "properties": { "PNU": "4427034036105440003", "JIBUN": "544-3 답", "BCHK": "1" }, "geometry": { "type": "Polygon", "coordinates": [ [ [ 126.60162035605984, 36.863500764129277 ], [ 126.602729251853688, 36.863554562962868 ], [ 126.602737753707359, 36.86340645206171 ], [ 126.601624622545771, 36.863365371570204 ], [ 126.60162035605984, 36.863500764129277 ] ] ] } },
{ "type": "Feature", "properties": { "PNU": "4427034036105440004", "JIBUN": "544-4 답", "BCHK": "1" }, "geometry": { "type": "Polygon", "coordinates": [ [ [ 126.601624622545771, 36.863365371570204 ], [ 126.602737753707359, 36.86340645206171 ], [ 126.602743337671143, 36.863280498256543 ], [ 126.60162751883766, 36.863236876782217 ], [ 126.601624622545771, 36.863365371570204 ] ] ] } },
{ "type": "Feature", "properties": { "PNU": "4427034036105440005", "JIBUN": "544-5 답", "BCHK": "1" }, "geometry": { "type": "Polygon", "coordinates": [ [ [ 126.60162751883766, 36.863236876782217 ], [ 126.602743337671143, 36.863280498256543 ], [ 126.602770046084018, 36.862885549265044 ], [ 126.601656778257293, 36.862844162265269 ], [ 126.60162751883766, 36.863236876782217 ] ] ] } },
{ "type": "Feature", "properties": { "PNU": "4427034036105440006", "JIBUN": "544-6 답", "BCHK": "1" }, "geometry": { "type": "Polygon", "coordinates": [ [ [ 126.601656778257293, 36.862844162265269 ], [ 126.602770046084018, 36.862885549265044 ], [ 126.602783696671167, 36.862630586186278 ], [ 126.601666397877608, 36.862588726305781 ], [ 126.601656778257293, 36.862844162265269 ] ] ] } },
{ "type": "Feature", "properties": { "PNU": "4427034036105440007", "JIBUN": "544-7 답", "BCHK": "1" }, "geometry": { "type": "Polygon", "coordinates": [ [ [ 126.601666397877608, 36.862588726305781 ], [ 126.602783696671167, 36.862630586186278 ], [ 126.602798572329633, 36.862377249136429 ], [ 126.60168010893004, 36.862333610367095 ], [ 126.601666397877608, 36.862588726305781 ] ] ] } },
{ "type": "Feature", "properties": { "PNU": "4427034036105440008", "JIBUN": "544-8 답", "BCHK": "1" }, "geometry": { "type": "Polygon", "coordinates": [ [ [ 126.60168010893004, 36.862333610367095 ], [ 126.602798572329633, 36.862377249136429 ], [ 126.602810322381615, 36.862186347225759 ], [ 126.601692026126415, 36.862145619652665 ], [ 126.60168010893004, 36.862333610367095 ] ] ] } },
{ "type": "Feature", "properties": { "PNU": "4427034036105440009", "JIBUN": "544-9 답", "BCHK": "1" }, "geometry": { "type": "Polygon", "coordinates": [ [ [ 126.601692026126415, 36.862145619652665 ], [ 126.602810322381615, 36.862186347225759 ], [ 126.602818387738836, 36.862014085609296 ], [ 126.601701542722921, 36.861972948461656 ], [ 126.601692026126415, 36.862145619652665 ] ] ] } },
{ "type": "Feature", "properties": { "PNU": "4427034036105440010", "JIBUN": "544-10 답", "BCHK": "1" }, "geometry": { "type": "Polygon", "coordinates": [ [ [ 126.601701542722921, 36.861972948461656 ], [ 126.602818387738836, 36.862014085609296 ], [ 126.602823090912267, 36.861928407576578 ], [ 126.601709610277354, 36.861887479949104 ], [ 126.601701542722921, 36.861972948461656 ] ] ] } },
{ "type": "Feature", "properties": { "PNU": "4427034036105440011", "JIBUN": "544-11 답", "BCHK": "1" }, "geometry": { "type": "Polygon", "coordinates": [ [ [ 126.601729494665904, 36.861676763286241 ], [ 126.601709610277354, 36.861887479949104 ], [ 126.602823090912267, 36.861928407576578 ], [ 126.602837079862184, 36.861672995030951 ], [ 126.601808091404138, 36.861636026062264 ], [ 126.601808046455602, 36.861636043934041 ], [ 126.601729494665904, 36.861676763286241 ] ] ] } },
{ "type": "Feature", "properties": { "PNU": "4427034036105440012", "JIBUN": "544-12 답", "BCHK": "1" }, "geometry": { "type": "Polygon", "coordinates": [ [ [ 126.601808091404138, 36.861636026062264 ], [ 126.602837079862184, 36.861672995030951 ], [ 126.602848285265324, 36.861478937463446 ], [ 126.602360682367859, 36.86146065191754 ], [ 126.602360672180083, 36.861462625271592 ], [ 126.602222856726371, 36.861461715250037 ], [ 126.602015893197432, 36.86153941979849 ], [ 126.60181906583145, 36.861630313738644 ], [ 126.601808091404138, 36.861636026062264 ] ] ] } },
{ "type": "Feature", "properties": { "PNU": "4427034036105440013", "JIBUN": "544-13 구", "BCHK": "1" }, "geometry": { "type": "Polygon", "coordinates": [ [ [ 126.601582163391114, 36.86409193185056 ], [ 126.601586042711062, 36.864092097992945 ], [ 126.601601130628794, 36.863768206526025 ], [ 126.601590120990039, 36.863767656133241 ], [ 126.60157094447402, 36.864049453039627 ], [ 126.601582163391114, 36.86409193185056 ] ] ] } },
{ "type": "Feature", "properties": { "PNU": "4427034036105440014", "JIBUN": "544-14 구", "BCHK": "1" }, "geometry": { "type": "Polygon", "coordinates": [ [ [ 126.601590120990039, 36.863767656133241 ], [ 126.601601130628794, 36.863768206526025 ], [ 126.60162035605984, 36.863500764129277 ], [ 126.601608438256065, 36.863500183672578 ], [ 126.601590120990039, 36.863767656133241 ] ] ] } },
{ "type": "Feature", "properties": { "PNU": "4427034036105440015", "JIBUN": "544-15 구", "BCHK": "1" }, "geometry": { "type": "Polygon", "coordinates": [ [ [ 126.601608438256065, 36.863500183672578 ], [ 126.60162035605984, 36.863500764129277 ], [ 126.601624622545771, 36.863365371570204 ], [ 126.601613174962438, 36.863364945869712 ], [ 126.601608438256065, 36.863500183672578 ] ] ] } },
{ "type": "Feature", "properties": { "PNU": "4427034036105440016", "JIBUN": "544-16 구", "BCHK": "1" }, "geometry": { "type": "Polygon", "coordinates": [ [ [ 126.601613174962438, 36.863364945869712 ], [ 126.601624622545771, 36.863365371570204 ], [ 126.60162751883766, 36.863236876782217 ], [ 126.601619446196707, 36.86323656147335 ], [ 126.601613174962438, 36.863364945869712 ] ] ] } },
{ "type": "Feature", "properties": { "PNU": "4427034036105440017", "JIBUN": "544-17 구", "BCHK": "1" }, "geometry": { "type": "Polygon", "coordinates": [ [ [ 126.601619446196707, 36.86323656147335 ], [ 126.60162751883766, 36.863236876782217 ], [ 126.601656778257293, 36.862844162265269 ], [ 126.601638300775562, 36.862843478808152 ], [ 126.601619446196707, 36.86323656147335 ] ] ] } },
{ "type": "Feature", "properties": { "PNU": "4427034036105440018", "JIBUN": "544-18 구", "BCHK": "1" }, "geometry": { "type": "Polygon", "coordinates": [ [ [ 126.601638300775562, 36.862843478808152 ], [ 126.601656778257293, 36.862844162265269 ], [ 126.601666397877608, 36.862588726305781 ], [ 126.601653638607402, 36.862588251174806 ], [ 126.601638300775562, 36.862843478808152 ] ] ] } },
{ "type": "Feature", "properties": { "PNU": "4427034036105440019", "JIBUN": "544-19 구", "BCHK": "1" }, "geometry": { "type": "Polygon", "coordinates": [ [ [ 126.601653638607402, 36.862588251174806 ], [ 126.601666397877608, 36.862588726305781 ], [ 126.60168010893004, 36.862333610367095 ], [ 126.601672339113605, 36.862333305084114 ], [ 126.601653638607402, 36.862588251174806 ] ] ] } },
{ "type": "Feature", "properties": { "PNU": "4427034036105440020", "JIBUN": "544-20 구", "BCHK": "1" }, "geometry": { "type": "Polygon", "coordinates": [ [ [ 126.601672339113605, 36.862333305084114 ], [ 126.60168010893004, 36.862333610367095 ], [ 126.601692026126415, 36.862145619652665 ], [ 126.601677349630052, 36.862145084057225 ], [ 126.601672339113605, 36.862333305084114 ] ] ] } },
{ "type": "Feature", "properties": { "PNU": "4427034036105440021", "JIBUN": "544-21 구", "BCHK": "1" }, "geometry": { "type": "Polygon", "coordinates": [ [ [ 126.601677349630052, 36.862145084057225 ], [ 126.601692026126415, 36.862145619652665 ], [ 126.601701542722921, 36.861972948461656 ], [ 126.601688671415928, 36.861972472960566 ], [ 126.601677349630052, 36.862145084057225 ] ] ] } },
{ "type": "Feature", "properties": { "PNU": "4427034036105440022", "JIBUN": "544-22 구", "BCHK": "1" }, "geometry": { "type": "Polygon", "coordinates": [ [ [ 126.601688671415928, 36.861972472960566 ], [ 126.601701542722921, 36.861972948461656 ], [ 126.601709610277354, 36.861887479949104 ], [ 126.601696178384032, 36.861886984555305 ], [ 126.601688671415928, 36.861972472960566 ] ] ] } },
{ "type": "Feature", "properties": { "PNU": "4427034036105440023", "JIBUN": "544-23 구", "BCHK": "1" }, "geometry": { "type": "Polygon", "coordinates": [ [ [ 126.601696178384032, 36.861886984555305 ], [ 126.601709610277354, 36.861887479949104 ], [ 126.601733588023137, 36.861633344397255 ], [ 126.601712072301098, 36.861632569710316 ], [ 126.601696178384032, 36.861886984555305 ] ] ] } },
{ "type": "Feature", "properties": { "PNU": "4427034036105440024", "JIBUN": "544-24 구", "BCHK": "1" }, "geometry": { "type": "Polygon", "coordinates": [ [ [ 126.601712072301098, 36.861632569710316 ], [ 126.601733588023137, 36.861633344397255 ], [ 126.601753090669092, 36.86143787289609 ], [ 126.601727325899475, 36.861436903808304 ], [ 126.601712072301098, 36.861632569710316 ] ] ] } },
{ "type": "Feature", "properties": { "PNU": "4427034036105440025", "JIBUN": "544-25 답", "BCHK": "1" }, "geometry": { "type": "Polygon", "coordinates": [ [ [ 126.601733588023137, 36.861633344397255 ], [ 126.601729494665904, 36.861676763286241 ], [ 126.601808046455602, 36.861636043934041 ], [ 126.601808091404138, 36.861636026062264 ], [ 126.601733588023137, 36.861633344397255 ] ] ] } },
{ "type": "Feature", "properties": { "PNU": "4427034036105440026", "JIBUN": "544-26 답", "BCHK": "1" }, "geometry": { "type": "Polygon", "coordinates": [ [ [ 126.601733588023137, 36.861633344397255 ], [ 126.601808091404138, 36.861636026062264 ], [ 126.60181906583145, 36.861630313738644 ], [ 126.602015893197432, 36.86153941979849 ], [ 126.602222856726371, 36.861461715250037 ], [ 126.602360672180083, 36.861462625271592 ], [ 126.602360682367859, 36.86146065191754 ], [ 126.601753090669092, 36.86143787289609 ], [ 126.601733588023137, 36.861633344397255 ] ] ] } },
{ "type": "Feature", "properties": { "PNU": "4427034036105450001", "JIBUN": "545-1 창", "BCHK": "1" }, "geometry": { "type": "Polygon", "coordinates": [ [ [ 126.603869256353747, 36.864107929004426 ], [ 126.603354381887314, 36.864090349890525 ], [ 126.603344219306749, 36.86421927109275 ], [ 126.603859058257925, 36.864237381777748 ], [ 126.603869256353747, 36.864107929004426 ] ] ] } },
{ "type": "Feature", "properties": { "PNU": "4427034036105450002", "JIBUN": "545-2답", "BCHK": "1" }, "geometry": { "type": "Polygon", "coordinates": [ [ [ 126.602837377351733, 36.864072689367674 ], [ 126.603869256353747, 36.864107929004426 ], [ 126.603878393287189, 36.86390133939237 ], [ 126.602849324780749, 36.863865298217242 ], [ 126.602837377351733, 36.864072689367674 ] ] ] } },
{ "type": "Feature", "properties": { "PNU": "4427034036105450003", "JIBUN": "545-3답", "BCHK": "1" }, "geometry": { "type": "Polygon", "coordinates": [ [ [ 126.602849324780749, 36.863865298217242 ], [ 126.603878393287189, 36.86390133939237 ], [ 126.603895572407652, 36.863613768474863 ], [ 126.602865838616211, 36.863577004369901 ], [ 126.602849324780749, 36.863865298217242 ] ] ] } },
{ "type": "Feature", "properties": { "PNU": "4427034036105450004", "JIBUN": "545-4답", "BCHK": "1" }, "geometry": { "type": "Polygon", "coordinates": [ [ [ 126.602865838616211, 36.863577004369901 ], [ 126.603895572407652, 36.863613768474863 ], [ 126.603912425161695, 36.863324214058522 ], [ 126.602886299083025, 36.863284488520819 ], [ 126.602865838616211, 36.863577004369901 ] ] ] } },
{ "type": "Feature", "properties": { "PNU": "4427034036105450005", "JIBUN": "545-5답", "BCHK": "1" }, "geometry": { "type": "Polygon", "coordinates": [ [ [ 126.603912425161695, 36.863324214058522 ], [ 126.603944445855532, 36.862789162895297 ], [ 126.602918193399091, 36.862753582243656 ], [ 126.602886299083025, 36.863284488520819 ], [ 126.603912425161695, 36.863324214058522 ] ] ] } },
{ "type": "Feature", "properties": { "PNU": "4427034036105450006", "JIBUN": "545-6답", "BCHK": "1" }, "geometry": { "type": "Polygon", "coordinates": [ [ [ 126.602918193399091, 36.862753582243656 ], [ 126.603944445855532, 36.862789162895297 ], [ 126.603953264985037, 36.862600684090239 ], [ 126.602926296214221, 36.862574021929454 ], [ 126.602918193399091, 36.862753582243656 ] ] ] } },
{ "type": "Feature", "properties": { "PNU": "4427034036105450007", "JIBUN": "545-7답", "BCHK": "1" }, "geometry": { "type": "Polygon", "coordinates": [ [ [ 126.603953264985037, 36.862600684090239 ], [ 126.603963262465797, 36.862422932165302 ], [ 126.602939160410315, 36.862384475355697 ], [ 126.602926296214221, 36.862574021929454 ], [ 126.603953264985037, 36.862600684090239 ] ] ] } },
{ "type": "Feature", "properties": { "PNU": "4427034036105450008", "JIBUN": "545-8답", "BCHK": "1" }, "geometry": { "type": "Polygon", "coordinates": [ [ [ 126.602939160410315, 36.862384475355697 ], [ 126.603963262465797, 36.862422932165302 ], [ 126.603976694053728, 36.862253391556955 ], [ 126.602945510433642, 36.862218605767275 ], [ 126.602939160410315, 36.862384475355697 ] ] ] } },
{ "type": "Feature", "properties": { "PNU": "4427034036105450009", "JIBUN": "545-9답", "BCHK": "1" }, "geometry": { "type": "Polygon", "coordinates": [ [ [ 126.603976694053728, 36.862253391556955 ], [ 126.604006744396642, 36.861708782178127 ], [ 126.602980164823506, 36.861674192206635 ], [ 126.602945510433642, 36.862218605767275 ], [ 126.603976694053728, 36.862253391556955 ] ] ] } },
{ "type": "Feature", "properties": { "PNU": "4427034036105450010", "JIBUN": "545-10답", "BCHK": "1" }, "geometry": { "type": "Polygon", "coordinates": [ [ [ 126.604006744396642, 36.861708782178127 ], [ 126.604019880499067, 36.861487608079841 ], [ 126.602990419867695, 36.861446881224886 ], [ 126.602980164823506, 36.861674192206635 ], [ 126.604006744396642, 36.861708782178127 ] ] ] } },
{ "type": "Feature", "properties": { "PNU": "4427034036105450011", "JIBUN": "545-11 답", "BCHK": "1" }, "geometry": { "type": "Polygon", "coordinates": [ [ [ 126.603354381887314, 36.864090349890525 ], [ 126.602837377351733, 36.864072689367674 ], [ 126.602840586098793, 36.864189841753984 ], [ 126.603038536228325, 36.864208522459016 ], [ 126.603344219306749, 36.86421927109275 ], [ 126.603354381887314, 36.864090349890525 ] ] ] } },
{ "type": "Feature", "properties": { "PNU": "4427034036105460001", "JIBUN": "546-1전", "BCHK": "1" }, "geometry": { "type": "Polygon", "coordinates": [ [ [ 126.604495240346225, 36.864261479373333 ], [ 126.60461892929753, 36.864284506766801 ], [ 126.604999945404245, 36.864294239286139 ], [ 126.60497694857068, 36.864208199141636 ], [ 126.604932317826666, 36.864207690902518 ], [ 126.604761638808839, 36.86425055805357 ], [ 126.604572735278268, 36.864260835196681 ], [ 126.604487346269025, 36.864248207176047 ], [ 126.604495240346225, 36.864261479373333 ] ] ] } },
{ "type": "Feature", "properties": { "PNU": "4427034036105460002", "JIBUN": "546-2 전", "BCHK": "1" }, "geometry": { "type": "Polygon", "coordinates": [ [ [ 126.604495240346225, 36.864261479373333 ], [ 126.604487346269025, 36.864248207176047 ], [ 126.604478376277669, 36.86424790710759 ], [ 126.604380758736312, 36.864083404787763 ], [ 126.604313694932159, 36.864061916625168 ], [ 126.604339238393464, 36.863953338898398 ], [ 126.604339490706735, 36.863952249416272 ], [ 126.60433972022129, 36.863951231945741 ], [ 126.604345454935242, 36.863926407912807 ], [ 126.604376756665047, 36.863814596338834 ], [ 126.603961351709955, 36.863797719157645 ], [ 126.603936627771802, 36.864200424334726 ], [ 126.603945964772862, 36.864238391226344 ], [ 126.604495240346225, 36.864261479373333 ] ] ] } },
{ "type": "Feature", "properties": { "PNU": "4427034036105460003", "JIBUN": "546-3답", "BCHK": "1" }, "geometry": { "type": "Polygon", "coordinates": [ [ [ 126.604364038308319, 36.863926181199894 ], [ 126.604369006559182, 36.863926125590552 ], [ 126.604491250347962, 36.863924728781825 ], [ 126.604516659167473, 36.863912197762509 ], [ 126.604517468539811, 36.863623545233978 ], [ 126.604517476220622, 36.863622049449781 ], [ 126.604517479505802, 36.863621409686679 ], [ 126.604520280376505, 36.863403544380809 ], [ 126.604520295338389, 36.863402814547364 ], [ 126.604521822542253, 36.863343446777961 ], [ 126.604372933393634, 36.863292672239801 ], [ 126.604310725709638, 36.863090081047389 ], [ 126.604006048179855, 36.863087448058707 ], [ 126.603961351709955, 36.863797719157645 ], [ 126.604376756665047, 36.863814596338834 ], [ 126.604345454935242, 36.863926407912807 ], [ 126.604364038308319, 36.863926181199894 ] ] ] } },
{ "type": "Feature", "properties": { "PNU": "4427034036105460004", "JIBUN": "546-4답", "BCHK": "1" }, "geometry": { "type": "Polygon", "coordinates": [ [ [ 126.604757089297024, 36.863148509730095 ], [ 126.604906286736664, 36.863139182090841 ], [ 126.604923108755727, 36.863139057587105 ], [ 126.605082964137836, 36.863128863933447 ], [ 126.605100583613051, 36.863126309100977 ], [ 126.605129905271497, 36.862547365544501 ], [ 126.604037284913048, 36.862508421037916 ], [ 126.604006048179855, 36.863087448058707 ], [ 126.604310725709638, 36.863090081047389 ], [ 126.604304107456571, 36.863068613146602 ], [ 126.604367740068255, 36.863037466266597 ], [ 126.604445094336, 36.86297662887506 ], [ 126.604523638344048, 36.863077180639671 ], [ 126.604655368738833, 36.863128078342342 ], [ 126.604757089297024, 36.863148509730095 ] ] ] } },
{ "type": "Feature", "properties": { "PNU": "4427034036105460005", "JIBUN": "546-5답", "BCHK": "1" }, "geometry": { "type": "Polygon", "coordinates": [ [ [ 126.604037284913048, 36.862508421037916 ], [ 126.605129905271497, 36.862547365544501 ], [ 126.605137509523431, 36.862464039859077 ], [ 126.604040646645572, 36.86242165719954 ], [ 126.604037284913048, 36.862508421037916 ] ] ] } },
{ "type": "Feature", "properties": { "PNU": "4427034036105460006", "JIBUN": "546-6답", "BCHK": "1" }, "geometry": { "type": "Polygon", "coordinates": [ [ [ 126.604040646645572, 36.86242165719954 ], [ 126.605137509523431, 36.862464039859077 ], [ 126.605176493527068, 36.861772041356922 ], [ 126.604078887915051, 36.861701542591703 ], [ 126.604040646645572, 36.86242165719954 ] ] ] } },
{ "type": "Feature", "properties": { "PNU": "4427034036105460007", "JIBUN": "546-7답", "BCHK": "1" }, "geometry": { "type": "Polygon", "coordinates": [ [ [ 126.604078887915051, 36.861701542591703 ], [ 126.605176493527068, 36.861772041356922 ], [ 126.605188748200391, 36.861525273235813 ], [ 126.604100072747997, 36.861485261085406 ], [ 126.604078887915051, 36.861701542591703 ] ] ] } },
{ "type": "Feature", "properties": { "PNU": "4427034036105470001", "JIBUN": "547-1 창", "BCHK": "1" }, "geometry": { "type": "Polygon", "coordinates": [ [ [ 126.606232427398737, 36.864290925086685 ], [ 126.606200584505515, 36.864289738662805 ], [ 126.606203941955584, 36.86424721829345 ], [ 126.605541438432127, 36.864218888781352 ], [ 126.605534410733057, 36.864316687881839 ], [ 126.606216108625929, 36.864346108041254 ], [ 126.606232427398737, 36.864290925086685 ] ] ] } },
{ "type": "Feature", "properties": { "PNU": "4427034036105470002", "JIBUN": "547-2 대", "BCHK": "1" }, "geometry": { "type": "Polygon", "coordinates": [ [ [ 126.605146766502003, 36.864202003196773 ], [ 126.605429756145043, 36.864214113092807 ], [ 126.605444420808155, 36.863978436425946 ], [ 126.60516097561063, 36.863967856911955 ], [ 126.605146766502003, 36.864202003196773 ] ] ] } },
{ "type": "Feature", "properties": { "PNU": "4427034036105470003", "JIBUN": "547-3답", "BCHK": "1" }, "geometry": { "type": "Polygon", "coordinates": [ [ [ 126.60516097561063, 36.863967856911955 ], [ 126.606220868280261, 36.86400740397734 ], [ 126.606228932395439, 36.863855867232566 ], [ 126.605170056630968, 36.8638152423012 ], [ 126.60516097561063, 36.863967856911955 ] ] ] } },
{ "type": "Feature", "properties": { "PNU": "4427034036105470004", "JIBUN": "547-4답", "BCHK": "1" }, "geometry": { "type": "Polygon", "coordinates": [ [ [ 126.606228932395439, 36.863855867232566 ], [ 126.606248512684914, 36.86357947739436 ], [ 126.605187833527623, 36.863541369729333 ], [ 126.605170056630968, 36.8638152423012 ], [ 126.606228932395439, 36.863855867232566 ] ] ] } },
{ "type": "Feature", "properties": { "PNU": "4427034036105470005", "JIBUN": "547-5답", "BCHK": "1" }, "geometry": { "type": "Polygon", "coordinates": [ [ [ 126.606248512684914, 36.86357947739436 ], [ 126.606258793975712, 36.863411007458296 ], [ 126.605198453563034, 36.863372901011154 ], [ 126.605187833527623, 36.863541369729333 ], [ 126.606248512684914, 36.86357947739436 ] ] ] } },
{ "type": "Feature", "properties": { "PNU": "4427034036105470006", "JIBUN": "547-6답", "BCHK": "1" }, "geometry": { "type": "Polygon", "coordinates": [ [ [ 126.606258793975712, 36.863411007458296 ], [ 126.606285173019202, 36.863033087157639 ], [ 126.605166324530018, 36.862990101648172 ], [ 126.605161727899798, 36.863317993172977 ], [ 126.605198453563034, 36.863372901011154 ], [ 126.606258793975712, 36.863411007458296 ] ] ] } },
{ "type": "Feature", "properties": { "PNU": "4427034036105470007", "JIBUN": "547-7 창", "BCHK": "1" }, "geometry": { "type": "Polygon", "coordinates": [ [ [ 126.605960808847769, 36.863020626384738 ], [ 126.606285173019202, 36.863033087157639 ], [ 126.606295083671782, 36.862827400948873 ], [ 126.60597284946347, 36.862815253611004 ], [ 126.605960808847769, 36.863020626384738 ] ] ] } },
{ "type": "Feature", "properties": { "PNU": "4427034036105470008", "JIBUN": "547-8답", "BCHK": "1" }, "geometry": { "type": "Polygon", "coordinates": [ [ [ 126.606297717736993, 36.862772803568156 ], [ 126.60631215906507, 36.862514418514692 ], [ 126.605200848101873, 36.86246821429615 ], [ 126.605182461052152, 36.862729920181771 ], [ 126.606297717736993, 36.862772803568156 ] ] ] } },
{ "type": "Feature", "properties": { "PNU": "4427034036105470009", "JIBUN": "547-9답", "BCHK": "1" }, "geometry": { "type": "Polygon", "coordinates": [ [ [ 126.60631215906507, 36.862514418514692 ], [ 126.606346949542683, 36.862026502757807 ], [ 126.605225218081799, 36.861979994067596 ], [ 126.605200848101873, 36.86246821429615 ], [ 126.60631215906507, 36.862514418514692 ] ] ] } },
{ "type": "Feature", "properties": { "PNU": "4427034036105470010", "JIBUN": "547-10답", "BCHK": "1" }, "geometry": { "type": "Polygon", "coordinates": [ [ [ 126.605225218081799, 36.861979994067596 ], [ 126.606346949542683, 36.862026502757807 ], [ 126.606360093466748, 36.861780548432634 ], [ 126.605239585721705, 36.861736657085814 ], [ 126.605225218081799, 36.861979994067596 ] ] ] } },
{ "type": "Feature", "properties": { "PNU": "4427034036105470011", "JIBUN": "547-11답", "BCHK": "1" }, "geometry": { "type": "Polygon", "coordinates": [ [ [ 126.605239585721705, 36.861736657085814 ], [ 126.606360093466748, 36.861780548432634 ], [ 126.606368449906256, 36.861571703227931 ], [ 126.605256569229965, 36.861529913022224 ], [ 126.605239585721705, 36.861736657085814 ] ] ] } },
{ "type": "Feature", "properties": { "PNU": "4427034036105470012", "JIBUN": "547-12 잡", "BCHK": "1" }, "geometry": { "type": "Polygon", "coordinates": [ [ [ 126.605541438432127, 36.864218888781352 ], [ 126.605146766502003, 36.864202003196773 ], [ 126.605135500985, 36.864299463852639 ], [ 126.605534410733057, 36.864316687881839 ], [ 126.605541438432127, 36.864218888781352 ] ] ] } },
{ "type": "Feature", "properties": { "PNU": "4427034036105470013", "JIBUN": "547-13 답", "BCHK": "1" }, "geometry": { "type": "Polygon", "coordinates": [ [ [ 126.605429756145043, 36.864214113092807 ], [ 126.606203941955584, 36.86424721829345 ], [ 126.606220868280261, 36.86400740397734 ], [ 126.605444420808155, 36.863978436425946 ], [ 126.605429756145043, 36.864214113092807 ] ] ] } },
{ "type": "Feature", "properties": { "PNU": "4427034036105470014", "JIBUN": "547-14 전", "BCHK": "1" }, "geometry": { "type": "Polygon", "coordinates": [ [ [ 126.606295083671782, 36.862827400948873 ], [ 126.606297717736993, 36.862772803568156 ], [ 126.605182461052152, 36.862729920181771 ], [ 126.605166324530018, 36.862990101648172 ], [ 126.605960808847769, 36.863020626384738 ], [ 126.60597284946347, 36.862815253611004 ], [ 126.606295083671782, 36.862827400948873 ] ] ] } },
{ "type": "Feature", "properties": { "PNU": "4427034036105480001", "JIBUN": "548-1답", "BCHK": "1" }, "geometry": { "type": "Polygon", "coordinates": [ [ [ 126.605254465544604, 36.861480886738029 ], [ 126.606379145391273, 36.861519565378039 ], [ 126.606390212916651, 36.861394620638464 ], [ 126.605915396480299, 36.861353855587595 ], [ 126.605878585559168, 36.861228031845307 ], [ 126.60586077831509, 36.86113588155655 ], [ 126.606025469021105, 36.861078395340755 ], [ 126.606032738032908, 36.860994617922024 ], [ 126.606051107418239, 36.860801484758319 ], [ 126.606419667514331, 36.860809549589675 ], [ 126.606430268961617, 36.860622157710402 ], [ 126.605305942796889, 36.860582669771304 ], [ 126.605254465544604, 36.861480886738029 ] ] ] } },
{ "type": "Feature", "properties": { "PNU": "4427034036105480002", "JIBUN": "548-2전", "BCHK": "1" }, "geometry": { "type": "Polygon", "coordinates": [ [ [ 126.605878585559168, 36.861228031845307 ], [ 126.605915396480299, 36.861353855587595 ], [ 126.606390212916651, 36.861394620638464 ], [ 126.606406845528042, 36.861168141348749 ], [ 126.606290597809632, 36.861160098477967 ], [ 126.606241985030948, 36.861368540494347 ], [ 126.606081743272057, 36.861345394093824 ], [ 126.606001024961856, 36.861319086009004 ], [ 126.605991948959954, 36.861208041676157 ], [ 126.605878585559168, 36.861228031845307 ] ] ] } },
{ "type": "Feature", "properties": { "PNU": "4427034036105480003", "JIBUN": "548-3대", "BCHK": "1" }, "geometry": { "type": "Polygon", "coordinates": [ [ [ 126.606406845528042, 36.861168141348749 ], [ 126.60641627759837, 36.861012103577245 ], [ 126.606209621008446, 36.861008898525263 ], [ 126.606032738032908, 36.860994617922024 ], [ 126.606025469021105, 36.861078395340755 ], [ 126.60586077831509, 36.86113588155655 ], [ 126.605878585559168, 36.861228031845307 ], [ 126.605991948959954, 36.861208041676157 ], [ 126.606001024961856, 36.861319086009004 ], [ 126.606081743272057, 36.861345394093824 ], [ 126.606241985030948, 36.861368540494347 ], [ 126.606290597809632, 36.861160098477967 ], [ 126.606406845528042, 36.861168141348749 ] ] ] } },
{ "type": "Feature", "properties": { "PNU": "4427034036105480004", "JIBUN": "548-4전", "BCHK": "1" }, "geometry": { "type": "Polygon", "coordinates": [ [ [ 126.60641627759837, 36.861012103577245 ], [ 126.606419667514331, 36.860809549589675 ], [ 126.606051107418239, 36.860801484758319 ], [ 126.606032738032908, 36.860994617922024 ], [ 126.606209621008446, 36.861008898525263 ], [ 126.60641627759837, 36.861012103577245 ] ] ] } },
{ "type": "Feature", "properties": { "PNU": "4427034036105480005", "JIBUN": "548-5답", "BCHK": "1" }, "geometry": { "type": "Polygon", "coordinates": [ [ [ 126.606430268961617, 36.860622157710402 ], [ 126.606447719634829, 36.860411089734576 ], [ 126.605313941986722, 36.860378418986109 ], [ 126.605305942796889, 36.860582669771304 ], [ 126.606430268961617, 36.860622157710402 ] ] ] } },
{ "type": "Feature", "properties": { "PNU": "4427034036105480006", "JIBUN": "548-6답", "BCHK": "1" }, "geometry": { "type": "Polygon", "coordinates": [ [ [ 126.605324922216838, 36.860167951519109 ], [ 126.605313941986722, 36.860378418986109 ], [ 126.606447719634829, 36.860411089734576 ], [ 126.606459747533606, 36.860163960230032 ], [ 126.605413657063281, 36.86012638038531 ], [ 126.605383754583983, 36.860147339963312 ], [ 126.605324922216838, 36.860167951519109 ] ] ] } },
{ "type": "Feature", "properties": { "PNU": "4427034036105480007", "JIBUN": "548-7답", "BCHK": "1" }, "geometry": { "type": "Polygon", "coordinates": [ [ [ 126.605413657063281, 36.86012638038531 ], [ 126.606459747533606, 36.860163960230032 ], [ 126.6064674506285, 36.860039004354896 ], [ 126.606455457320166, 36.860015986976208 ], [ 126.60626986638583, 36.85995067626515 ], [ 126.606228633303587, 36.859922155809983 ], [ 126.606198134700577, 36.859877721469672 ], [ 126.606159110588379, 36.859724226990295 ], [ 126.606124286720672, 36.859494964624368 ], [ 126.605902445476161, 36.859545413925012 ], [ 126.605955267073284, 36.859675976251971 ], [ 126.605863425001715, 36.859720096627306 ], [ 126.605794355374897, 36.859828269629034 ], [ 126.605774986465136, 36.859866051435439 ], [ 126.60572581428859, 36.859898868850649 ], [ 126.605635345557445, 36.859915600427293 ], [ 126.605606753663309, 36.85991496524985 ], [ 126.605479752952917, 36.860080075677914 ], [ 126.605413657063281, 36.86012638038531 ] ] ] } },
{ "type": "Feature", "properties": { "PNU": "4427034036105480008", "JIBUN": "548-8전", "BCHK": "1" }, "geometry": { "type": "Polygon", "coordinates": [ [ [ 126.605635345557445, 36.859915600427293 ], [ 126.605622436916789, 36.859852391291177 ], [ 126.605528592606632, 36.859871364354227 ], [ 126.605336291245976, 36.859824682575919 ], [ 126.605337940609814, 36.859984271202904 ], [ 126.605442767026105, 36.859988672864375 ], [ 126.605475896538422, 36.859979140762739 ], [ 126.605538531643376, 36.859923209937413 ], [ 126.605568967546461, 36.859914119448192 ], [ 126.605635345557445, 36.859915600427293 ] ] ] } },
{ "type": "Feature", "properties": { "PNU": "4427034036105480009", "JIBUN": "548-9대", "BCHK": "1" }, "geometry": { "type": "Polygon", "coordinates": [ [ [ 126.605622436916789, 36.859852391291177 ], [ 126.605564366098974, 36.859630170532746 ], [ 126.605553378641631, 36.859585980754382 ], [ 126.605357693010546, 36.859609032247548 ], [ 126.605336291245976, 36.859824682575919 ], [ 126.605528592606632, 36.859871364354227 ], [ 126.605622436916789, 36.859852391291177 ] ] ] } },
{ "type": "Feature", "properties": { "PNU": "4427034036105480010", "JIBUN": "548-10대", "BCHK": "1" }, "geometry": { "type": "Polygon", "coordinates": [ [ [ 126.605629438304661, 36.859886655885738 ], [ 126.605635345557445, 36.859915600427293 ], [ 126.60572581428859, 36.859898868850649 ], [ 126.605774986465136, 36.859866051435439 ], [ 126.605794355374897, 36.859828269629034 ], [ 126.605754832704832, 36.859794258007845 ], [ 126.605790898218117, 36.859736887600384 ], [ 126.605782027833925, 36.859699697303938 ], [ 126.605629438304661, 36.859886655885738 ] ] ] } },
{ "type": "Feature", "properties": { "PNU": "4427034036105480011", "JIBUN": "548-11전", "BCHK": "1" }, "geometry": { "type": "Polygon", "coordinates": [ [ [ 126.605782027833925, 36.859699697303938 ], [ 126.605790898218117, 36.859736887600384 ], [ 126.605754832704832, 36.859794258007845 ], [ 126.605794355374897, 36.859828269629034 ], [ 126.605863425001715, 36.859720096627306 ], [ 126.605955267073284, 36.859675976251971 ], [ 126.605905136436462, 36.859552054843114 ], [ 126.605877471763804, 36.859582816798024 ], [ 126.605782027833925, 36.859699697303938 ] ] ] } },
{ "type": "Feature", "properties": { "PNU": "4427034036105480012", "JIBUN": "548-12답", "BCHK": "1" }, "geometry": { "type": "Polygon", "coordinates": [ [ [ 126.605990706591754, 36.859418678694126 ], [ 126.605983933262578, 36.859464765140785 ], [ 126.605971020394421, 36.859479067856547 ], [ 126.606127151492046, 36.859439106451312 ], [ 126.606127136572837, 36.859420093385339 ], [ 126.605990706591754, 36.859418678694126 ] ] ] } },
{ "type": "Feature", "properties": { "PNU": "4427034036105480013", "JIBUN": "548-13답", "BCHK": "1" }, "geometry": { "type": "Polygon", "coordinates": [ [ [ 126.605990706591754, 36.859418678694126 ], [ 126.606127136572837, 36.859420093385339 ], [ 126.606115183835882, 36.85936724999744 ], [ 126.606012093918622, 36.85924273925481 ], [ 126.606010770245774, 36.859282292771951 ], [ 126.605990706591754, 36.859418678694126 ] ] ] } },
{ "type": "Feature", "properties": { "PNU": "4427034036105480014", "JIBUN": "548-14 답", "BCHK": "1" }, "geometry": { "type": "Polygon", "coordinates": [ [ [ 126.605413657063281, 36.86012638038531 ], [ 126.605327248117959, 36.860123274126131 ], [ 126.605324922216838, 36.860167951519109 ], [ 126.605383754583983, 36.860147339963312 ], [ 126.605413657063281, 36.86012638038531 ] ] ] } },
{ "type": "Feature", "properties": { "PNU": "4427034036105480015", "JIBUN": "548-15 답", "BCHK": "1" }, "geometry": { "type": "Polygon", "coordinates": [ [ [ 126.605606753663309, 36.85991496524985 ], [ 126.605568967546461, 36.859914119448192 ], [ 126.605538531643376, 36.859923209937413 ], [ 126.605475896538422, 36.859979140762739 ], [ 126.605442767026105, 36.859988672864375 ], [ 126.605337940609814, 36.859984271202904 ], [ 126.605327248117959, 36.860123274126131 ], [ 126.605413657063281, 36.86012638038531 ], [ 126.605479752952917, 36.860080075677914 ], [ 126.605606753663309, 36.85991496524985 ] ] ] } },
{ "type": "Feature", "properties": { "PNU": "4427034036105480016", "JIBUN": "548-16 대", "BCHK": "1" }, "geometry": { "type": "Polygon", "coordinates": [ [ [ 126.605782027833925, 36.859699697303938 ], [ 126.605753792361455, 36.859581236707555 ], [ 126.605564366098974, 36.859630170532746 ], [ 126.605622436916789, 36.859852391291177 ], [ 126.605629438304661, 36.859886655885738 ], [ 126.605782027833925, 36.859699697303938 ] ] ] } },
{ "type": "Feature", "properties": { "PNU": "4427034036105480017", "JIBUN": "548-17 전", "BCHK": "1" }, "geometry": { "type": "Polygon", "coordinates": [ [ [ 126.605753792361455, 36.859581236707555 ], [ 126.605782027833925, 36.859699697303938 ], [ 126.605877471763804, 36.859582816798024 ], [ 126.605905136436462, 36.859552054843114 ], [ 126.605902445476161, 36.859545413925012 ], [ 126.605753792361455, 36.859581236707555 ] ] ] } },
{ "type": "Feature", "properties": { "PNU": "4427034036105480018", "JIBUN": "548-18 답", "BCHK": "1" }, "geometry": { "type": "Polygon", "coordinates": [ [ [ 126.605990706591754, 36.859418678694126 ], [ 126.605364308461233, 36.859412165791873 ], [ 126.605357693010546, 36.859609032247548 ], [ 126.605553378641631, 36.859585980754382 ], [ 126.605971020394421, 36.859479067856547 ], [ 126.605983933262578, 36.859464765140785 ], [ 126.605990706591754, 36.859418678694126 ] ] ] } },
{ "type": "Feature", "properties": { "PNU": "4427034036105480019", "JIBUN": "548-19 답", "BCHK": "1" }, "geometry": { "type": "Polygon", "coordinates": [ [ [ 126.605364308461233, 36.859412165791873 ], [ 126.605990706591754, 36.859418678694126 ], [ 126.606010770245774, 36.859282292771951 ], [ 126.606012093918622, 36.85924273925481 ], [ 126.605969856641408, 36.859125638158432 ], [ 126.60592091815154, 36.859003288581349 ], [ 126.605880396884231, 36.858989187808284 ], [ 126.605365549233326, 36.858972978215739 ], [ 126.605362998677066, 36.859011176031686 ], [ 126.605385617555257, 36.859017558490685 ], [ 126.605364308461233, 36.859412165791873 ] ] ] } },
{ "type": "Feature", "properties": { "PNU": "4427034036105490001", "JIBUN": "549-1답", "BCHK": "1" }, "geometry": { "type": "Polygon", "coordinates": [ [ [ 126.605190451714975, 36.861477340859494 ], [ 126.605210718596993, 36.86117698435342 ], [ 126.604113637279724, 36.861137034628008 ], [ 126.604101792688397, 36.861434265073058 ], [ 126.605190451714975, 36.861477340859494 ] ] ] } },
{ "type": "Feature", "properties": { "PNU": "4427034036105490002", "JIBUN": "549-2답", "BCHK": "1" }, "geometry": { "type": "Polygon", "coordinates": [ [ [ 126.605210718596993, 36.86117698435342 ], [ 126.605220565252239, 36.861006170170135 ], [ 126.60412404566766, 36.860966492732153 ], [ 126.604113637279724, 36.861137034628008 ], [ 126.605210718596993, 36.86117698435342 ] ] ] } },
{ "type": "Feature", "properties": { "PNU": "4427034036105490003", "JIBUN": "549-3답", "BCHK": "1" }, "geometry": { "type": "Polygon", "coordinates": [ [ [ 126.60412404566766, 36.860966492732153 ], [ 126.605220565252239, 36.861006170170135 ], [ 126.60524079449047, 36.860581823439666 ], [ 126.60414809453232, 36.860541978658183 ], [ 126.60412404566766, 36.860966492732153 ] ] ] } },
{ "type": "Feature", "properties": { "PNU": "4427034036105490004", "JIBUN": "549-4답", "BCHK": "1" }, "geometry": { "type": "Polygon", "coordinates": [ [ [ 126.60414809453232, 36.860541978658183 ], [ 126.60524079449047, 36.860581823439666 ], [ 126.605251729646895, 36.86039551407886 ], [ 126.604407742002877, 36.860364838532661 ], [ 126.604407708176822, 36.860364874464111 ], [ 126.604359711211131, 36.860408868730104 ], [ 126.60414809453232, 36.860541978658183 ] ] ] } },
{ "type": "Feature", "properties": { "PNU": "4427034036105490005", "JIBUN": "549-5답", "BCHK": "1" }, "geometry": { "type": "Polygon", "coordinates": [ [ [ 126.604407742002877, 36.860364838532661 ], [ 126.605251729646895, 36.86039551407886 ], [ 126.605263393744124, 36.860189491258687 ], [ 126.605246250893501, 36.860195453818378 ], [ 126.605055468644963, 36.860202301400612 ], [ 126.604943907476311, 36.860177242117423 ], [ 126.604854488072775, 36.860142344076309 ], [ 126.604781771286738, 36.860130479117586 ], [ 126.604699874609409, 36.860159312994455 ], [ 126.604514631919656, 36.860266649674656 ], [ 126.604407742002877, 36.860364838532661 ] ] ] } },
{ "type": "Feature", "properties": { "PNU": "4427034036105490006", "JIBUN": "549-6답", "BCHK": "1" }, "geometry": { "type": "Polygon", "coordinates": [ [ [ 126.6046692442238, 36.859834818836262 ], [ 126.605282430444859, 36.859853339278459 ], [ 126.605293091243013, 36.859676760762987 ], [ 126.604625536879311, 36.85965490638123 ], [ 126.604642248027901, 36.859719930409156 ], [ 126.6046692442238, 36.859834818836262 ] ] ] } },
{ "type": "Feature", "properties": { "PNU": "4427034036105490007", "JIBUN": "549-7대", "BCHK": "1" }, "geometry": { "type": "Polygon", "coordinates": [ [ [ 126.604179132491353, 36.859957544142034 ], [ 126.604410007821002, 36.859938936527797 ], [ 126.604588042574335, 36.859881226210625 ], [ 126.604661170421082, 36.859878494980173 ], [ 126.6046692442238, 36.859834818836262 ], [ 126.604642248027901, 36.859719930409156 ], [ 126.604508980646742, 36.859751116949482 ], [ 126.604491932906285, 36.859707988292648 ], [ 126.604179745137657, 36.859729209787602 ], [ 126.604179132491353, 36.859957544142034 ] ] ] } },
{ "type": "Feature", "properties": { "PNU": "4427034036105490008", "JIBUN": "549-8목", "BCHK": "1" }, "geometry": { "type": "Polygon", "coordinates": [ [ [ 126.604298053997255, 36.859532020115076 ], [ 126.604182400453851, 36.859539809323017 ], [ 126.604181548319062, 36.859600891438014 ], [ 126.604299775628576, 36.859546145918081 ], [ 126.604298053997255, 36.859532020115076 ] ] ] } },
{ "type": "Feature", "properties": { "PNU": "4427034036105490009", "JIBUN": "549-9답", "BCHK": "1" }, "geometry": { "type": "Polygon", "coordinates": [ [ [ 126.605293091243013, 36.859676760762987 ], [ 126.605312367009986, 36.85932891338026 ], [ 126.604697527913572, 36.859305521734363 ], [ 126.604633708245956, 36.859351896633676 ], [ 126.604493907989706, 36.859498040693438 ], [ 126.604486524225265, 36.859560191476334 ], [ 126.604490198955048, 36.859587056164571 ], [ 126.604594473809755, 36.859589564453607 ], [ 126.604625536879311, 36.85965490638123 ], [ 126.605293091243013, 36.859676760762987 ] ] ] } },
{ "type": "Feature", "properties": { "PNU": "4427034036105490010", "JIBUN": "549-10전", "BCHK": "1" }, "geometry": { "type": "Polygon", "coordinates": [ [ [ 126.604298053997255, 36.859532020115076 ], [ 126.604286126950782, 36.859430761025223 ], [ 126.604288500608661, 36.859405277040722 ], [ 126.604193404766988, 36.859362330952372 ], [ 126.604182400453851, 36.859539809323017 ], [ 126.604298053997255, 36.859532020115076 ] ] ] } },
{ "type": "Feature", "properties": { "PNU": "4427034036105490011", "JIBUN": "549-11전", "BCHK": "1" }, "geometry": { "type": "Polygon", "coordinates": [ [ [ 126.604307888185744, 36.859322504073724 ], [ 126.6041965452998, 36.85931854835988 ], [ 126.604193404766988, 36.859362330952372 ], [ 126.604288500608661, 36.859405277040722 ], [ 126.604292060050867, 36.85936725380563 ], [ 126.604307876879687, 36.859322522058044 ], [ 126.604307888185744, 36.859322504073724 ] ] ] } },
{ "type": "Feature", "properties": { "PNU": "4427034036105490012", "JIBUN": "549-12대", "BCHK": "1" }, "geometry": { "type": "Polygon", "coordinates": [ [ [ 126.604381201167953, 36.859325108085528 ], [ 126.604493907989706, 36.859498040693438 ], [ 126.604633708245956, 36.859351896633676 ], [ 126.604697527913572, 36.859305521734363 ], [ 126.604810059580288, 36.859228580983078 ], [ 126.604847615193393, 36.859055695947205 ], [ 126.6047032125675, 36.859049991211258 ], [ 126.604621369236668, 36.859112345798344 ], [ 126.604483686204645, 36.859217497238077 ], [ 126.604353863223707, 36.859298705568854 ], [ 126.604381201167953, 36.859325108085528 ] ] ] } },
{ "type": "Feature", "properties": { "PNU": "4427034036105490013", "JIBUN": "549-13전", "BCHK": "1" }, "geometry": { "type": "Polygon", "coordinates": [ [ [ 126.604658501638312, 36.859048212072963 ], [ 126.604224038892553, 36.859030921279434 ], [ 126.604197504334081, 36.859284670527849 ], [ 126.604317435498729, 36.859295439941043 ], [ 126.60432608277543, 36.85927113016011 ], [ 126.604414326231847, 36.859163562243175 ], [ 126.60455883810252, 36.859082492645086 ], [ 126.604658501638312, 36.859048212072963 ] ] ] } },
{ "type": "Feature", "properties": { "PNU": "4427034036105490014", "JIBUN": "549-14답", "BCHK": "1" }, "geometry": { "type": "Polygon", "coordinates": [ [ [ 126.604999767844149, 36.858953980094384 ], [ 126.604759501070205, 36.858941506159169 ], [ 126.604662818253928, 36.85892379474123 ], [ 126.604251144691546, 36.858796907799046 ], [ 126.604224038892553, 36.859030921279434 ], [ 126.604658501638312, 36.859048212072963 ], [ 126.604769578211119, 36.859010022451606 ], [ 126.604999767844149, 36.858953980094384 ] ] ] } },
{ "type": "Feature", "properties": { "PNU": "4427034036105490015", "JIBUN": "549-15 답", "BCHK": "1" }, "geometry": { "type": "Polygon", "coordinates": [ [ [ 126.604160489182689, 36.860355854464693 ], [ 126.60414809453232, 36.860541978658183 ], [ 126.604359711211131, 36.860408868730104 ], [ 126.604407708176822, 36.860364874464111 ], [ 126.604407742002877, 36.860364838532661 ], [ 126.604160489182689, 36.860355854464693 ] ] ] } },
{ "type": "Feature", "properties": { "PNU": "4427034036105490016", "JIBUN": "549-16 답", "BCHK": "1" }, "geometry": { "type": "Polygon", "coordinates": [ [ [ 126.604160489182689, 36.860355854464693 ], [ 126.604407742002877, 36.860364838532661 ], [ 126.604514631919656, 36.860266649674656 ], [ 126.604699874609409, 36.860159312994455 ], [ 126.604781771286738, 36.860130479117586 ], [ 126.604854488072775, 36.860142344076309 ], [ 126.604943907476311, 36.860177242117423 ], [ 126.605055468644963, 36.860202301400612 ], [ 126.605246250893501, 36.860195453818378 ], [ 126.605263393744124, 36.860189491258687 ], [ 126.605282430444859, 36.859853339278459 ], [ 126.6046692442238, 36.859834818836262 ], [ 126.604661170421082, 36.859878494980173 ], [ 126.604588042574335, 36.859881226210625 ], [ 126.604410007821002, 36.859938936527797 ], [ 126.604179132491353, 36.859957544142034 ], [ 126.604160489182689, 36.860355854464693 ] ] ] } },
{ "type": "Feature", "properties": { "PNU": "4427034036105490017", "JIBUN": "549-17 목", "BCHK": "1" }, "geometry": { "type": "Polygon", "coordinates": [ [ [ 126.604181548319062, 36.859600891438014 ], [ 126.604179745137657, 36.859729209787602 ], [ 126.604491932906285, 36.859707988292648 ], [ 126.604508980646742, 36.859751116949482 ], [ 126.604642248027901, 36.859719930409156 ], [ 126.604625536879311, 36.85965490638123 ], [ 126.604594473809755, 36.859589564453607 ], [ 126.604490198955048, 36.859587056164571 ], [ 126.604486524225265, 36.859560191476334 ], [ 126.604396835345625, 36.859556109500588 ], [ 126.604394076706541, 36.859525553375271 ], [ 126.604298053997255, 36.859532020115076 ], [ 126.604299775628576, 36.859546145918081 ], [ 126.604181548319062, 36.859600891438014 ] ] ] } },
{ "type": "Feature", "properties": { "PNU": "4427034036105490018", "JIBUN": "549-18 전", "BCHK": "1" }, "geometry": { "type": "Polygon", "coordinates": [ [ [ 126.604298053997255, 36.859532020115076 ], [ 126.604394076706541, 36.859525553375271 ], [ 126.604396835345625, 36.859556109500588 ], [ 126.604486524225265, 36.859560191476334 ], [ 126.604493907989706, 36.859498040693438 ], [ 126.604288500608661, 36.859405277040722 ], [ 126.604286126950782, 36.859430761025223 ], [ 126.604298053997255, 36.859532020115076 ] ] ] } },
{ "type": "Feature", "properties": { "PNU": "4427034036105490019", "JIBUN": "549-19 전", "BCHK": "1" }, "geometry": { "type": "Polygon", "coordinates": [ [ [ 126.604288500608661, 36.859405277040722 ], [ 126.604493907989706, 36.859498040693438 ], [ 126.604381201167953, 36.859325108085528 ], [ 126.604307888185744, 36.859322504073724 ], [ 126.604307876879687, 36.859322522058044 ], [ 126.604292060050867, 36.85936725380563 ], [ 126.604288500608661, 36.859405277040722 ] ] ] } },
{ "type": "Feature", "properties": { "PNU": "4427034036105490020", "JIBUN": "549-20 전", "BCHK": "1" }, "geometry": { "type": "Polygon", "coordinates": [ [ [ 126.604317435498729, 36.859295439941043 ], [ 126.604353863223707, 36.859298705568854 ], [ 126.604483686204645, 36.859217497238077 ], [ 126.604621369236668, 36.859112345798344 ], [ 126.6047032125675, 36.859049991211258 ], [ 126.604658501638312, 36.859048212072963 ], [ 126.60455883810252, 36.859082492645086 ], [ 126.604414326231847, 36.859163562243175 ], [ 126.60432608277543, 36.85927113016011 ], [ 126.604317435498729, 36.859295439941043 ] ] ] } },
{ "type": "Feature", "properties": { "PNU": "4427034036105490021", "JIBUN": "549-21 답", "BCHK": "1" }, "geometry": { "type": "Polygon", "coordinates": [ [ [ 126.604658501638312, 36.859048212072963 ], [ 126.6047032125675, 36.859049991211258 ], [ 126.604847615193393, 36.859055695947205 ], [ 126.604810059580288, 36.859228580983078 ], [ 126.604697527913572, 36.859305521734363 ], [ 126.605312367009986, 36.85932891338026 ], [ 126.605331343016644, 36.859017649271514 ], [ 126.605362998677066, 36.859011176031686 ], [ 126.605365549233326, 36.858972978215739 ], [ 126.604999767844149, 36.858953980094384 ], [ 126.604769578211119, 36.859010022451606 ], [ 126.604658501638312, 36.859048212072963 ] ] ] } },
{ "type": "Feature", "properties": { "PNU": "4427034036105500001", "JIBUN": "550-1답", "BCHK": "1" }, "geometry": { "type": "Polygon", "coordinates": [ [ [ 126.604025423380506, 36.861434642359768 ], [ 126.604032088952152, 36.861337797259196 ], [ 126.602997585509257, 36.861296783404434 ], [ 126.602992708201171, 36.86139453548622 ], [ 126.604025423380506, 36.861434642359768 ] ] ] } },
{ "type": "Feature", "properties": { "PNU": "4427034036105500002", "JIBUN": "550-2답", "BCHK": "1" }, "geometry": { "type": "Polygon", "coordinates": [ [ [ 126.604032088952152, 36.861337797259196 ], [ 126.60404298130787, 36.861160408695326 ], [ 126.603007926990983, 36.861117951362388 ], [ 126.602997585509257, 36.861296783404434 ], [ 126.604032088952152, 36.861337797259196 ] ] ] } },
{ "type": "Feature", "properties": { "PNU": "4427034036105500003", "JIBUN": "550-3답", "BCHK": "1" }, "geometry": { "type": "Polygon", "coordinates": [ [ [ 126.603011298791955, 36.861059905323316 ], [ 126.603007926990983, 36.861117951362388 ], [ 126.60404298130787, 36.861160408695326 ], [ 126.60405813372887, 36.860895988918159 ], [ 126.603360350574235, 36.860862673331106 ], [ 126.603173613319242, 36.860954684391132 ], [ 126.603011298791955, 36.861059905323316 ] ] ] } },
{ "type": "Feature", "properties": { "PNU": "4427034036105500004", "JIBUN": "550-4답", "BCHK": "1" }, "geometry": { "type": "Polygon", "coordinates": [ [ [ 126.603360350574235, 36.860862673331106 ], [ 126.60405813372887, 36.860895988918159 ], [ 126.604074908755678, 36.860621302079629 ], [ 126.603872521740868, 36.860612349168889 ], [ 126.603568854976103, 36.860768211260798 ], [ 126.603360350574235, 36.860862673331106 ] ] ] } },
{ "type": "Feature", "properties": { "PNU": "4427034036105500005", "JIBUN": "550-5답", "BCHK": "1" }, "geometry": { "type": "Polygon", "coordinates": [ [ [ 126.603872521740868, 36.860612349168889 ], [ 126.604074908755678, 36.860621302079629 ], [ 126.604077482050087, 36.86057445390923 ], [ 126.603948550319018, 36.860573395158632 ], [ 126.603872521740868, 36.860612349168889 ] ] ] } },
{ "type": "Feature", "properties": { "PNU": "4427034036105500006", "JIBUN": "550-6답", "BCHK": "1" }, "geometry": { "type": "Polygon", "coordinates": [ [ [ 126.603074834483024, 36.860059392592035 ], [ 126.603063919566537, 36.860255992271576 ], [ 126.603131362346602, 36.860231508760769 ], [ 126.603315440026506, 36.860133001054798 ], [ 126.603374995324359, 36.860087513785565 ], [ 126.60336970651457, 36.860069294169797 ], [ 126.603369706607367, 36.860069276148295 ], [ 126.603074834483024, 36.860059392592035 ] ] ] } },
{ "type": "Feature", "properties": { "PNU": "4427034036105500007", "JIBUN": "550-7답", "BCHK": "1" }, "geometry": { "type": "Polygon", "coordinates": [ [ [ 126.603074834483024, 36.860059392592035 ], [ 126.603369706607367, 36.860069276148295 ], [ 126.603366182189419, 36.860056847400735 ], [ 126.60336716511641, 36.86004018049168 ], [ 126.603374296038879, 36.860027318604629 ], [ 126.603385196899424, 36.860022759285393 ], [ 126.603472992130008, 36.860002686501026 ], [ 126.60366185867673, 36.85991041169607 ], [ 126.603846107934004, 36.85980878595533 ], [ 126.6030910535315, 36.859784433685213 ], [ 126.603074834483024, 36.860059392592035 ] ] ] } },
{ "type": "Feature", "properties": { "PNU": "4427034036105500008", "JIBUN": "550-8 답", "BCHK": "1" }, "geometry": { "type": "Polygon", "coordinates": [ [ [ 126.604075850768297, 36.85963082634273 ], [ 126.603103555775874, 36.859599661578663 ], [ 126.6030910535315, 36.859784433685213 ], [ 126.603846175400832, 36.859808750135741 ], [ 126.603869301785167, 36.859781884320775 ], [ 126.603894401185514, 36.859763855741519 ], [ 126.604013730590211, 36.859695498687309 ], [ 126.604075850768297, 36.85963082634273 ] ] ] } },
{ "type": "Feature", "properties": { "PNU": "4427034036105500009", "JIBUN": "550-9답", "BCHK": "1" }, "geometry": { "type": "Polygon", "coordinates": [ [ [ 126.603103555775874, 36.859599661578663 ], [ 126.604075850768297, 36.85963082634273 ], [ 126.604104444672544, 36.859565592160955 ], [ 126.604110684177058, 36.859566865383883 ], [ 126.60411156755427, 36.859554262055802 ], [ 126.603102982527147, 36.85951504725228 ], [ 126.603103555775874, 36.859599661578663 ] ] ] } },
{ "type": "Feature", "properties": { "PNU": "4427034036105500010", "JIBUN": "550-10답", "BCHK": "1" }, "geometry": { "type": "Polygon", "coordinates": [ [ [ 126.60411156755427, 36.859554262055802 ], [ 126.604123053184736, 36.859283161956633 ], [ 126.60311771526753, 36.859245580024627 ], [ 126.603102982527147, 36.85951504725228 ], [ 126.60411156755427, 36.859554262055802 ] ] ] } },
{ "type": "Feature", "properties": { "PNU": "4427034036105500011", "JIBUN": "550-11답", "BCHK": "1" }, "geometry": { "type": "Polygon", "coordinates": [ [ [ 126.60311771526753, 36.859245580024627 ], [ 126.604123053184736, 36.859283161956633 ], [ 126.604136497298811, 36.858849151116551 ], [ 126.603142359451397, 36.858815301043322 ], [ 126.60311771526753, 36.859245580024627 ] ] ] } },
{ "type": "Feature", "properties": { "PNU": "4427034036105500012", "JIBUN": "550-12답", "BCHK": "1" }, "geometry": { "type": "Polygon", "coordinates": [ [ [ 126.603142359451397, 36.858815301043322 ], [ 126.604136497298811, 36.858849151116551 ], [ 126.604139809099848, 36.858750222328531 ], [ 126.603152067427388, 36.858715762800315 ], [ 126.603142359451397, 36.858815301043322 ] ] ] } },
{ "type": "Feature", "properties": { "PNU": "4427034036105500013", "JIBUN": "550-13 답", "BCHK": "1" }, "geometry": { "type": "Polygon", "coordinates": [ [ [ 126.603023679412573, 36.860846595324304 ], [ 126.603011298791955, 36.861059905323316 ], [ 126.603173613319242, 36.860954684391132 ], [ 126.603360350574235, 36.860862673331106 ], [ 126.603023679412573, 36.860846595324304 ] ] ] } },
{ "type": "Feature", "properties": { "PNU": "4427034036105500014", "JIBUN": "550-14 답", "BCHK": "1" }, "geometry": { "type": "Polygon", "coordinates": [ [ [ 126.603023679412573, 36.860846595324304 ], [ 126.603360350574235, 36.860862673331106 ], [ 126.603568854976103, 36.860768211260798 ], [ 126.603872521740868, 36.860612349168889 ], [ 126.603043914866362, 36.860575704734707 ], [ 126.603023679412573, 36.860846595324304 ] ] ] } },
{ "type": "Feature", "properties": { "PNU": "4427034036105500015", "JIBUN": "550-15 답", "BCHK": "1" }, "geometry": { "type": "Polygon", "coordinates": [ [ [ 126.604077482050087, 36.86057445390923 ], [ 126.604079732753547, 36.86053364197479 ], [ 126.603050484073847, 36.860497782259756 ], [ 126.603043914866362, 36.860575704734707 ], [ 126.603872521740868, 36.860612349168889 ], [ 126.603948550319018, 36.860573395158632 ], [ 126.604077482050087, 36.86057445390923 ] ] ] } },
{ "type": "Feature", "properties": { "PNU": "4427034036105500016", "JIBUN": "550-16 답", "BCHK": "1" }, "geometry": { "type": "Polygon", "coordinates": [ [ [ 126.603063919566537, 36.860255992271576 ], [ 126.603050484073847, 36.860497782259756 ], [ 126.604079732753547, 36.86053364197479 ], [ 126.604104532790856, 36.860093901939592 ], [ 126.603369706607367, 36.860069276148295 ], [ 126.60336970651457, 36.860069294169797 ], [ 126.603374995324359, 36.860087513785565 ], [ 126.603315440026506, 36.860133001054798 ], [ 126.603131362346602, 36.860231508760769 ], [ 126.603063919566537, 36.860255992271576 ] ] ] } },
{ "type": "Feature", "properties": { "PNU": "4427034036105500017", "JIBUN": "550-17 답", "BCHK": "1" }, "geometry": { "type": "Polygon", "coordinates": [ [ [ 126.603369706607367, 36.860069276148295 ], [ 126.604104532790856, 36.860093901939592 ], [ 126.604113936043902, 36.859944352091851 ], [ 126.604103376378632, 36.859817083040042 ], [ 126.603846107934004, 36.85980878595533 ], [ 126.60366185867673, 36.85991041169607 ], [ 126.603472992130008, 36.860002686501026 ], [ 126.603385196899424, 36.860022759285393 ], [ 126.603374296038879, 36.860027318604629 ], [ 126.60336716511641, 36.86004018049168 ], [ 126.603366182189419, 36.860056847400735 ], [ 126.603369706607367, 36.860069276148295 ] ] ] } },
{ "type": "Feature", "properties": { "PNU": "4427034036105500018", "JIBUN": "550-18 답", "BCHK": "1" }, "geometry": { "type": "Polygon", "coordinates": [ [ [ 126.604075850768297, 36.85963082634273 ], [ 126.604013730590211, 36.859695498687309 ], [ 126.603894401185514, 36.859763855741519 ], [ 126.603869301785167, 36.859781884320775 ], [ 126.603846175400832, 36.859808750135741 ], [ 126.604103376378632, 36.859817083040042 ], [ 126.604100831871037, 36.859766703624267 ], [ 126.604106122720466, 36.859631827899989 ], [ 126.604075850768297, 36.85963082634273 ] ] ] } },
{ "type": "Feature", "properties": { "PNU": "4427034036105500019", "JIBUN": "550-19 답", "BCHK": "1" }, "geometry": { "type": "Polygon", "coordinates": [ [ [ 126.604075850768297, 36.85963082634273 ], [ 126.604106122720466, 36.859631827899989 ], [ 126.604110684177058, 36.859566865383883 ], [ 126.604104444672544, 36.859565592160955 ], [ 126.604075850768297, 36.85963082634273 ] ] ] } },
{ "type": "Feature", "properties": { "PNU": "4427034036105510001", "JIBUN": "551-1 답", "BCHK": "1" }, "geometry": { "type": "Polygon", "coordinates": [ [ [ 126.602361825277441, 36.861371772168333 ], [ 126.602854571773562, 36.861390651530712 ], [ 126.602873827203084, 36.861105538526331 ], [ 126.602777604303483, 36.861137369061076 ], [ 126.602381388206737, 36.861316357240042 ], [ 126.602361825277441, 36.861371772168333 ] ] ] } },
{ "type": "Feature", "properties": { "PNU": "4427034036105510002", "JIBUN": "551-2 답", "BCHK": "1" }, "geometry": { "type": "Polygon", "coordinates": [ [ [ 126.601761549145039, 36.861033861197413 ], [ 126.602875940166115, 36.861074169589848 ], [ 126.602887652166331, 36.860890566335016 ], [ 126.601773858922385, 36.860850106868391 ], [ 126.601761549145039, 36.861033861197413 ] ] ] } },
{ "type": "Feature", "properties": { "PNU": "4427034036105510003", "JIBUN": "551-3 답", "BCHK": "1" }, "geometry": { "type": "Polygon", "coordinates": [ [ [ 126.602088702649766, 36.860756425860089 ], [ 126.601781869435285, 36.860745264697989 ], [ 126.601773858922385, 36.860850106868391 ], [ 126.60189244627324, 36.860854413426097 ], [ 126.602088680175797, 36.860756434796031 ], [ 126.602088702649766, 36.860756425860089 ] ] ] } },
{ "type": "Feature", "properties": { "PNU": "4427034036105510004", "JIBUN": "551-4 답", "BCHK": "1" }, "geometry": { "type": "Polygon", "coordinates": [ [ [ 126.601781869435285, 36.860745264697989 ], [ 126.602088702649766, 36.860756425860089 ], [ 126.602639737813206, 36.860481312480388 ], [ 126.602639794021044, 36.860481285634918 ], [ 126.601800574134828, 36.860450283066541 ], [ 126.601781869435285, 36.860745264697989 ] ] ] } },
{ "type": "Feature", "properties": { "PNU": "4427034036105510005", "JIBUN": "551-5 답", "BCHK": "1" }, "geometry": { "type": "Polygon", "coordinates": [ [ [ 126.601800574134828, 36.860450283066541 ], [ 126.602639794021044, 36.860481285634918 ], [ 126.602758191954678, 36.860422198974653 ], [ 126.602918047329297, 36.860308725209357 ], [ 126.602921154899207, 36.860264960571676 ], [ 126.601812488086097, 36.860223752623739 ], [ 126.601800574134828, 36.860450283066541 ] ] ] } },
{ "type": "Feature", "properties": { "PNU": "4427034036105510006", "JIBUN": "551-6 답", "BCHK": "1" }, "geometry": { "type": "Polygon", "coordinates": [ [ [ 126.601812488086097, 36.860223752623739 ], [ 126.602921154899207, 36.860264960571676 ], [ 126.602928957784968, 36.860143519528798 ], [ 126.601818804884076, 36.86010378448556 ], [ 126.601812488086097, 36.860223752623739 ] ] ] } },
{ "type": "Feature", "properties": { "PNU": "4427034036105510007", "JIBUN": "551-7 답", "BCHK": "1" }, "geometry": { "type": "Polygon", "coordinates": [ [ [ 126.601818804884076, 36.86010378448556 ], [ 126.602928957784968, 36.860143519528798 ], [ 126.602946317386383, 36.859821437401081 ], [ 126.601841925302224, 36.859776684661547 ], [ 126.601818804884076, 36.86010378448556 ] ] ] } },
{ "type": "Feature", "properties": { "PNU": "4427034036105510008", "JIBUN": "551-8 답", "BCHK": "1" }, "geometry": { "type": "Polygon", "coordinates": [ [ [ 126.601841925302224, 36.859776684661547 ], [ 126.602946317386383, 36.859821437401081 ], [ 126.602957033314738, 36.859591694939823 ], [ 126.601862745990502, 36.859551688736637 ], [ 126.601841925302224, 36.859776684661547 ] ] ] } },
{ "type": "Feature", "properties": { "PNU": "4427034036105510009", "JIBUN": "551-9 답", "BCHK": "1" }, "geometry": { "type": "Polygon", "coordinates": [ [ [ 126.601862745990502, 36.859551688736637 ], [ 126.602957033314738, 36.859591694939823 ], [ 126.602979423964157, 36.859185467643435 ], [ 126.601883021552666, 36.859141408702669 ], [ 126.601862745990502, 36.859551688736637 ] ] ] } },
{ "type": "Feature", "properties": { "PNU": "4427034036105510010", "JIBUN": "551-10 답", "BCHK": "1" }, "geometry": { "type": "Polygon", "coordinates": [ [ [ 126.601883021552666, 36.859141408702669 ], [ 126.602979423964157, 36.859185467643435 ], [ 126.602985157586517, 36.859073841577072 ], [ 126.601892054190486, 36.859036173424983 ], [ 126.601883021552666, 36.859141408702669 ] ] ] } },
{ "type": "Feature", "properties": { "PNU": "4427034036105510011", "JIBUN": "551-11 답", "BCHK": "1" }, "geometry": { "type": "Polygon", "coordinates": [ [ [ 126.601892054190486, 36.859036173424983 ], [ 126.602985157586517, 36.859073841577072 ], [ 126.603002620942974, 36.85870976889354 ], [ 126.601982841511699, 36.85867127328347 ], [ 126.601982217789995, 36.858713856754662 ], [ 126.601911769442069, 36.858716892641972 ], [ 126.601892054190486, 36.859036173424983 ] ] ] } },
{ "type": "Feature", "properties": { "PNU": "4427034036105510012", "JIBUN": "551-12 구", "BCHK": "1" }, "geometry": { "type": "Polygon", "coordinates": [ [ [ 126.601726628675891, 36.861333185974871 ], [ 126.601754584425223, 36.861348507736714 ], [ 126.601761647859533, 36.861348774612303 ], [ 126.601761549145039, 36.861033861197413 ], [ 126.601748027644064, 36.861033374521547 ], [ 126.601726628675891, 36.861333185974871 ] ] ] } },
{ "type": "Feature", "properties": { "PNU": "4427034036105510013", "JIBUN": "551-13 구", "BCHK": "1" }, "geometry": { "type": "Polygon", "coordinates": [ [ [ 126.601748027644064, 36.861033374521547 ], [ 126.601761549145039, 36.861033861197413 ], [ 126.601773858922385, 36.860850106868391 ], [ 126.60175682816363, 36.860849491336715 ], [ 126.601748027644064, 36.861033374521547 ] ] ] } },
{ "type": "Feature", "properties": { "PNU": "4427034036105510014", "JIBUN": "551-14 구", "BCHK": "1" }, "geometry": { "type": "Polygon", "coordinates": [ [ [ 126.60175682816363, 36.860849491336715 ], [ 126.601773858922385, 36.860850106868391 ], [ 126.601781869435285, 36.860745264697989 ], [ 126.601764322962296, 36.860744629424033 ], [ 126.60175682816363, 36.860849491336715 ] ] ] } },
{ "type": "Feature", "properties": { "PNU": "4427034036105510015", "JIBUN": "551-15 구", "BCHK": "1" }, "geometry": { "type": "Polygon", "coordinates": [ [ [ 126.601764322962296, 36.860744629424033 ], [ 126.601781869435285, 36.860745264697989 ], [ 126.601800574134828, 36.860450283066541 ], [ 126.601784238665232, 36.860449678870829 ], [ 126.601764322962296, 36.860744629424033 ] ] ] } },
{ "type": "Feature", "properties": { "PNU": "4427034036105510016", "JIBUN": "551-16 구", "BCHK": "1" }, "geometry": { "type": "Polygon", "coordinates": [ [ [ 126.601784238665232, 36.860449678870829 ], [ 126.601800574134828, 36.860450283066541 ], [ 126.601812488086097, 36.860223752623739 ], [ 126.601794717599077, 36.860223089574063 ], [ 126.601784238665232, 36.860449678870829 ] ] ] } },
{ "type": "Feature", "properties": { "PNU": "4427034036105510017", "JIBUN": "551-17 구", "BCHK": "1" }, "geometry": { "type": "Polygon", "coordinates": [ [ [ 126.601794717599077, 36.860223089574063 ], [ 126.601812488086097, 36.860223752623739 ], [ 126.601818804884076, 36.86010378448556 ], [ 126.601804532327392, 36.860103277287706 ], [ 126.601794717599077, 36.860223089574063 ] ] ] } },
{ "type": "Feature", "properties": { "PNU": "4427034036105510018", "JIBUN": "551-18 구", "BCHK": "1" }, "geometry": { "type": "Polygon", "coordinates": [ [ [ 126.601804532327392, 36.860103277287706 ], [ 126.601818804884076, 36.86010378448556 ], [ 126.601841925302224, 36.859776684661547 ], [ 126.601824502771876, 36.859775977723395 ], [ 126.601804532327392, 36.860103277287706 ] ] ] } },
{ "type": "Feature", "properties": { "PNU": "4427034036105510019", "JIBUN": "551-19 구", "BCHK": "1" }, "geometry": { "type": "Polygon", "coordinates": [ [ [ 126.601824502771876, 36.859775977723395 ], [ 126.601841925302224, 36.859776684661547 ], [ 126.601862745990502, 36.859551688736637 ], [ 126.601842374491099, 36.859550944926141 ], [ 126.601824502771876, 36.859775977723395 ] ] ] } },
{ "type": "Feature", "properties": { "PNU": "4427034036105510020", "JIBUN": "551-20 구", "BCHK": "1" }, "geometry": { "type": "Polygon", "coordinates": [ [ [ 126.601842374491099, 36.859550944926141 ], [ 126.601862745990502, 36.859551688736637 ], [ 126.601883021552666, 36.859141408702669 ], [ 126.601866922076582, 36.859140760251975 ], [ 126.601842374491099, 36.859550944926141 ] ] ] } },
{ "type": "Feature", "properties": { "PNU": "4427034036105510021", "JIBUN": "551-21 구", "BCHK": "1" }, "geometry": { "type": "Polygon", "coordinates": [ [ [ 126.601866922076582, 36.859140760251975 ], [ 126.601883021552666, 36.859141408702669 ], [ 126.601892054190486, 36.859036173424983 ], [ 126.601873409187974, 36.859035534501892 ], [ 126.601866922076582, 36.859140760251975 ] ] ] } },
{ "type": "Feature", "properties": { "PNU": "4427034036105510022", "JIBUN": "551-22 구", "BCHK": "1" }, "geometry": { "type": "Polygon", "coordinates": [ [ [ 126.601873409187974, 36.859035534501892 ], [ 126.601892054190486, 36.859036173424983 ], [ 126.601911769442069, 36.858716892641972 ], [ 126.601982217789995, 36.858713856754662 ], [ 126.601982841511699, 36.85867127328347 ], [ 126.601905695800795, 36.85866835764373 ], [ 126.601893424459234, 36.85874283690238 ], [ 126.601873409187974, 36.859035534501892 ] ] ] } },
{ "type": "Feature", "properties": { "PNU": "4427034036105510023", "JIBUN": "551-23 답", "BCHK": "1" }, "geometry": { "type": "Polygon", "coordinates": [ [ [ 126.602873827203084, 36.861105538526331 ], [ 126.602875940166115, 36.861074169589848 ], [ 126.601761549145039, 36.861033861197413 ], [ 126.601761647859533, 36.861348774612303 ], [ 126.602361825277441, 36.861371772168333 ], [ 126.602381388206737, 36.861316357240042 ], [ 126.602777604303483, 36.861137369061076 ], [ 126.602873827203084, 36.861105538526331 ] ] ] } },
{ "type": "Feature", "properties": { "PNU": "4427034036105510024", "JIBUN": "551-24 답", "BCHK": "1" }, "geometry": { "type": "Polygon", "coordinates": [ [ [ 126.60189244627324, 36.860854413426097 ], [ 126.602887652166331, 36.860890566335016 ], [ 126.602894024053555, 36.860785700609632 ], [ 126.602088702649766, 36.860756425860089 ], [ 126.602088680175797, 36.860756434796031 ], [ 126.60189244627324, 36.860854413426097 ] ] ] } },
{ "type": "Feature", "properties": { "PNU": "4427034036105510025", "JIBUN": "551-25 답", "BCHK": "1" }, "geometry": { "type": "Polygon", "coordinates": [ [ [ 126.602088702649766, 36.860756425860089 ], [ 126.602894024053555, 36.860785700609632 ], [ 126.602905074768941, 36.860491080784485 ], [ 126.602639794021044, 36.860481285634918 ], [ 126.602639737813206, 36.860481312480388 ], [ 126.602088702649766, 36.860756425860089 ] ] ] } },
{ "type": "Feature", "properties": { "PNU": "4427034036105510026", "JIBUN": "551-26 답", "BCHK": "1" }, "geometry": { "type": "Polygon", "coordinates": [ [ [ 126.602639794021044, 36.860481285634918 ], [ 126.602905074768941, 36.860491080784485 ], [ 126.602918047329297, 36.860308725209357 ], [ 126.602758191954678, 36.860422198974653 ], [ 126.602639794021044, 36.860481285634918 ] ] ] } },
{ "type": "Feature", "properties": { "PNU": "4427034036105520001", "JIBUN": "552-1답", "BCHK": "1" }, "geometry": { "type": "Polygon", "coordinates": [ [ [ 126.601359874617032, 36.861034294699273 ], [ 126.600567228659557, 36.86100608824988 ], [ 126.600551436189917, 36.861305107272671 ], [ 126.600657431825041, 36.861309228723698 ], [ 126.600746458896694, 36.861281250513606 ], [ 126.600822388837017, 36.861279071682162 ], [ 126.601359874617032, 36.861034294699273 ] ] ] } },
{ "type": "Feature", "properties": { "PNU": "4427034036105520002", "JIBUN": "552-2답", "BCHK": "1" }, "geometry": { "type": "Polygon", "coordinates": [ [ [ 126.60168549998069, 36.860757729426552 ], [ 126.601686037295124, 36.860747071320091 ], [ 126.600582237905286, 36.8607067061509 ], [ 126.600567228659557, 36.86100608824988 ], [ 126.601359874617032, 36.861034294699273 ], [ 126.601591011846182, 36.860928954481381 ], [ 126.601653577846193, 36.860887082502344 ], [ 126.60168549998069, 36.860757729426552 ] ] ] } },
{ "type": "Feature", "properties": { "PNU": "4427034036105520003", "JIBUN": "552-3답", "BCHK": "1" }, "geometry": { "type": "Polygon", "coordinates": [ [ [ 126.600582237905286, 36.8607067061509 ], [ 126.601686037295124, 36.860747071320091 ], [ 126.601701274312603, 36.860446157961604 ], [ 126.600601732019058, 36.860407429159842 ], [ 126.600582237905286, 36.8607067061509 ] ] ] } },
{ "type": "Feature", "properties": { "PNU": "4427034036105520004", "JIBUN": "552-4답", "BCHK": "1" }, "geometry": { "type": "Polygon", "coordinates": [ [ [ 126.601701274312603, 36.860446157961604 ], [ 126.601719824976257, 36.860220046167854 ], [ 126.600616361141107, 36.860181304415349 ], [ 126.600601732019058, 36.860407429159842 ], [ 126.601701274312603, 36.860446157961604 ] ] ] } },
{ "type": "Feature", "properties": { "PNU": "4427034036105520005", "JIBUN": "552-5답", "BCHK": "1" }, "geometry": { "type": "Polygon", "coordinates": [ [ [ 126.600616361141107, 36.860181304415349 ], [ 126.601719824976257, 36.860220046167854 ], [ 126.601730841912953, 36.859997874008634 ], [ 126.600629181045548, 36.859958057092939 ], [ 126.600616361141107, 36.860181304415349 ] ] ] } },
{ "type": "Feature", "properties": { "PNU": "4427034036105520006", "JIBUN": "552-6답", "BCHK": "1" }, "geometry": { "type": "Polygon", "coordinates": [ [ [ 126.600629181045548, 36.859958057092939 ], [ 126.601730841912953, 36.859997874008634 ], [ 126.60174804161619, 36.859772748882172 ], [ 126.600642125151808, 36.859732467340727 ], [ 126.600629181045548, 36.859958057092939 ] ] ] } },
{ "type": "Feature", "properties": { "PNU": "4427034036105520007", "JIBUN": "552-7답", "BCHK": "1" }, "geometry": { "type": "Polygon", "coordinates": [ [ [ 126.600642125151808, 36.859732467340727 ], [ 126.60174804161619, 36.859772748882172 ], [ 126.601758201377137, 36.85954282446167 ], [ 126.600655065905627, 36.859507508330552 ], [ 126.600642125151808, 36.859732467340727 ] ] ] } },
{ "type": "Feature", "properties": { "PNU": "4427034036105520008", "JIBUN": "552-8답", "BCHK": "1" }, "geometry": { "type": "Polygon", "coordinates": [ [ [ 126.600655065905627, 36.859507508330552 ], [ 126.601758201377137, 36.85954282446167 ], [ 126.601785821636383, 36.859145715878519 ], [ 126.600676222144131, 36.859103800416044 ], [ 126.600655065905627, 36.859507508330552 ] ] ] } },
{ "type": "Feature", "properties": { "PNU": "4427034036105520009", "JIBUN": "552-9답", "BCHK": "1" }, "geometry": { "type": "Polygon", "coordinates": [ [ [ 126.601785821636383, 36.859145715878519 ], [ 126.601795619372012, 36.85896408868723 ], [ 126.600684233018853, 36.858921266249737 ], [ 126.600676222144131, 36.859103800416044 ], [ 126.601785821636383, 36.859145715878519 ] ] ] } },
{ "type": "Feature", "properties": { "PNU": "4427034036105520010", "JIBUN": "552-10답", "BCHK": "1" }, "geometry": { "type": "Polygon", "coordinates": [ [ [ 126.601795619372012, 36.85896408868723 ], [ 126.601812430075853, 36.858662279384134 ], [ 126.600702946417115, 36.858620995336409 ], [ 126.600684233018853, 36.858921266249737 ], [ 126.601795619372012, 36.85896408868723 ] ] ] } },
{ "type": "Feature", "properties": { "PNU": "4427034036105520011", "JIBUN": "552-11 답", "BCHK": "1" }, "geometry": { "type": "Polygon", "coordinates": [ [ [ 126.600657431825041, 36.861309228723698 ], [ 126.601569797365244, 36.861344736862748 ], [ 126.601651468289148, 36.86133834155202 ], [ 126.601671150073813, 36.86104537266673 ], [ 126.601359874617032, 36.861034294699273 ], [ 126.600822388837017, 36.861279071682162 ], [ 126.600746458896694, 36.861281250513606 ], [ 126.600657431825041, 36.861309228723698 ] ] ] } },
{ "type": "Feature", "properties": { "PNU": "4427034036105520012", "JIBUN": "552-12 답", "BCHK": "1" }, "geometry": { "type": "Polygon", "coordinates": [ [ [ 126.601359874617032, 36.861034294699273 ], [ 126.601671150073813, 36.86104537266673 ], [ 126.60168549998069, 36.860757729426552 ], [ 126.601653577846193, 36.860887082502344 ], [ 126.601591011846182, 36.860928954481381 ], [ 126.601359874617032, 36.861034294699273 ] ] ] } },
{ "type": "Feature", "properties": { "PNU": "4427034036105530000", "JIBUN": "553답", "BCHK": "1" }, "geometry": { "type": "Polygon", "coordinates": [ [ [ 126.603962885782096, 36.858657633722842 ], [ 126.603820074762965, 36.858582459091998 ], [ 126.60354176229653, 36.858406452516633 ], [ 126.603174531483702, 36.858142653607693 ], [ 126.603155069877602, 36.858633593301896 ], [ 126.603893551712517, 36.858664251815078 ], [ 126.603962885782096, 36.858657633722842 ] ] ] } },
{ "type": "Feature", "properties": { "PNU": "4427034036105540000", "JIBUN": "554구", "BCHK": "3" }, "geometry": { "type": "Polygon", "coordinates": [ [ [ 126.597631364276083, 36.874816588083355 ], [ 126.597716078332013, 36.87418773400929 ], [ 126.59771988197825, 36.87401789168549 ], [ 126.597702457357457, 36.873939708551717 ], [ 126.597668086902573, 36.873884896549797 ], [ 126.597602681911169, 36.873716442697699 ], [ 126.597625887773333, 36.873697057479404 ], [ 126.597627700232493, 36.873564873923605 ], [ 126.597613608040419, 36.873514365428669 ], [ 126.597589198548491, 36.873485087808994 ], [ 126.597483455946104, 36.873416518594709 ], [ 126.59744012286518, 36.873359874098249 ], [ 126.597369288239904, 36.873178966758076 ], [ 126.597350366564896, 36.873086901746589 ], [ 126.597351258208747, 36.872937864718843 ], [ 126.597356362206952, 36.872905532871954 ], [ 126.597382982473945, 36.87279082405842 ], [ 126.597437430631459, 36.872673596008205 ], [ 126.59753382004331, 36.872535874536069 ], [ 126.597744327389904, 36.872323116797112 ], [ 126.597816945825642, 36.872269927134404 ], [ 126.597868285612904, 36.872296682356279 ], [ 126.597970215340951, 36.872321986132008 ], [ 126.598055070724811, 36.872330922576765 ], [ 126.598164527357596, 36.872332372702914 ], [ 126.598270004755022, 36.872322635826393 ], [ 126.598379737773953, 36.872271102673146 ], [ 126.598443671002073, 36.872227254701926 ], [ 126.598487796174624, 36.872175050000585 ], [ 126.598517173858767, 36.87211189246846 ], [ 126.598591336683356, 36.872085019316842 ], [ 126.598619898986556, 36.872049162001126 ], [ 126.598552417778336, 36.872042176725692 ], [ 126.598484963050836, 36.872073127334602 ], [ 126.59844354667149, 36.872165079165924 ], [ 126.598392344033854, 36.872219512741673 ], [ 126.598265933800903, 36.872286037915877 ], [ 126.598107300198819, 36.872294694598601 ], [ 126.59795755244059, 36.872276979125665 ], [ 126.59781513840764, 36.872229462160263 ], [ 126.59759431704272, 36.872420018451798 ], [ 126.597511303925501, 36.872552108258667 ], [ 126.597471824256331, 36.872595137166755 ], [ 126.597381803433649, 36.872716029729496 ], [ 126.597374943156993, 36.872741056832659 ], [ 126.597366850110845, 36.872808791370225 ], [ 126.597329682046762, 36.872967347579817 ], [ 126.597332550432284, 36.873040795976642 ], [ 126.597338158157868, 36.873083706721069 ], [ 126.597329603694504, 36.873153872633125 ], [ 126.597331267126663, 36.873221820319934 ], [ 126.597349860836886, 36.873290816360722 ], [ 126.597396802110424, 36.873365224512739 ], [ 126.597435029455497, 36.873437368534688 ], [ 126.59744610317415, 36.873443082768091 ], [ 126.597553831566202, 36.873498665020719 ], [ 126.597578789895948, 36.873543100806735 ], [ 126.597584927084085, 36.873600619966055 ], [ 126.597577386729057, 36.87363988197945 ], [ 126.597562326009566, 36.873712431855338 ], [ 126.597584008656128, 36.873812796153217 ], [ 126.597615018634428, 36.873888231766287 ], [ 126.597661791387836, 36.873973542408464 ], [ 126.5976668267718, 36.874061631770637 ], [ 126.597673299937554, 36.874175064585337 ], [ 126.597643539708585, 36.87444202874574 ], [ 126.59764231595976, 36.874452990861869 ], [ 126.597640656789721, 36.87446786223218 ], [ 126.597638350471996, 36.874488525416908 ], [ 126.597596186022301, 36.874680224856149 ], [ 126.597591889982709, 36.874815463706838 ], [ 126.597631364276083, 36.874816588083355 ] ] ] } },
{ "type": "Feature", "properties": { "PNU": "4427034036105550000", "JIBUN": "555도", "BCHK": "1" }, "geometry": { "type": "Polygon", "coordinates": [ [ [ 126.600333069413011, 36.874037850448431 ], [ 126.600349894975238, 36.873994294147529 ], [ 126.597668086902573, 36.873884896549797 ], [ 126.597702457357457, 36.873939708551717 ], [ 126.598092397602642, 36.873946249506382 ], [ 126.598359394826076, 36.873956159805168 ], [ 126.598697165141886, 36.873965857108971 ], [ 126.599171932485419, 36.873987187430238 ], [ 126.599495346570748, 36.873996924327592 ], [ 126.600279059106128, 36.874028208024249 ], [ 126.600333069413011, 36.874037850448431 ] ] ] } },
{ "type": "Feature", "properties": { "PNU": "4427034036105560000", "JIBUN": "556구", "BCHK": "1" }, "geometry": { "type": "Polygon", "coordinates": [ [ [ 126.600392677282514, 36.87394145349225 ], [ 126.60028109340432, 36.873938826868233 ], [ 126.599766254819855, 36.873923403810991 ], [ 126.599585050511095, 36.87391504625068 ], [ 126.599021118780399, 36.873893507957504 ], [ 126.598818251572681, 36.87388832031543 ], [ 126.598475335081773, 36.873876173093194 ], [ 126.598132999245379, 36.873860242266986 ], [ 126.597802976260695, 36.873849037636518 ], [ 126.597728973895187, 36.873844823274894 ], [ 126.59769384670895, 36.873806048100668 ], [ 126.5976591247057, 36.873732672488266 ], [ 126.597625887773333, 36.873697057479404 ], [ 126.597602681911169, 36.873716442697699 ], [ 126.597668086902573, 36.873884896549797 ], [ 126.600349894975238, 36.873994294147529 ], [ 126.600392677282514, 36.87394145349225 ] ] ] } },
{ "type": "Feature", "properties": { "PNU": "4427034036105570000", "JIBUN": "557구", "BCHK": "1" }, "geometry": { "type": "Polygon", "coordinates": [ [ [ 126.600359317898707, 36.873043316900187 ], [ 126.601044466186082, 36.873068588376363 ], [ 126.601086119713955, 36.873081883588981 ], [ 126.601108966459677, 36.873045015365541 ], [ 126.600944799482448, 36.873039059690043 ], [ 126.60062094900708, 36.873027703324908 ], [ 126.600292280648816, 36.873015428843296 ], [ 126.599651088964166, 36.872992012654073 ], [ 126.599389255435042, 36.872981852281377 ], [ 126.599071234711175, 36.872971051928616 ], [ 126.598526823623757, 36.872949847248783 ], [ 126.598148928000654, 36.87293586927877 ], [ 126.597356362206952, 36.872905532871954 ], [ 126.597351258208747, 36.872937864718843 ], [ 126.597646865431415, 36.872945169927448 ], [ 126.597851173940555, 36.872953067688229 ], [ 126.598181856133593, 36.872966166683049 ], [ 126.598522765221858, 36.872975334393665 ], [ 126.598868930189539, 36.872987492395495 ], [ 126.599074368483556, 36.87299386000322 ], [ 126.599648946939496, 36.873015704093596 ], [ 126.599827024248697, 36.873021077468394 ], [ 126.600359317898707, 36.873043316900187 ] ] ] } },
{ "type": "Feature", "properties": { "PNU": "4427034036105580000", "JIBUN": "558도", "BCHK": "1" }, "geometry": { "type": "Polygon", "coordinates": [ [ [ 126.59759431704272, 36.872420018451798 ], [ 126.59781513840764, 36.872229462160263 ], [ 126.597863376179703, 36.872205926178417 ], [ 126.597932808487613, 36.872170053635585 ], [ 126.597859120412863, 36.872183276482851 ], [ 126.597840487733961, 36.872186115163842 ], [ 126.597611392929494, 36.872328795787062 ], [ 126.597601666742747, 36.872380728753015 ], [ 126.59759431704272, 36.872420018451798 ] ] ] } },
{ "type": "Feature", "properties": { "PNU": "4427034036105590000", "JIBUN": "559도", "BCHK": "1" }, "geometry": { "type": "Polygon", "coordinates": [ [ [ 126.597863376179703, 36.872205926178417 ], [ 126.59781513840764, 36.872229462160263 ], [ 126.59795755244059, 36.872276979125665 ], [ 126.598107300198819, 36.872294694598601 ], [ 126.598265933800903, 36.872286037915877 ], [ 126.598392344033854, 36.872219512741673 ], [ 126.59844354667149, 36.872165079165924 ], [ 126.598484963050836, 36.872073127334602 ], [ 126.598552417778336, 36.872042176725692 ], [ 126.598619898986556, 36.872049162001126 ], [ 126.599121791868299, 36.872071304650071 ], [ 126.599439803715256, 36.872083096027019 ], [ 126.599700867381813, 36.872089739451987 ], [ 126.600345838577624, 36.872118214117314 ], [ 126.600674492821639, 36.872132470790461 ], [ 126.601010347449886, 36.872142425415618 ], [ 126.601610838415624, 36.872162274183033 ], [ 126.60183449479382, 36.872180502126923 ], [ 126.601886909156178, 36.872194914287931 ], [ 126.601927685069995, 36.872139272986502 ], [ 126.598703345193101, 36.872005649878759 ], [ 126.5984883367489, 36.871985372653768 ], [ 126.598399776816763, 36.87214916274462 ], [ 126.59835613688108, 36.8721943405559 ], [ 126.59827380711026, 36.872238757281032 ], [ 126.598204050006089, 36.872259517672248 ], [ 126.598096047242876, 36.872258883461619 ], [ 126.597890618399049, 36.872229626548013 ], [ 126.597863376179703, 36.872205926178417 ] ] ] } },
{ "type": "Feature", "properties": { "PNU": "4427034036105600000", "JIBUN": "560구", "BCHK": "1" }, "geometry": { "type": "Polygon", "coordinates": [ [ [ 126.601927685069995, 36.872139272986502 ], [ 126.601973967877043, 36.872124829804555 ], [ 126.601942861937374, 36.872088952774334 ], [ 126.601661087369038, 36.87207494628877 ], [ 126.601404302175055, 36.872065077547582 ], [ 126.601187321782163, 36.872057233638095 ], [ 126.601048374662483, 36.872054606353473 ], [ 126.600599937843157, 36.872040490325539 ], [ 126.599703898076385, 36.87200297477964 ], [ 126.599404279687064, 36.871991245888523 ], [ 126.598803702058433, 36.871966880242098 ], [ 126.598756264436972, 36.871966089904582 ], [ 126.598900311581957, 36.871291118272616 ], [ 126.598888828972761, 36.871234761606694 ], [ 126.598802067171079, 36.871075337511577 ], [ 126.598737460960919, 36.871076381703531 ], [ 126.598819616931934, 36.871215696072959 ], [ 126.598844681199779, 36.87126993581284 ], [ 126.598703345193101, 36.872005649878759 ], [ 126.601927685069995, 36.872139272986502 ] ] ] } },
{ "type": "Feature", "properties": { "PNU": "4427034036105610000", "JIBUN": "561도", "BCHK": "1" }, "geometry": { "type": "Polygon", "coordinates": [ [ [ 126.598872029454327, 36.871079537612935 ], [ 126.598802067171079, 36.871075337511577 ], [ 126.598888828972761, 36.871234761606694 ], [ 126.598900311581957, 36.871291118272616 ], [ 126.598756264436972, 36.871966089904582 ], [ 126.598803702058433, 36.871966880242098 ], [ 126.598945719248235, 36.871293974230213 ], [ 126.598932201464919, 36.871219228513226 ], [ 126.598872029454327, 36.871079537612935 ] ] ] } },
{ "type": "Feature", "properties": { "PNU": "4427034036105620000", "JIBUN": "562구", "BCHK": "1" }, "geometry": { "type": "Polygon", "coordinates": [ [ [ 126.598043744656152, 36.872225339895607 ], [ 126.59800895333602, 36.872210417753791 ], [ 126.597947982481514, 36.872178773259449 ], [ 126.597932808487613, 36.872170053635585 ], [ 126.597863376179703, 36.872205926178417 ], [ 126.597890618399049, 36.872229626548013 ], [ 126.598096047242876, 36.872258883461619 ], [ 126.598204050006089, 36.872259517672248 ], [ 126.59827380711026, 36.872238757281032 ], [ 126.59835613688108, 36.8721943405559 ], [ 126.598399776816763, 36.87214916274462 ], [ 126.5984883367489, 36.871985372653768 ], [ 126.598703345193101, 36.872005649878759 ], [ 126.598844681199779, 36.87126993581284 ], [ 126.598819616931934, 36.871215696072959 ], [ 126.598737460960919, 36.871076381703531 ], [ 126.598713482097295, 36.871050619998826 ], [ 126.598421451225832, 36.870982596113549 ], [ 126.598341297328574, 36.870975658160276 ], [ 126.598161391177939, 36.87099929146941 ], [ 126.598092913123253, 36.870968603939687 ], [ 126.598034120741744, 36.870779807919995 ], [ 126.598045220345284, 36.870608638440537 ], [ 126.598092516247974, 36.870464533487187 ], [ 126.598211295901422, 36.870269307265175 ], [ 126.59824717004625, 36.870186167487248 ], [ 126.598267313096883, 36.870044223712284 ], [ 126.598387017516259, 36.869112450207254 ], [ 126.598385449664519, 36.869069012432121 ], [ 126.598443704558136, 36.868608121241401 ], [ 126.598421692493986, 36.868484958346777 ], [ 126.598360977056416, 36.868321026001219 ], [ 126.598333396889572, 36.868340847199555 ], [ 126.598388684219572, 36.868491875705992 ], [ 126.598390719234004, 36.868536053951402 ], [ 126.598391484945438, 36.868552663603765 ], [ 126.598394325365021, 36.868614442832659 ], [ 126.598227784090284, 36.869989574682705 ], [ 126.598172953949828, 36.870137619112128 ], [ 126.598165398691492, 36.870166969158738 ], [ 126.598156756094895, 36.870215553790523 ], [ 126.598150493869682, 36.8702507202158 ], [ 126.598016176617506, 36.870521945915968 ], [ 126.597991832666935, 36.870630625296698 ], [ 126.597984798283534, 36.870753510109424 ], [ 126.598000554045086, 36.870850520374887 ], [ 126.598070982930082, 36.871044581937696 ], [ 126.598109779760804, 36.87109132599489 ], [ 126.598120596873059, 36.871090281136183 ], [ 126.598334093121622, 36.871028005182637 ], [ 126.598381020791138, 36.871027541456648 ], [ 126.598412311177427, 36.871038405814978 ], [ 126.598472017781106, 36.871060719549831 ], [ 126.598528049963861, 36.871082227928532 ], [ 126.598663005758709, 36.871099298189847 ], [ 126.598725560826153, 36.871143202459514 ], [ 126.598778936125683, 36.871244141771655 ], [ 126.598780376671129, 36.871251796861493 ], [ 126.598785068639671, 36.871276871924429 ], [ 126.598761396986376, 36.87139874565257 ], [ 126.598711412743995, 36.871652071785633 ], [ 126.598666302219954, 36.871880481160758 ], [ 126.598658142911077, 36.871924589030584 ], [ 126.598642639467627, 36.871968302739944 ], [ 126.598589892056566, 36.871968440611305 ], [ 126.598586467677961, 36.871966987344564 ], [ 126.598473687093431, 36.871919120350412 ], [ 126.598449626931483, 36.871928266498315 ], [ 126.598388863634966, 36.872091195007812 ], [ 126.598364381100097, 36.872133995377531 ], [ 126.598243619545073, 36.872218498247349 ], [ 126.598174098917312, 36.872234781007073 ], [ 126.598102677449404, 36.872237054403477 ], [ 126.598043744656152, 36.872225339895607 ] ] ] } },
{ "type": "Feature", "properties": { "PNU": "4427034036105630000", "JIBUN": "563구", "BCHK": "1" }, "geometry": { "type": "Polygon", "coordinates": [ [ [ 126.59817233107367, 36.871342183605911 ], [ 126.598223038261096, 36.871326729547704 ], [ 126.598508174123936, 36.871222433521467 ], [ 126.598533996164264, 36.871213040985545 ], [ 126.59862493542667, 36.871179898630409 ], [ 126.598685290266971, 36.87115749340132 ], [ 126.598725560826153, 36.871143202459514 ], [ 126.598663005758709, 36.871099298189847 ], [ 126.598534953208571, 36.871149949968036 ], [ 126.598479041911034, 36.871171919535144 ], [ 126.598333024509088, 36.871228538900247 ], [ 126.598195647686609, 36.871282069426265 ], [ 126.598111428364305, 36.871310494367599 ], [ 126.598120708780385, 36.871333124944265 ], [ 126.598129800894242, 36.871355304341293 ], [ 126.59817233107367, 36.871342183605911 ] ] ] } },
{ "type": "Feature", "properties": { "PNU": "4427034036105640000", "JIBUN": "564도", "BCHK": "1" }, "geometry": { "type": "Polygon", "coordinates": [ [ [ 126.598059782574865, 36.871097555248959 ], [ 126.598105874843142, 36.87109170030535 ], [ 126.598109779760804, 36.87109132599489 ], [ 126.598070982930082, 36.871044581937696 ], [ 126.598000554045086, 36.870850520374887 ], [ 126.597984798283534, 36.870753510109424 ], [ 126.597991832666935, 36.870630625296698 ], [ 126.598016176617506, 36.870521945915968 ], [ 126.598150493869682, 36.8702507202158 ], [ 126.597978420621672, 36.870449911767253 ], [ 126.597935875959607, 36.870543211277941 ], [ 126.597956908521368, 36.870596176093741 ], [ 126.597974610144163, 36.870664177862366 ], [ 126.597971533633313, 36.870737876562167 ], [ 126.597946557410509, 36.870817268410505 ], [ 126.597972658528917, 36.870866105297949 ], [ 126.598008890951789, 36.871015177403962 ], [ 126.598028527341157, 36.871056333234229 ], [ 126.59804333603347, 36.871098463989135 ], [ 126.598059782574865, 36.871097555248959 ] ] ] } },
{ "type": "Feature", "properties": { "PNU": "4427034036105650000", "JIBUN": "565구", "BCHK": "1" }, "geometry": { "type": "Polygon", "coordinates": [ [ [ 126.602075020024699, 36.871191729032716 ], [ 126.602430802239027, 36.871207873519623 ], [ 126.602460671092345, 36.871222660823072 ], [ 126.602464156131703, 36.87117761799157 ], [ 126.602006540678445, 36.871160953641017 ], [ 126.601583680525366, 36.871146746457825 ], [ 126.601092992701012, 36.871127625283975 ], [ 126.600058790419482, 36.87108992060984 ], [ 126.599755795977686, 36.87108106477649 ], [ 126.598866710985803, 36.871045548676868 ], [ 126.598753675754864, 36.871042465203367 ], [ 126.598713482097295, 36.871050619998826 ], [ 126.598737460960919, 36.871076381703531 ], [ 126.598802067171079, 36.871075337511577 ], [ 126.598872029454327, 36.871079537612935 ], [ 126.599454908243715, 36.871098436931391 ], [ 126.599757009710331, 36.871106479555394 ], [ 126.600642971509444, 36.871138914838454 ], [ 126.601093316194877, 36.871151775548434 ], [ 126.601235046355228, 36.871158106545451 ], [ 126.601452016749008, 36.871167392071115 ], [ 126.601703525922431, 36.871177603520366 ], [ 126.602075020024699, 36.871191729032716 ] ] ] } },
{ "type": "Feature", "properties": { "PNU": "4427034036105660000", "JIBUN": "566도", "BCHK": "1" }, "geometry": { "type": "Polygon", "coordinates": [ [ [ 126.602047100620851, 36.87025729670767 ], [ 126.602476529155098, 36.87027999435972 ], [ 126.602504649802114, 36.870307481183104 ], [ 126.602502887352529, 36.870236109054787 ], [ 126.598393707910958, 36.870087451088096 ], [ 126.59824717004625, 36.870186167487248 ], [ 126.598211295901422, 36.870269307265175 ], [ 126.598303225311042, 36.870233212911955 ], [ 126.598350273609967, 36.870200932151953 ], [ 126.598407435357714, 36.870143364825196 ], [ 126.598447532397756, 36.870132146103039 ], [ 126.598914572748171, 36.870146693221145 ], [ 126.599808623673411, 36.87017420590999 ], [ 126.600111618286164, 36.870182340729905 ], [ 126.60114556492907, 36.870223738527969 ], [ 126.601628866471373, 36.870238689793759 ], [ 126.602047100620851, 36.87025729670767 ] ] ] } },
{ "type": "Feature", "properties": { "PNU": "4427034036105670000", "JIBUN": "567구", "BCHK": "1" }, "geometry": { "type": "Polygon", "coordinates": [ [ [ 126.602506847855935, 36.870164125234986 ], [ 126.602256567627236, 36.870155451441903 ], [ 126.601495762211243, 36.870126239797877 ], [ 126.601158505979313, 36.87010709076911 ], [ 126.600244513950983, 36.870075376394112 ], [ 126.599814494228539, 36.870058886212412 ], [ 126.599483149461449, 36.870046149997023 ], [ 126.59913799808848, 36.870035709288842 ], [ 126.59891599006815, 36.870025321299664 ], [ 126.598646318579142, 36.870014682411025 ], [ 126.598515797373295, 36.870010008022675 ], [ 126.598374174687763, 36.870005025783414 ], [ 126.59831140213015, 36.870020223017761 ], [ 126.598267313096883, 36.870044223712284 ], [ 126.59824717004625, 36.870186167487248 ], [ 126.598393707910958, 36.870087451088096 ], [ 126.602502887352529, 36.870236109054787 ], [ 126.602506847855935, 36.870164125234986 ] ] ] } },
{ "type": "Feature", "properties": { "PNU": "4427034036105680000", "JIBUN": "568구", "BCHK": "1" }, "geometry": { "type": "Polygon", "coordinates": [ [ [ 126.599870970199589, 36.874902247011512 ], [ 126.599984819004263, 36.87492254295065 ], [ 126.600134419549775, 36.874473041084009 ], [ 126.600181971056443, 36.874387416882108 ], [ 126.600327603470419, 36.874248146169947 ], [ 126.60049667548482, 36.874001003393552 ], [ 126.600602322404285, 36.87387250156376 ], [ 126.600800627562066, 36.873654381163213 ], [ 126.600983533038601, 36.873420980506992 ], [ 126.601093126085715, 36.873266540074404 ], [ 126.601182436005956, 36.873130323814706 ], [ 126.601270708366286, 36.873021136674097 ], [ 126.601553480789619, 36.872734634360413 ], [ 126.601618366941608, 36.872658078345161 ], [ 126.601715681520943, 36.872513508277024 ], [ 126.601997761643176, 36.872230066262453 ], [ 126.602059299920185, 36.872171790928455 ], [ 126.60215660355594, 36.872094171344536 ], [ 126.602578064875019, 36.87188066669605 ], [ 126.602599862816859, 36.871481827282487 ], [ 126.60261513093522, 36.871196413181529 ], [ 126.602666105591183, 36.870337845174213 ], [ 126.602681778662458, 36.870299871423512 ], [ 126.602673630509727, 36.87024884263954 ], [ 126.602673013217995, 36.870194595020031 ], [ 126.60272687877594, 36.869275393162475 ], [ 126.602733444129143, 36.869220178258445 ], [ 126.602767496312538, 36.868336953812559 ], [ 126.60267138437824, 36.86833681391694 ], [ 126.602475148459973, 36.871807335544169 ], [ 126.602424368207451, 36.871867449135834 ], [ 126.602191933143757, 36.871985527762916 ], [ 126.602043226058001, 36.872070184594143 ], [ 126.601973967877043, 36.872124829804555 ], [ 126.601927685069995, 36.872139272986502 ], [ 126.601886909156178, 36.872194914287931 ], [ 126.601668920236449, 36.872403599515678 ], [ 126.601561991214965, 36.872542190246122 ], [ 126.601480807478879, 36.872647166182361 ], [ 126.601335346196805, 36.872797702539025 ], [ 126.6011897081098, 36.872938956908264 ], [ 126.601108966459677, 36.873045015365541 ], [ 126.601086119713955, 36.873081883588981 ], [ 126.600732560585115, 36.873565396107772 ], [ 126.600392677282514, 36.87394145349225 ], [ 126.600349894975238, 36.873994294147529 ], [ 126.600333069413011, 36.874037850448431 ], [ 126.600199256614005, 36.874212123023916 ], [ 126.600065167777529, 36.874353054246413 ], [ 126.600024784384331, 36.874440594725939 ], [ 126.599972349544799, 36.874580988656788 ], [ 126.599870970199589, 36.874902247011512 ] ] ] } },
{ "type": "Feature", "properties": { "PNU": "4427034036105690000", "JIBUN": "569도", "BCHK": "1" }, "geometry": { "type": "Polygon", "coordinates": [ [ [ 126.601973967877043, 36.872124829804555 ], [ 126.602043226058001, 36.872070184594143 ], [ 126.602191933143757, 36.871985527762916 ], [ 126.602424368207451, 36.871867449135834 ], [ 126.602475148459973, 36.871807335544169 ], [ 126.60267138437824, 36.86833681391694 ], [ 126.602609939722768, 36.868334176285337 ], [ 126.602619069702371, 36.868433957295068 ], [ 126.602569987848199, 36.86920846024109 ], [ 126.602564071091223, 36.869268362961016 ], [ 126.602527720273045, 36.870074896860181 ], [ 126.602506847855935, 36.870164125234986 ], [ 126.602502887352529, 36.870236109054787 ], [ 126.602504649802114, 36.870307481183104 ], [ 126.602464156131703, 36.87117761799157 ], [ 126.602460671092345, 36.871222660823072 ], [ 126.602433069969393, 36.871724385232184 ], [ 126.602422730526442, 36.871793644501224 ], [ 126.602382792348038, 36.871839196574882 ], [ 126.602189823742847, 36.871937943238407 ], [ 126.602039078421598, 36.872026377840363 ], [ 126.601942861937374, 36.872088952774334 ], [ 126.601973967877043, 36.872124829804555 ] ] ] } },
{ "type": "Feature", "properties": { "PNU": "4427034036105700000", "JIBUN": "570구", "BCHK": "1" }, "geometry": { "type": "Polygon", "coordinates": [ [ [ 126.6030067930987, 36.8715841944395 ], [ 126.602956476717182, 36.871558814492367 ], [ 126.602857994733014, 36.87147161264916 ], [ 126.60285858055984, 36.871425442803996 ], [ 126.602971266016439, 36.871279003525245 ], [ 126.603048473409061, 36.871178879184804 ], [ 126.603082954764432, 36.871134372007013 ], [ 126.603174153207334, 36.870970028471859 ], [ 126.603229991558109, 36.870776930634761 ], [ 126.603270816031625, 36.870646228299279 ], [ 126.603325813769445, 36.870550895773299 ], [ 126.603498211744849, 36.87035133709098 ], [ 126.603612649487346, 36.870256111889667 ], [ 126.603650969830113, 36.870243488817962 ], [ 126.603864455809713, 36.870173165154021 ], [ 126.603906202558832, 36.870159408995697 ], [ 126.60395699207514, 36.870162461127293 ], [ 126.603975455262955, 36.870153187145355 ], [ 126.60403379084353, 36.870123879153915 ], [ 126.604173615595954, 36.870129659664698 ], [ 126.60434650393303, 36.87011779823127 ], [ 126.604422481886871, 36.870107958027504 ], [ 126.604459264440308, 36.870086814301828 ], [ 126.60451508344353, 36.870071410544895 ], [ 126.60475755944303, 36.869983637180091 ], [ 126.604840407071705, 36.869968232718165 ], [ 126.604955366443392, 36.869923919480414 ], [ 126.605097124881667, 36.869902492414084 ], [ 126.6051645690534, 36.869872709410089 ], [ 126.60521417755848, 36.869843588209648 ], [ 126.605178618723684, 36.869801119321735 ], [ 126.604428819607463, 36.870074999182087 ], [ 126.604337570661087, 36.870088393092651 ], [ 126.604075462250762, 36.870089866201596 ], [ 126.603903458142383, 36.870126059584052 ], [ 126.603657470749368, 36.870198501017818 ], [ 126.603582154268921, 36.87023231190085 ], [ 126.603518434151425, 36.870279227074462 ], [ 126.603336292223531, 36.870476230336408 ], [ 126.603275745942469, 36.87056010058312 ], [ 126.603218120137782, 36.87068660202408 ], [ 126.603155707576875, 36.8709149105661 ], [ 126.603107371140212, 36.871023330961911 ], [ 126.60305206884928, 36.8711123547413 ], [ 126.602862436753853, 36.871347538484535 ], [ 126.602826047182958, 36.87142274835233 ], [ 126.602823359963054, 36.871465360909681 ], [ 126.602852250571388, 36.871517630155438 ], [ 126.602948564974966, 36.871609771765385 ], [ 126.602927470310362, 36.871655116423028 ], [ 126.602687242188026, 36.871870938223346 ], [ 126.60262142830797, 36.871910276777456 ], [ 126.602204859388706, 36.872110281563401 ], [ 126.602104259621001, 36.872174644186053 ], [ 126.60202646688407, 36.872253049698244 ], [ 126.602062130722928, 36.872296781384641 ], [ 126.60224964449452, 36.872146925013176 ], [ 126.602342751682841, 36.872078302169903 ], [ 126.602610848354132, 36.871960972830053 ], [ 126.602669548892834, 36.871974324283116 ], [ 126.602914403090679, 36.871753201499828 ], [ 126.603002702422017, 36.871681498424024 ], [ 126.603045098033363, 36.871616040253571 ], [ 126.6030067930987, 36.8715841944395 ] ] ] } },
{ "type": "Feature", "properties": { "PNU": "4427034036105710000", "JIBUN": "571도", "BCHK": "1" }, "geometry": { "type": "Polygon", "coordinates": [ [ [ 126.60202646688407, 36.872253049698244 ], [ 126.602104259621001, 36.872174644186053 ], [ 126.602204859388706, 36.872110281563401 ], [ 126.60262142830797, 36.871910276777456 ], [ 126.602687242188026, 36.871870938223346 ], [ 126.602927470310362, 36.871655116423028 ], [ 126.602948564974966, 36.871609771765385 ], [ 126.602852250571388, 36.871517630155438 ], [ 126.602823359963054, 36.871465360909681 ], [ 126.602826047182958, 36.87142274835233 ], [ 126.602862436753853, 36.871347538484535 ], [ 126.60305206884928, 36.8711123547413 ], [ 126.603107371140212, 36.871023330961911 ], [ 126.603155707576875, 36.8709149105661 ], [ 126.603218120137782, 36.87068660202408 ], [ 126.603275745942469, 36.87056010058312 ], [ 126.603336292223531, 36.870476230336408 ], [ 126.603518434151425, 36.870279227074462 ], [ 126.603582154268921, 36.87023231190085 ], [ 126.603657470749368, 36.870198501017818 ], [ 126.603903458142383, 36.870126059584052 ], [ 126.604075462250762, 36.870089866201596 ], [ 126.604337570661087, 36.870088393092651 ], [ 126.604428819607463, 36.870074999182087 ], [ 126.605178618723684, 36.869801119321735 ], [ 126.605156626547327, 36.869737519734642 ], [ 126.605042564149798, 36.86980382271669 ], [ 126.604950418700909, 36.86983902049019 ], [ 126.604895310565695, 36.86986893434387 ], [ 126.604408382467284, 36.870036274679101 ], [ 126.60433388661933, 36.870041434126804 ], [ 126.604059049737828, 36.87005367804754 ], [ 126.603949699991816, 36.87007566203058 ], [ 126.603633634188739, 36.870166613365086 ], [ 126.603548566629655, 36.87019922040794 ], [ 126.603423242975026, 36.870274044742033 ], [ 126.602673630509727, 36.87024884263954 ], [ 126.602681778662458, 36.870299871423512 ], [ 126.603330478839524, 36.870320232483358 ], [ 126.603346873888782, 36.870359754707209 ], [ 126.603274657478977, 36.870444847671273 ], [ 126.603219874771071, 36.870541983068733 ], [ 126.603131740570603, 36.870777775185928 ], [ 126.603091606559374, 36.87092677187416 ], [ 126.603036742436728, 36.871039585855101 ], [ 126.602906008659744, 36.871206212587438 ], [ 126.602790586108213, 36.871361446329942 ], [ 126.602767219193609, 36.871434176496948 ], [ 126.602769985587557, 36.87148491701528 ], [ 126.602803668990163, 36.871542969202949 ], [ 126.602855004288969, 36.871614326162323 ], [ 126.602834606191635, 36.871655077569322 ], [ 126.602709169456304, 36.871794689036243 ], [ 126.602646331708442, 36.87184412971289 ], [ 126.602578064875019, 36.87188066669605 ], [ 126.60215660355594, 36.872094171344536 ], [ 126.602059299920185, 36.872171790928455 ], [ 126.601997761643176, 36.872230066262453 ], [ 126.60202646688407, 36.872253049698244 ] ] ] } },
{ "type": "Feature", "properties": { "PNU": "4427034036105720000", "JIBUN": "572구", "BCHK": "1" }, "geometry": { "type": "Polygon", "coordinates": [ [ [ 126.602673630509727, 36.87024884263954 ], [ 126.603423242975026, 36.870274044742033 ], [ 126.603548566629655, 36.87019922040794 ], [ 126.603633634188739, 36.870166613365086 ], [ 126.603949699991816, 36.87007566203058 ], [ 126.604059049737828, 36.87005367804754 ], [ 126.60433388661933, 36.870041434126804 ], [ 126.604408382467284, 36.870036274679101 ], [ 126.604895310565695, 36.86986893434387 ], [ 126.604950418700909, 36.86983902049019 ], [ 126.604915563696224, 36.869812413025279 ], [ 126.604461407588985, 36.869975266568787 ], [ 126.604341623426663, 36.869998117401146 ], [ 126.604173373835266, 36.870002154746196 ], [ 126.604042544550921, 36.870013705008901 ], [ 126.603942643324842, 36.870030313815327 ], [ 126.603734759328802, 36.870086572210084 ], [ 126.603555598638096, 36.870140402660262 ], [ 126.603458866768861, 36.870194867335904 ], [ 126.603398382445462, 36.870223230766904 ], [ 126.603345757649606, 36.870228101877679 ], [ 126.602971107270776, 36.870217934632798 ], [ 126.602673013217995, 36.870194595020031 ], [ 126.602673630509727, 36.87024884263954 ] ] ] } },
{ "type": "Feature", "properties": { "PNU": "4427034036105730000", "JIBUN": "573구", "BCHK": "1" }, "geometry": { "type": "Polygon", "coordinates": [ [ [ 126.605017920765448, 36.869360675527332 ], [ 126.605024544235022, 36.86933753946473 ], [ 126.603368130182972, 36.865427441872647 ], [ 126.602521603843428, 36.865393536494999 ], [ 126.602105401615503, 36.865377461134656 ], [ 126.601434801649319, 36.865349631373945 ], [ 126.601105686636345, 36.865343304912798 ], [ 126.600934352391789, 36.865338586816179 ], [ 126.600798574288731, 36.865332725947688 ], [ 126.600404797349725, 36.86531753066334 ], [ 126.600100072055312, 36.865300830480173 ], [ 126.599851566718499, 36.865299005891032 ], [ 126.59957003288514, 36.865286707377351 ], [ 126.599455005792478, 36.865280103653618 ], [ 126.599145768863849, 36.865268431977128 ], [ 126.599151753375438, 36.865303684696975 ], [ 126.599439380451798, 36.865308795945467 ], [ 126.59977631991039, 36.865320019157984 ], [ 126.600091700265281, 36.865336485567227 ], [ 126.600210906761333, 36.865337335708574 ], [ 126.601086052724924, 36.865366577478589 ], [ 126.601429573765742, 36.865384666298539 ], [ 126.601760908570355, 36.865395504723359 ], [ 126.60209178139975, 36.865408953844174 ], [ 126.602306734288476, 36.865414897013487 ], [ 126.602779889627868, 36.865434315152697 ], [ 126.603151031340559, 36.865446183344602 ], [ 126.603351622577023, 36.865453518587771 ], [ 126.603730128686948, 36.866366228910856 ], [ 126.603749647423385, 36.866408825185871 ], [ 126.603762809072634, 36.866466358429655 ], [ 126.604149877309425, 36.867373418863345 ], [ 126.604163381822516, 36.867407975408589 ], [ 126.604541062143412, 36.868310497847979 ], [ 126.60455750753998, 36.868362094684052 ], [ 126.604578746186135, 36.868419384270524 ], [ 126.604957527443972, 36.86930595962744 ], [ 126.603777367238948, 36.869260324839658 ], [ 126.6031679597899, 36.869233969560646 ], [ 126.602733444129143, 36.869220178258445 ], [ 126.60272687877594, 36.869275393162475 ], [ 126.603772169757292, 36.869311399336162 ], [ 126.604079640050358, 36.869320980643828 ], [ 126.605017920765448, 36.869360675527332 ] ] ] } },
{ "type": "Feature", "properties": { "PNU": "4427034036105740000", "JIBUN": "574구", "BCHK": "1" }, "geometry": { "type": "Polygon", "coordinates": [ [ [ 126.602307974565363, 36.869257236961801 ], [ 126.602564071091223, 36.869268362961016 ], [ 126.602569987848199, 36.86920846024109 ], [ 126.601886208047404, 36.869185364814243 ], [ 126.601113740939894, 36.869157643674086 ], [ 126.60078431289341, 36.869143655978903 ], [ 126.600534935285296, 36.869134621153599 ], [ 126.600351931428932, 36.869129412570935 ], [ 126.599873010523183, 36.869114560933433 ], [ 126.599548252887189, 36.869108334847375 ], [ 126.599178226878635, 36.869094296502681 ], [ 126.598975288822388, 36.86908361227637 ], [ 126.598934986413255, 36.869091316242006 ], [ 126.598530311675347, 36.869076168171325 ], [ 126.598385449664519, 36.869069012432121 ], [ 126.598387017516259, 36.869112450207254 ], [ 126.598570933867393, 36.86911469129182 ], [ 126.598703922717434, 36.869119013482916 ], [ 126.598966603082985, 36.869136296788142 ], [ 126.599197256233495, 36.869144370896201 ], [ 126.599543625534608, 36.869157068235161 ], [ 126.599864095478054, 36.869168326049916 ], [ 126.600306124709505, 36.869182062908997 ], [ 126.6012156000847, 36.869217636369889 ], [ 126.601557046718213, 36.869228148770688 ], [ 126.602307974565363, 36.869257236961801 ] ] ] } },
{ "type": "Feature", "properties": { "PNU": "4427034036105750000", "JIBUN": "575도", "BCHK": "1" }, "geometry": { "type": "Polygon", "coordinates": [ [ [ 126.598232472307146, 36.869886361719487 ], [ 126.598227784090284, 36.869989574682705 ], [ 126.598394325365021, 36.868614442832659 ], [ 126.598293022348514, 36.868964355060164 ], [ 126.598217153775508, 36.869318678085605 ], [ 126.598224688209015, 36.869377121070819 ], [ 126.598239487360544, 36.869491969668331 ], [ 126.59824755001604, 36.869554505374012 ], [ 126.598244724705182, 36.869616661990989 ], [ 126.598232472307146, 36.869886361719487 ] ] ] } },
{ "type": "Feature", "properties": { "PNU": "4427034036105760000", "JIBUN": "576도", "BCHK": "1" }, "geometry": { "type": "Polygon", "coordinates": [ [ [ 126.604578746186135, 36.868419384270524 ], [ 126.60455750753998, 36.868362094684052 ], [ 126.598535768790029, 36.868137071367748 ], [ 126.598309292685073, 36.868274806292632 ], [ 126.598309646529103, 36.86827577164977 ], [ 126.598333396889572, 36.868340847199555 ], [ 126.598360977056416, 36.868321026001219 ], [ 126.59851891471753, 36.868207660037676 ], [ 126.598584858772881, 36.868186165733576 ], [ 126.599024168000909, 36.868204223421522 ], [ 126.599224112326326, 36.868207869004308 ], [ 126.599594598594351, 36.868218845038321 ], [ 126.599923026201068, 36.868230309616386 ], [ 126.600389913236427, 36.868250617369171 ], [ 126.600574721989346, 36.868253398991421 ], [ 126.600826109332559, 36.868263611868812 ], [ 126.601154316784104, 36.868274351437236 ], [ 126.601935838522635, 36.868306067305141 ], [ 126.602609939722768, 36.868334176285337 ], [ 126.60267138437824, 36.86833681391694 ], [ 126.602767496312538, 36.868336953812559 ], [ 126.603208394785995, 36.868351667301262 ], [ 126.603828130967216, 36.868374542415062 ], [ 126.604505250458345, 36.868404813288237 ], [ 126.604578746186135, 36.868419384270524 ] ] ] } },
{ "type": "Feature", "properties": { "PNU": "4427034036105770000", "JIBUN": "577구", "BCHK": "1" }, "geometry": { "type": "Polygon", "coordinates": [ [ [ 126.60455750753998, 36.868362094684052 ], [ 126.604541062143412, 36.868310497847979 ], [ 126.603665216986315, 36.868279567046208 ], [ 126.603252346563082, 36.868266750660275 ], [ 126.602938389501844, 36.868254532470019 ], [ 126.602750608875695, 36.868240841443722 ], [ 126.602679037493829, 36.868244657965477 ], [ 126.602625006308529, 36.868239792312174 ], [ 126.601824054892219, 36.868213512763788 ], [ 126.601278004249991, 36.868190422995674 ], [ 126.600916305064473, 36.868171822349346 ], [ 126.599926345354163, 36.868131110815682 ], [ 126.59903301452519, 36.868099096040332 ], [ 126.598556789550869, 36.868084698721809 ], [ 126.598522176293784, 36.868076832852942 ], [ 126.598476013554446, 36.868090103693476 ], [ 126.598286412072511, 36.868232197821847 ], [ 126.598309292685073, 36.868274806292632 ], [ 126.598535768790029, 36.868137071367748 ], [ 126.60455750753998, 36.868362094684052 ] ] ] } },
{ "type": "Feature", "properties": { "PNU": "4427034036105780000", "JIBUN": "578도", "BCHK": "1" }, "geometry": { "type": "Polygon", "coordinates": [ [ [ 126.598151898674885, 36.86802818864912 ], [ 126.598156112863279, 36.868035141234337 ], [ 126.598137018725296, 36.867782771900202 ], [ 126.598118131385604, 36.867834611008647 ], [ 126.598111885863048, 36.867913885824137 ], [ 126.598130649718868, 36.867993154794178 ], [ 126.598151898674885, 36.86802818864912 ] ] ] } },
{ "type": "Feature", "properties": { "PNU": "4427034036105790000", "JIBUN": "579구", "BCHK": "1" }, "geometry": { "type": "Polygon", "coordinates": [ [ [ 126.598309292685073, 36.868274806292632 ], [ 126.598286412072511, 36.868232197821847 ], [ 126.598256376584459, 36.868185240019322 ], [ 126.598216333107317, 36.868014438830564 ], [ 126.598199114973994, 36.867832360791226 ], [ 126.59829951904706, 36.867654553613917 ], [ 126.598505949047833, 36.86744646624242 ], [ 126.598602231499456, 36.867370648241554 ], [ 126.598753837799265, 36.867266631964753 ], [ 126.598808089681043, 36.867207432660486 ], [ 126.598820603247106, 36.867173413568729 ], [ 126.598781522137259, 36.86707605456651 ], [ 126.598584576915385, 36.866798847578671 ], [ 126.598555486408671, 36.866742792017725 ], [ 126.598578187664799, 36.866583105250108 ], [ 126.598616062340767, 36.866589089789898 ], [ 126.598855054260937, 36.866437339322019 ], [ 126.599029752285801, 36.866291860098833 ], [ 126.599011086910707, 36.866236650669563 ], [ 126.599042189543439, 36.866186294208205 ], [ 126.599089885816255, 36.865748975516269 ], [ 126.599117890771467, 36.865647336616419 ], [ 126.599136214206396, 36.865552783780466 ], [ 126.599151753375438, 36.865303684696975 ], [ 126.599145768863849, 36.865268431977128 ], [ 126.599194752171186, 36.864411209634952 ], [ 126.599177164405361, 36.864342938032898 ], [ 126.599179801306505, 36.864310327440052 ], [ 126.599148866973991, 36.864328515612691 ], [ 126.599073114220701, 36.865610061226413 ], [ 126.599033399775507, 36.865742117585242 ], [ 126.598989504382658, 36.866203237797706 ], [ 126.59893054936343, 36.866261249966691 ], [ 126.598748634082298, 36.866392827987028 ], [ 126.598511112199773, 36.866542240357248 ], [ 126.598498494960978, 36.866639155118769 ], [ 126.598454724352806, 36.866839049641506 ], [ 126.598474839866995, 36.866859139565982 ], [ 126.598504857926102, 36.866872802008302 ], [ 126.598522779440614, 36.866877052397555 ], [ 126.598525039749788, 36.866880177775052 ], [ 126.598577071769228, 36.866952061596393 ], [ 126.598654915656383, 36.867059282867757 ], [ 126.59869172729141, 36.867112201555763 ], [ 126.598740651592209, 36.867137028968315 ], [ 126.598727052461541, 36.867161997461885 ], [ 126.59870300082369, 36.867193472697181 ], [ 126.5986180693058, 36.867247549649257 ], [ 126.598572241897642, 36.867282646044359 ], [ 126.598516996423029, 36.867325874591018 ], [ 126.598379338970332, 36.867458231738226 ], [ 126.598258855509187, 36.867574688274864 ], [ 126.5982088784572, 36.867644129087083 ], [ 126.598152980660302, 36.867749944928157 ], [ 126.598137018725296, 36.867782771900202 ], [ 126.598156112863279, 36.868035141234337 ], [ 126.598269086959277, 36.868221056073047 ], [ 126.598271425847713, 36.868224172708508 ], [ 126.598309292685073, 36.868274806292632 ] ] ] } },
{ "type": "Feature", "properties": { "PNU": "4427034036105800000", "JIBUN": "580구", "BCHK": "1" }, "geometry": { "type": "Polygon", "coordinates": [ [ [ 126.60370959676915, 36.867392231463356 ], [ 126.604163381822516, 36.867407975408589 ], [ 126.604149877309425, 36.867373418863345 ], [ 126.603440316756533, 36.867350787507853 ], [ 126.60311190530112, 36.867336809658724 ], [ 126.602785404651044, 36.867322026284931 ], [ 126.602721930075973, 36.867321724785988 ], [ 126.602674386378823, 36.867320304903203 ], [ 126.601985365508753, 36.867294669575195 ], [ 126.60183186887663, 36.867287939775068 ], [ 126.601653925704269, 36.867280857811721 ], [ 126.601329779289514, 36.867266348629542 ], [ 126.601004371379943, 36.867257240880818 ], [ 126.60068435920769, 36.867245717363353 ], [ 126.60036692884843, 36.867233751089863 ], [ 126.599978756604045, 36.867217221516775 ], [ 126.599728597529364, 36.867208723046552 ], [ 126.599003814406643, 36.867180968027682 ], [ 126.598820603247106, 36.867173413568729 ], [ 126.598808089681043, 36.867207432660486 ], [ 126.599078900009147, 36.867212848670079 ], [ 126.599973758299512, 36.867251085717811 ], [ 126.600965398694811, 36.867289910167123 ], [ 126.601323192397018, 36.867303902045997 ], [ 126.601876421591783, 36.867325573810113 ], [ 126.60266781176216, 36.867355605712646 ], [ 126.602721886955905, 36.867351821032692 ], [ 126.60278568358747, 36.867354916981739 ], [ 126.602986061516873, 36.867361080725857 ], [ 126.603300571488845, 36.867374111601819 ], [ 126.60370959676915, 36.867392231463356 ] ] ] } },
{ "type": "Feature", "properties": { "PNU": "4427034036105810000", "JIBUN": "581도", "BCHK": "1" }, "geometry": { "type": "Polygon", "coordinates": [ [ [ 126.602625006308529, 36.868239792312174 ], [ 126.602679037493829, 36.868244657965477 ], [ 126.602721886955905, 36.867351821032692 ], [ 126.60266781176216, 36.867355605712646 ], [ 126.602671070920664, 36.867441220073331 ], [ 126.602644978001038, 36.868020713900741 ], [ 126.602625006308529, 36.868239792312174 ] ] ] } },
{ "type": "Feature", "properties": { "PNU": "4427034036105820000", "JIBUN": "582구", "BCHK": "1" }, "geometry": { "type": "Polygon", "coordinates": [ [ [ 126.602679037493829, 36.868244657965477 ], [ 126.602750608875695, 36.868240841443722 ], [ 126.602743114246863, 36.868193599399191 ], [ 126.60278568358747, 36.867354916981739 ], [ 126.602721886955905, 36.867351821032692 ], [ 126.602679037493829, 36.868244657965477 ] ] ] } },
{ "type": "Feature", "properties": { "PNU": "4427034036105830000", "JIBUN": "583도", "BCHK": "1" }, "geometry": { "type": "Polygon", "coordinates": [ [ [ 126.602721930075973, 36.867321724785988 ], [ 126.602774897539618, 36.866423875288227 ], [ 126.602707948129876, 36.866423381994196 ], [ 126.602718014832988, 36.866450267994658 ], [ 126.602674386378823, 36.867320304903203 ], [ 126.602721930075973, 36.867321724785988 ] ] ] } },
{ "type": "Feature", "properties": { "PNU": "4427034036105840000", "JIBUN": "584구", "BCHK": "1" }, "geometry": { "type": "Polygon", "coordinates": [ [ [ 126.602785404651044, 36.867322026284931 ], [ 126.602834314619628, 36.866427947823844 ], [ 126.602774897539618, 36.866423875288227 ], [ 126.602721930075973, 36.867321724785988 ], [ 126.602785404651044, 36.867322026284931 ] ] ] } },
{ "type": "Feature", "properties": { "PNU": "4427034036105850000", "JIBUN": "585도", "BCHK": "1" }, "geometry": { "type": "Polygon", "coordinates": [ [ [ 126.603482667491036, 36.866444071702198 ], [ 126.603669690380784, 36.866451631637268 ], [ 126.603762809072634, 36.866466358429655 ], [ 126.603749647423385, 36.866408825185871 ], [ 126.599011086910707, 36.866236650669563 ], [ 126.599029752285801, 36.866291860098833 ], [ 126.59905434726231, 36.866285184603072 ], [ 126.599790583236853, 36.866308652492656 ], [ 126.600031169134553, 36.866324417551482 ], [ 126.60042126859453, 36.866336087516004 ], [ 126.600740603122617, 36.866347789683147 ], [ 126.601057377086832, 36.866355878070145 ], [ 126.601374675470154, 36.86637099586477 ], [ 126.60169783164271, 36.866381086270898 ], [ 126.601873652221371, 36.866386178682326 ], [ 126.602027612865783, 36.86638957594117 ], [ 126.602481850866852, 36.86640325529735 ], [ 126.602707948129876, 36.866423381994196 ], [ 126.602774897539618, 36.866423875288227 ], [ 126.602834314619628, 36.866427947823844 ], [ 126.603159182695578, 36.866432363092798 ], [ 126.603482667491036, 36.866444071702198 ] ] ] } },
{ "type": "Feature", "properties": { "PNU": "4427034036105860000", "JIBUN": "586구", "BCHK": "1" }, "geometry": { "type": "Polygon", "coordinates": [ [ [ 126.603730128686948, 36.866366228910856 ], [ 126.603108823394678, 36.866346321696234 ], [ 126.602732899715619, 36.866325786975914 ], [ 126.602241986440021, 36.866312797269778 ], [ 126.602028619702679, 36.86630325491096 ], [ 126.601703914745372, 36.866289105329791 ], [ 126.601384031225194, 36.86627515119217 ], [ 126.601037354010657, 36.866259394509385 ], [ 126.600153797769863, 36.866228051659931 ], [ 126.600042676036892, 36.866224975842854 ], [ 126.599705753169388, 36.866209788637839 ], [ 126.599370603200271, 36.866198751444955 ], [ 126.599042189543439, 36.866186294208205 ], [ 126.599011086910707, 36.866236650669563 ], [ 126.603749647423385, 36.866408825185871 ], [ 126.603730128686948, 36.866366228910856 ] ] ] } },
{ "type": "Feature", "properties": { "PNU": "4427034036105870000", "JIBUN": "587도", "BCHK": "1" }, "geometry": { "type": "Polygon", "coordinates": [ [ [ 126.598524173637657, 36.866435406092037 ], [ 126.598511112199773, 36.866542240357248 ], [ 126.598748634082298, 36.866392827987028 ], [ 126.59893054936343, 36.866261249966691 ], [ 126.598989504382658, 36.866203237797706 ], [ 126.599033399775507, 36.865742117585242 ], [ 126.599073114220701, 36.865610061226413 ], [ 126.599148866973991, 36.864328515612691 ], [ 126.599107579848848, 36.86433198121815 ], [ 126.599091826547038, 36.864406808840194 ], [ 126.599073955952534, 36.864737538854747 ], [ 126.59903655368538, 36.86539484822277 ], [ 126.599029504217214, 36.865607211366687 ], [ 126.598993935285819, 36.865740002519374 ], [ 126.598951265274806, 36.866202658689154 ], [ 126.598915750500709, 36.866195781101972 ], [ 126.598903978355821, 36.866169312559229 ], [ 126.598771190298166, 36.866267337033122 ], [ 126.598754598836564, 36.866279040440823 ], [ 126.598683916188818, 36.866338589941428 ], [ 126.598638820304259, 36.866366849560649 ], [ 126.598539117921135, 36.866427752075964 ], [ 126.598524173637657, 36.866435406092037 ] ] ] } },
{ "type": "Feature", "properties": { "PNU": "4427034036105880000", "JIBUN": "588도", "BCHK": "1" }, "geometry": { "type": "Polygon", "coordinates": [ [ [ 126.598649112331913, 36.865762802736832 ], [ 126.598585194136518, 36.865626261795029 ], [ 126.598556251317987, 36.865584984591941 ], [ 126.598435458001887, 36.865458245220694 ], [ 126.598358625841513, 36.865396081673154 ], [ 126.598246365521476, 36.865310550638902 ], [ 126.598188277632246, 36.865245386407736 ], [ 126.598144936127241, 36.865169638970727 ], [ 126.598105744977019, 36.865050743303058 ], [ 126.598063748298785, 36.865104126524606 ], [ 126.598039004256464, 36.86516090190355 ], [ 126.598033813405436, 36.865188547864967 ], [ 126.59805441248848, 36.865238357432858 ], [ 126.598091579038197, 36.865274598345231 ], [ 126.598172729621723, 36.865353735121666 ], [ 126.598182280701607, 36.865363048520592 ], [ 126.598297786618986, 36.865449852070547 ], [ 126.598317407930637, 36.865485060645717 ], [ 126.598344784535954, 36.86553417211335 ], [ 126.598356675175381, 36.865546466972106 ], [ 126.598404906876553, 36.865596369519615 ], [ 126.598534830211761, 36.865692772927993 ], [ 126.598596053138039, 36.865759028844309 ], [ 126.598631172190053, 36.865762174684207 ], [ 126.598649112331913, 36.865762802736832 ] ] ] } },
{ "type": "Feature", "properties": { "PNU": "4427034036105890000", "JIBUN": "589구", "BCHK": "1" }, "geometry": { "type": "Polygon", "coordinates": [ [ [ 126.598903978355821, 36.866169312559229 ], [ 126.598915750500709, 36.866195781101972 ], [ 126.598951265274806, 36.866202658689154 ], [ 126.598993935285819, 36.865740002519374 ], [ 126.598700339586841, 36.865717839514268 ], [ 126.598663898881767, 36.865695009449894 ], [ 126.598622257604603, 36.865615663552774 ], [ 126.598586977040867, 36.865563912390137 ], [ 126.59854458682598, 36.865520697640164 ], [ 126.598463143605443, 36.865439505648766 ], [ 126.598390492247006, 36.865371318894596 ], [ 126.598275989053562, 36.865285780336308 ], [ 126.598227600765611, 36.865231551976557 ], [ 126.598178627833036, 36.865138935205216 ], [ 126.598175755343462, 36.865087653523098 ], [ 126.598236424346226, 36.865001984034095 ], [ 126.598425367265136, 36.864769598473806 ], [ 126.598461613360001, 36.864700606908613 ], [ 126.598536265837652, 36.864363309941041 ], [ 126.598556388872026, 36.864310844128603 ], [ 126.598672106533371, 36.864313756573956 ], [ 126.598976449378156, 36.864338478823605 ], [ 126.599053503869285, 36.864400913055668 ], [ 126.599091826547038, 36.864406808840194 ], [ 126.599107579848848, 36.86433198121815 ], [ 126.598986544524749, 36.864273454073953 ], [ 126.598488004119346, 36.864241860802053 ], [ 126.598377535847717, 36.864694646980453 ], [ 126.598362073419565, 36.864735053848605 ], [ 126.598316567292144, 36.864794823083706 ], [ 126.598261485393564, 36.864854307744459 ], [ 126.598251944126986, 36.864864620119448 ], [ 126.598105744977019, 36.865050743303058 ], [ 126.598144936127241, 36.865169638970727 ], [ 126.598188277632246, 36.865245386407736 ], [ 126.598246365521476, 36.865310550638902 ], [ 126.598358625841513, 36.865396081673154 ], [ 126.598435458001887, 36.865458245220694 ], [ 126.598556251317987, 36.865584984591941 ], [ 126.598585194136518, 36.865626261795029 ], [ 126.598649112331913, 36.865762802736832 ], [ 126.598916756761639, 36.865772191267162 ], [ 126.598914981656208, 36.865805102103117 ], [ 126.598914300049273, 36.865817543859144 ], [ 126.598892706914185, 36.866154370634852 ], [ 126.598903978355821, 36.866169312559229 ] ] ] } },
{ "type": "Feature", "properties": { "PNU": "4427034036105900000", "JIBUN": "590도", "BCHK": "1" }, "geometry": { "type": "Polygon", "coordinates": [ [ [ 126.598061639743108, 36.864390816750387 ], [ 126.598043862939761, 36.864208556479866 ], [ 126.597969876907882, 36.864202990706453 ], [ 126.5979824303393, 36.864268722466889 ], [ 126.598016517191709, 36.864355612298475 ], [ 126.598061639743108, 36.864390816750387 ] ] ] } },
{ "type": "Feature", "properties": { "PNU": "4427034036105910000", "JIBUN": "591구", "BCHK": "1" }, "geometry": { "type": "Polygon", "coordinates": [ [ [ 126.602560966104761, 36.864633147793462 ], [ 126.602589123707673, 36.864631349317889 ], [ 126.602625315976894, 36.864615520598697 ], [ 126.60255829119734, 36.864564746154471 ], [ 126.602336405012991, 36.864512013763843 ], [ 126.602167569495705, 36.864479822535635 ], [ 126.601755636205823, 36.864441593386331 ], [ 126.599177164405361, 36.864342938032898 ], [ 126.599194752171186, 36.864411209634952 ], [ 126.599503906314993, 36.864416573269459 ], [ 126.599613673136005, 36.864420906562025 ], [ 126.599917657571169, 36.86442841438334 ], [ 126.600160770704562, 36.864431482278277 ], [ 126.600465787436406, 36.864434576817779 ], [ 126.600859224366886, 36.864449590534662 ], [ 126.600994114044056, 36.864453465960992 ], [ 126.60116004527751, 36.864461680152104 ], [ 126.601488440297786, 36.864476384184634 ], [ 126.601759674429616, 36.864484769076334 ], [ 126.602152542777603, 36.864523114844729 ], [ 126.602330247890208, 36.864553353265997 ], [ 126.602560966104761, 36.864633147793462 ] ] ] } },
{ "type": "Feature", "properties": { "PNU": "4427034036105920000", "JIBUN": "592도", "BCHK": "1" }, "geometry": { "type": "Polygon", "coordinates": [ [ [ 126.602625315976894, 36.864615520598697 ], [ 126.602663213151999, 36.864595282206714 ], [ 126.602566866045478, 36.864532966249129 ], [ 126.602355865218698, 36.864478828418015 ], [ 126.602183913979346, 36.86444194115878 ], [ 126.601755946845429, 36.864403207991828 ], [ 126.599179801306505, 36.864310327440052 ], [ 126.599177164405361, 36.864342938032898 ], [ 126.601755636205823, 36.864441593386331 ], [ 126.602167569495705, 36.864479822535635 ], [ 126.602336405012991, 36.864512013763843 ], [ 126.60255829119734, 36.864564746154471 ], [ 126.602625315976894, 36.864615520598697 ] ] ] } },
{ "type": "Feature", "properties": { "PNU": "4427034036105930000", "JIBUN": "593구", "BCHK": "1" }, "geometry": { "type": "Polygon", "coordinates": [ [ [ 126.605178618723684, 36.869801119321735 ], [ 126.60521417755848, 36.869843588209648 ], [ 126.605455900786879, 36.869705440032206 ], [ 126.603588876408466, 36.865201191128683 ], [ 126.60351493610122, 36.865055779804976 ], [ 126.603352732448528, 36.864846097588384 ], [ 126.603140295969254, 36.864613270239154 ], [ 126.602923035003172, 36.86444638623157 ], [ 126.602789546745484, 36.864366465666457 ], [ 126.602686040267599, 36.864278985552538 ], [ 126.602685928125339, 36.864278985179013 ], [ 126.598832882293294, 36.864127501469973 ], [ 126.598170118681765, 36.864104635665768 ], [ 126.59799134466104, 36.864071296688891 ], [ 126.597963662160979, 36.864164700473367 ], [ 126.597965708996796, 36.864176475605852 ], [ 126.597966493783588, 36.864185110691835 ], [ 126.597969876907882, 36.864202990706453 ], [ 126.598043862939761, 36.864208556479866 ], [ 126.598488004119346, 36.864241860802053 ], [ 126.598986544524749, 36.864273454073953 ], [ 126.599107579848848, 36.86433198121815 ], [ 126.599148866973991, 36.864328515612691 ], [ 126.599179801306505, 36.864310327440052 ], [ 126.601755946845429, 36.864403207991828 ], [ 126.602183913979346, 36.86444194115878 ], [ 126.602355865218698, 36.864478828418015 ], [ 126.602566866045478, 36.864532966249129 ], [ 126.602663213151999, 36.864595282206714 ], [ 126.602807639942966, 36.864663525165362 ], [ 126.60292198620462, 36.864736804032596 ], [ 126.603077813269422, 36.86487789267705 ], [ 126.603191588541577, 36.865018570908568 ], [ 126.603243263553907, 36.865110293529774 ], [ 126.603368130182972, 36.865427441872647 ], [ 126.605024544235022, 36.86933753946473 ], [ 126.605017920765448, 36.869360675527332 ], [ 126.605159258342823, 36.869705449669262 ], [ 126.605156626547327, 36.869737519734642 ], [ 126.605178618723684, 36.869801119321735 ] ] ] } },
{ "type": "Feature", "properties": { "PNU": "4427034036105940000", "JIBUN": "594구", "BCHK": "1" }, "geometry": { "type": "Polygon", "coordinates": [ [ [ 126.605605923187326, 36.869625108452787 ], [ 126.605562483764885, 36.869522781293021 ], [ 126.605089039505472, 36.868439366908888 ], [ 126.605066118247677, 36.868382071841857 ], [ 126.605047947762642, 36.868338759386532 ], [ 126.60467179510232, 36.867421465740001 ], [ 126.604661169630177, 36.867394037401624 ], [ 126.60462492462554, 36.867310746701691 ], [ 126.604277626843924, 36.866476267348013 ], [ 126.60424230177334, 36.866432357193275 ], [ 126.604224453823221, 36.866391929157437 ], [ 126.60385390438546, 36.865479156711977 ], [ 126.603837801593542, 36.865426569695309 ], [ 126.603683455265866, 36.865040841067902 ], [ 126.603639963740974, 36.864993209124897 ], [ 126.603631770785768, 36.864994443427157 ], [ 126.603469593849553, 36.864779535134467 ], [ 126.603220139845376, 36.864505044617957 ], [ 126.603070919207269, 36.864387766911634 ], [ 126.60304466770134, 36.864346139307123 ], [ 126.602869484573162, 36.864283561218826 ], [ 126.602777762417332, 36.864281273421049 ], [ 126.602686040267599, 36.864278985552538 ], [ 126.602789546745484, 36.864366465666457 ], [ 126.602923035003172, 36.86444638623157 ], [ 126.603140295969254, 36.864613270239154 ], [ 126.603352732448528, 36.864846097588384 ], [ 126.60351493610122, 36.865055779804976 ], [ 126.603588876408466, 36.865201191128683 ], [ 126.605455900786879, 36.869705440032206 ], [ 126.605605923187326, 36.869625108452787 ] ] ] } },
{ "type": "Feature", "properties": { "PNU": "4427034036105950000", "JIBUN": "595도", "BCHK": "1" }, "geometry": { "type": "Polygon", "coordinates": [ [ [ 126.605562483764885, 36.869522781293021 ], [ 126.605605923187326, 36.869625108452787 ], [ 126.605806259802662, 36.869465286672444 ], [ 126.606037544739692, 36.869306377746888 ], [ 126.606101011801044, 36.869242700111435 ], [ 126.60618423239994, 36.8691322310125 ], [ 126.606263242607668, 36.869055538806663 ], [ 126.606329106995787, 36.869005475408628 ], [ 126.6065446198144, 36.868881926238139 ], [ 126.606558185891828, 36.868860795383377 ], [ 126.606558253733724, 36.868860687476406 ], [ 126.606600610505723, 36.868788758044275 ], [ 126.606286764611355, 36.868973617312641 ], [ 126.606195655752956, 36.86904765643429 ], [ 126.606085859671282, 36.869179213384719 ], [ 126.605990138520411, 36.869277836852589 ], [ 126.605880147275258, 36.869359742940098 ], [ 126.605713368783029, 36.869471016957554 ], [ 126.605562483764885, 36.869522781293021 ] ] ] } },
{ "type": "Feature", "properties": { "PNU": "4427034036105960000", "JIBUN": "596구", "BCHK": "1" }, "geometry": { "type": "Polygon", "coordinates": [ [ [ 126.606635300435713, 36.866625860938882 ], [ 126.606596903246299, 36.866309307625002 ], [ 126.606604242758252, 36.865948265133525 ], [ 126.606604721979551, 36.865937877147822 ], [ 126.606619195877713, 36.865622552430089 ], [ 126.606621404551191, 36.865574369425012 ], [ 126.606608006458018, 36.865584687775282 ], [ 126.606585933873703, 36.86593198513431 ], [ 126.606582911438409, 36.866172385936892 ], [ 126.606587496969098, 36.866350456407275 ], [ 126.60660337930409, 36.866534421211917 ], [ 126.606640479811745, 36.866845779959299 ], [ 126.60670049135183, 36.867194699552279 ], [ 126.606726947457815, 36.867482324486318 ], [ 126.606766251559833, 36.867845503063101 ], [ 126.606781598904846, 36.868156339443182 ], [ 126.606772943410348, 36.86837987121887 ], [ 126.606715426130009, 36.86850853739395 ], [ 126.606644072019975, 36.868645447933005 ], [ 126.606578099780606, 36.868738673338413 ], [ 126.606463066703625, 36.868841829057757 ], [ 126.606414777934191, 36.868876271569398 ], [ 126.606360033300788, 36.868901141209108 ], [ 126.606312330003902, 36.868928539091534 ], [ 126.606266898812578, 36.868954628863882 ], [ 126.606179264280527, 36.869029129985933 ], [ 126.606066412043248, 36.869166173473786 ], [ 126.605970809027724, 36.869263625900295 ], [ 126.605864317945645, 36.869340947979865 ], [ 126.605697413018092, 36.869455014934417 ], [ 126.605713368783029, 36.869471016957554 ], [ 126.605880147275258, 36.869359742940098 ], [ 126.605990138520411, 36.869277836852589 ], [ 126.606085859671282, 36.869179213384719 ], [ 126.606195655752956, 36.86904765643429 ], [ 126.606286764611355, 36.868973617312641 ], [ 126.606600610505723, 36.868788758044275 ], [ 126.606661249789454, 36.868685693167045 ], [ 126.606728448252539, 36.868541190755451 ], [ 126.606746682463111, 36.868501945347717 ], [ 126.606755232468913, 36.868483564276609 ], [ 126.606756842646959, 36.868480109401233 ], [ 126.606764893534972, 36.868462835024005 ], [ 126.606794996599106, 36.868387783394446 ], [ 126.606799948800429, 36.868138342097005 ], [ 126.606800659381534, 36.868102408988534 ], [ 126.606801037659196, 36.868083235050015 ], [ 126.606796600207176, 36.868001248306555 ], [ 126.606795493269615, 36.867980825968374 ], [ 126.606777772093864, 36.86765387928434 ], [ 126.606776596390446, 36.867644729349152 ], [ 126.606766944475638, 36.867569249298072 ], [ 126.606734903384677, 36.867318920086973 ], [ 126.60671263337008, 36.867144909325837 ], [ 126.606706018938027, 36.867100535883552 ], [ 126.606643898663052, 36.866683631123863 ], [ 126.606643898709081, 36.866683622113108 ], [ 126.606642369645868, 36.866673398713147 ], [ 126.606635300435713, 36.866625860938882 ] ] ] } },
{ "type": "Feature", "properties": { "PNU": "4427034036105970000", "JIBUN": "597도", "BCHK": "1" }, "geometry": { "type": "Polygon", "coordinates": [ [ [ 126.606676747015101, 36.868484080446045 ], [ 126.60670310219237, 36.868440194178426 ], [ 126.605066118247677, 36.868382071841857 ], [ 126.605089039505472, 36.868439366908888 ], [ 126.60512239932585, 36.86842938514684 ], [ 126.605750266842179, 36.868441464085549 ], [ 126.606102910408993, 36.868457163670499 ], [ 126.606161316215577, 36.868459762430909 ], [ 126.606676747015101, 36.868484080446045 ] ] ] } },
{ "type": "Feature", "properties": { "PNU": "4427034036105980000", "JIBUN": "598구", "BCHK": "1" }, "geometry": { "type": "Polygon", "coordinates": [ [ [ 126.606720272220258, 36.868394115006971 ], [ 126.60600352199765, 36.868371835662025 ], [ 126.605467327684252, 36.868350780086701 ], [ 126.605047947762642, 36.868338759386532 ], [ 126.605066118247677, 36.868382071841857 ], [ 126.60670310219237, 36.868440194178426 ], [ 126.606720272220258, 36.868394115006971 ] ] ] } },
{ "type": "Feature", "properties": { "PNU": "4427034036105990000", "JIBUN": "599도", "BCHK": "1" }, "geometry": { "type": "Polygon", "coordinates": [ [ [ 126.6041965452998, 36.85931854835988 ], [ 126.604307888185744, 36.859322504073724 ], [ 126.604317435498729, 36.859295439941043 ], [ 126.604197504334081, 36.859284670527849 ], [ 126.6041965452998, 36.85931854835988 ] ] ] } },
{ "type": "Feature", "properties": { "PNU": "4427034036105990001", "JIBUN": "599-1 도", "BCHK": "1" }, "geometry": { "type": "Polygon", "coordinates": [ [ [ 126.604307888185744, 36.859322504073724 ], [ 126.604381201167953, 36.859325108085528 ], [ 126.604353863223707, 36.859298705568854 ], [ 126.604317435498729, 36.859295439941043 ], [ 126.604307888185744, 36.859322504073724 ] ] ] } },
{ "type": "Feature", "properties": { "PNU": "4427034036106000000", "JIBUN": "600도", "BCHK": "1" }, "geometry": { "type": "Polygon", "coordinates": [ [ [ 126.606676747015101, 36.868484080446045 ], [ 126.606616364555421, 36.86862472161252 ], [ 126.606546718553759, 36.868712618457501 ], [ 126.606425147439936, 36.868800343945928 ], [ 126.606414777934191, 36.868876271569398 ], [ 126.606463066703625, 36.868841829057757 ], [ 126.606578099780606, 36.868738673338413 ], [ 126.606644072019975, 36.868645447933005 ], [ 126.606715426130009, 36.86850853739395 ], [ 126.606772943410348, 36.86837987121887 ], [ 126.606781598904846, 36.868156339443182 ], [ 126.606766251559833, 36.867845503063101 ], [ 126.606726947457815, 36.867482324486318 ], [ 126.60670049135183, 36.867194699552279 ], [ 126.606640479811745, 36.866845779959299 ], [ 126.60660337930409, 36.866534421211917 ], [ 126.606587496969098, 36.866350456407275 ], [ 126.606582911438409, 36.866172385936892 ], [ 126.606585933873703, 36.86593198513431 ], [ 126.606608006458018, 36.865584687775282 ], [ 126.606621404551191, 36.865574369425012 ], [ 126.606632084924101, 36.865507705969129 ], [ 126.606545729112781, 36.865503979005695 ], [ 126.60652223971006, 36.865502964393684 ], [ 126.606388130948886, 36.865497277611198 ], [ 126.606329009182943, 36.865492577064529 ], [ 126.6062298374124, 36.865499368350015 ], [ 126.606186703865291, 36.865491026039983 ], [ 126.606127576282603, 36.865496237363033 ], [ 126.606114546524694, 36.865522235838341 ], [ 126.606188059163713, 36.865533021304351 ], [ 126.606556922268098, 36.865552080060588 ], [ 126.606556564021332, 36.865578300595644 ], [ 126.606556790818516, 36.865665616955923 ], [ 126.606539743593899, 36.8659292196282 ], [ 126.606535270494021, 36.866168173900704 ], [ 126.606543011450213, 36.866474930402553 ], [ 126.60655021509973, 36.86651370102328 ], [ 126.60655267963682, 36.86655813287782 ], [ 126.606583604896102, 36.866826939838056 ], [ 126.606647810994914, 36.867188939092223 ], [ 126.606676550801822, 36.867468551870118 ], [ 126.606677519015619, 36.867498561347318 ], [ 126.606718305199294, 36.867856969050521 ], [ 126.606735819191044, 36.868138797495881 ], [ 126.606734260008992, 36.86831234219693 ], [ 126.606720272220258, 36.868394115006971 ], [ 126.60670310219237, 36.868440194178426 ], [ 126.606676747015101, 36.868484080446045 ] ] ] } },
{ "type": "Feature", "properties": { "PNU": "4427034036106010000", "JIBUN": "601구", "BCHK": "1" }, "geometry": { "type": "Polygon", "coordinates": [ [ [ 126.606046151910036, 36.867470526480894 ], [ 126.606677519015619, 36.867498561347318 ], [ 126.606676550801822, 36.867468551870118 ], [ 126.605518044478458, 36.867426429961384 ], [ 126.605403788485461, 36.867421816934424 ], [ 126.605053720419221, 36.86741002553066 ], [ 126.604661169630177, 36.867394037401624 ], [ 126.60467179510232, 36.867421465740001 ], [ 126.605519370835779, 36.86745211540137 ], [ 126.606046151910036, 36.867470526480894 ] ] ] } },
{ "type": "Feature", "properties": { "PNU": "4427034036106020000", "JIBUN": "602도", "BCHK": "1" }, "geometry": { "type": "Polygon", "coordinates": [ [ [ 126.605569672802531, 36.866520915456768 ], [ 126.60616517018299, 36.86654396853168 ], [ 126.60655267963682, 36.86655813287782 ], [ 126.60655021509973, 36.86651370102328 ], [ 126.60424230177334, 36.866432357193275 ], [ 126.604277626843924, 36.866476267348013 ], [ 126.604631181363558, 36.866485279205655 ], [ 126.605100092146159, 36.866502781766997 ], [ 126.605455868120984, 36.866516033648054 ], [ 126.605569672802531, 36.866520915456768 ] ] ] } },
{ "type": "Feature", "properties": { "PNU": "4427034036106030000", "JIBUN": "603구", "BCHK": "1" }, "geometry": { "type": "Polygon", "coordinates": [ [ [ 126.606543011450213, 36.866474930402553 ], [ 126.606214478972788, 36.866463303566519 ], [ 126.605577377618502, 36.866439842855783 ], [ 126.60493647021238, 36.866415104600101 ], [ 126.604573524444362, 36.866400475763577 ], [ 126.604253945741505, 36.866392477550008 ], [ 126.604224453823221, 36.866391929157437 ], [ 126.60424230177334, 36.866432357193275 ], [ 126.60655021509973, 36.86651370102328 ], [ 126.606543011450213, 36.866474930402553 ] ] ] } },
{ "type": "Feature", "properties": { "PNU": "4427034036106040000", "JIBUN": "604도", "BCHK": "1" }, "geometry": { "type": "Polygon", "coordinates": [ [ [ 126.604042249468989, 36.858706826406582 ], [ 126.604035334162802, 36.85867778832673 ], [ 126.603962885782096, 36.858657633722842 ], [ 126.603893551712517, 36.858664251815078 ], [ 126.603155069877602, 36.858633593301896 ], [ 126.603150252341933, 36.858676288982551 ], [ 126.604042249468989, 36.858706826406582 ] ] ] } },
{ "type": "Feature", "properties": { "PNU": "4427034036106050000", "JIBUN": "605도", "BCHK": "1" }, "geometry": { "type": "Polygon", "coordinates": [ [ [ 126.606082053823016, 36.865801466409472 ], [ 126.606142023961581, 36.86580698086135 ], [ 126.606156242357784, 36.865570491710692 ], [ 126.606108289344135, 36.865561592806117 ], [ 126.606082053823016, 36.865801466409472 ] ] ] } },
{ "type": "Feature", "properties": { "PNU": "4427034036106060000", "JIBUN": "606구", "BCHK": "1" }, "geometry": { "type": "Polygon", "coordinates": [ [ [ 126.606268179315691, 36.86556752719909 ], [ 126.606556564021332, 36.865578300595644 ], [ 126.606556922268098, 36.865552080060588 ], [ 126.606188059163713, 36.865533021304351 ], [ 126.606114546524694, 36.865522235838341 ], [ 126.605631398240348, 36.865504870440446 ], [ 126.605156544233736, 36.865488431623646 ], [ 126.604873551791684, 36.865475960622277 ], [ 126.604692479401734, 36.865467521216004 ], [ 126.604507038527757, 36.865458075851514 ], [ 126.604230211921575, 36.865446074306512 ], [ 126.603925356830032, 36.865432537311051 ], [ 126.603837801593542, 36.865426569695309 ], [ 126.60385390438546, 36.865479156711977 ], [ 126.604294226895348, 36.865493684006474 ], [ 126.604624868967036, 36.865508567056224 ], [ 126.604992084946687, 36.865520686815984 ], [ 126.605626482390733, 36.865545042797713 ], [ 126.606108289344135, 36.865561592806117 ], [ 126.606156242357784, 36.865570491710692 ], [ 126.606268179315691, 36.86556752719909 ] ] ] } },
{ "type": "Feature", "properties": { "PNU": "4427034036106070000", "JIBUN": "607구", "BCHK": "1" }, "geometry": { "type": "Polygon", "coordinates": [ [ [ 126.606186703865291, 36.865491026039983 ], [ 126.6062298374124, 36.865499368350015 ], [ 126.606269153767116, 36.864938209189418 ], [ 126.606279334646857, 36.86492103197341 ], [ 126.606310465979533, 36.864425255856908 ], [ 126.606257659747442, 36.864422558517155 ], [ 126.606186703865291, 36.865491026039983 ] ] ] } },
{ "type": "Feature", "properties": { "PNU": "4427034036106080000", "JIBUN": "608구", "BCHK": "1" }, "geometry": { "type": "Polygon", "coordinates": [ [ [ 126.606986214725893, 36.864453804943565 ], [ 126.606899035261378, 36.86445568030603 ], [ 126.606703961339988, 36.864934146893951 ], [ 126.606771252827883, 36.864933287426574 ], [ 126.606794567805295, 36.864891553703274 ], [ 126.606888610154911, 36.864676737413475 ], [ 126.606986214725893, 36.864453804943565 ] ] ] } },
{ "type": "Feature", "properties": { "PNU": "4427034036106090000", "JIBUN": "609구", "BCHK": "1" }, "geometry": { "type": "Polygon", "coordinates": [ [ [ 126.605690219054537, 36.864442499583305 ], [ 126.605705016334738, 36.864443629802956 ], [ 126.60570974191964, 36.864396788739271 ], [ 126.602869484573162, 36.864283561218826 ], [ 126.60304466770134, 36.864346139307123 ], [ 126.603647542243507, 36.864370491032865 ], [ 126.60399412348535, 36.864381554099744 ], [ 126.604297282095104, 36.864397067680727 ], [ 126.604568503821071, 36.86440787906497 ], [ 126.604746105140663, 36.86441477530078 ], [ 126.604913945011972, 36.864422630140467 ], [ 126.605206034214049, 36.864431797111322 ], [ 126.605690219054537, 36.864442499583305 ] ] ] } },
{ "type": "Feature", "properties": { "PNU": "4427034036106100000", "JIBUN": "610도", "BCHK": "1" }, "geometry": { "type": "Polygon", "coordinates": [ [ [ 126.598053869785247, 36.863988706248925 ], [ 126.598052937284749, 36.863995479302631 ], [ 126.598014970570532, 36.863992341718209 ], [ 126.598012257571924, 36.86400076677657 ], [ 126.59799134466104, 36.864071296688891 ], [ 126.598170118681765, 36.864104635665768 ], [ 126.598832882293294, 36.864127501469973 ], [ 126.602685928125339, 36.864278985179013 ], [ 126.602686040267599, 36.864278985552538 ], [ 126.602777762417332, 36.864281273421049 ], [ 126.602869484573162, 36.864283561218826 ], [ 126.60570974191964, 36.864396788739271 ], [ 126.606257659747442, 36.864422558517155 ], [ 126.606310465979533, 36.864425255856908 ], [ 126.606899035261378, 36.86445568030603 ], [ 126.606986214725893, 36.864453804943565 ], [ 126.607019460552493, 36.864377862465709 ], [ 126.606962042372913, 36.864375717932312 ], [ 126.606463330620812, 36.864357106201709 ], [ 126.606323803329516, 36.864360971051759 ], [ 126.606273736006415, 36.864349001530115 ], [ 126.606216108625929, 36.864346108041254 ], [ 126.605135500985, 36.864299463852639 ], [ 126.605082346907352, 36.864299017564754 ], [ 126.604999945404245, 36.864294239286139 ], [ 126.60461892929753, 36.864284506766801 ], [ 126.604495240346225, 36.864261479373333 ], [ 126.603945964772862, 36.864238391226344 ], [ 126.603890894135745, 36.864239920440532 ], [ 126.603859058257925, 36.864237381777748 ], [ 126.603038536228325, 36.864208522459016 ], [ 126.602840586098793, 36.864189841753984 ], [ 126.602688811767408, 36.864198257119682 ], [ 126.599233497363571, 36.864055769746308 ], [ 126.599166249747526, 36.864048335068404 ], [ 126.59915143951514, 36.864049727043337 ], [ 126.599099300106843, 36.864048290291294 ], [ 126.598460480470479, 36.864036049331204 ], [ 126.598136393344433, 36.864034417255354 ], [ 126.598088241727282, 36.863999472950908 ], [ 126.598053869785247, 36.863988706248925 ] ] ] } },
{ "type": "Feature", "properties": { "PNU": "4427034036106100001", "JIBUN": "610-1 도", "BCHK": "1" }, "geometry": { "type": "Polygon", "coordinates": [ [ [ 126.598014970570532, 36.863992341718209 ], [ 126.598052937284749, 36.863995479302631 ], [ 126.598053869785247, 36.863988706248925 ], [ 126.59801960980657, 36.863977975957937 ], [ 126.598014970570532, 36.863992341718209 ] ] ] } },
{ "type": "Feature", "properties": { "PNU": "4427034036106110000", "JIBUN": "611구", "BCHK": "1" }, "geometry": { "type": "Polygon", "coordinates": [ [ [ 126.602688811767408, 36.864198257119682 ], [ 126.60269180905199, 36.864138975380094 ], [ 126.601582163391114, 36.86409193185056 ], [ 126.601512552596247, 36.864086022459283 ], [ 126.60148351761822, 36.864084033171295 ], [ 126.600892522884521, 36.864061692622698 ], [ 126.600394089526148, 36.864031189012074 ], [ 126.6003265974214, 36.864027628858175 ], [ 126.599239560306344, 36.863989740224923 ], [ 126.599233497363571, 36.864055769746308 ], [ 126.602688811767408, 36.864198257119682 ] ] ] } },
{ "type": "Feature", "properties": { "PNU": "4427034036106120000", "JIBUN": "612구", "BCHK": "1" }, "geometry": { "type": "Polygon", "coordinates": [ [ [ 126.60064956069597, 36.861347949259262 ], [ 126.600545963825326, 36.861344016051888 ], [ 126.600543779888142, 36.86139753350654 ], [ 126.600646370531948, 36.861400895660353 ], [ 126.60064956069597, 36.861347949259262 ] ] ] } },
{ "type": "Feature", "properties": { "PNU": "4427034036106120001", "JIBUN": "612-1 구", "BCHK": "1" }, "geometry": { "type": "Polygon", "coordinates": [ [ [ 126.600646370531948, 36.861400895660353 ], [ 126.601645368327851, 36.861433656546311 ], [ 126.6016508858131, 36.861385917180336 ], [ 126.60064956069597, 36.861347949259262 ], [ 126.600646370531948, 36.861400895660353 ] ] ] } },
{ "type": "Feature", "properties": { "PNU": "4427034036106130000", "JIBUN": "613도", "BCHK": "1" }, "geometry": { "type": "Polygon", "coordinates": [ [ [ 126.600651893193941, 36.861309020952675 ], [ 126.600551436189917, 36.861305107272671 ], [ 126.600545963825326, 36.861344016051888 ], [ 126.60064956069597, 36.861347949259262 ], [ 126.600651893193941, 36.861309020952675 ] ] ] } },
{ "type": "Feature", "properties": { "PNU": "4427034036106130001", "JIBUN": "613-1 도", "BCHK": "1" }, "geometry": { "type": "Polygon", "coordinates": [ [ [ 126.60064956069597, 36.861347949259262 ], [ 126.6016508858131, 36.861385917180336 ], [ 126.601651468289148, 36.86133834155202 ], [ 126.601569797365244, 36.861344736862748 ], [ 126.600651893193941, 36.861309020952675 ], [ 126.60064956069597, 36.861347949259262 ] ] ] } },
{ "type": "Feature", "properties": { "PNU": "4427034036106140000", "JIBUN": "614구", "BCHK": "1" }, "geometry": { "type": "Polygon", "coordinates": [ [ [ 126.60165343208142, 36.861786910898758 ], [ 126.601625789913967, 36.861786818587881 ], [ 126.601603370514567, 36.862181871814535 ], [ 126.601589923640063, 36.86233167821527 ], [ 126.60157774028724, 36.862605749172673 ], [ 126.601561190362631, 36.862878453895547 ], [ 126.60153413087906, 36.863231680954378 ], [ 126.60148351761822, 36.864084033171295 ], [ 126.601512552596247, 36.864086022459283 ], [ 126.60165343208142, 36.861786910898758 ] ] ] } },
{ "type": "Feature", "properties": { "PNU": "4427034036106140001", "JIBUN": "614-1 구", "BCHK": "1" }, "geometry": { "type": "Polygon", "coordinates": [ [ [ 126.601625789913967, 36.861786818587881 ], [ 126.60165343208142, 36.861786910898758 ], [ 126.601716164975727, 36.860763040118371 ], [ 126.601685511800156, 36.860757612324271 ], [ 126.601671150073813, 36.86104537266673 ], [ 126.601651468289148, 36.86133834155202 ], [ 126.6016508858131, 36.861385917180336 ], [ 126.601645368327851, 36.861433656546311 ], [ 126.601631256335068, 36.861690420176238 ], [ 126.601625789913967, 36.861786818587881 ] ] ] } },
{ "type": "Feature", "properties": { "PNU": "4427034036106140002", "JIBUN": "614-2 구", "BCHK": "1" }, "geometry": { "type": "Polygon", "coordinates": [ [ [ 126.601685511800156, 36.860757612324271 ], [ 126.601716164975727, 36.860763040118371 ], [ 126.601844834487025, 36.858662838088947 ], [ 126.601812430075853, 36.858662279384134 ], [ 126.601795619372012, 36.85896408868723 ], [ 126.601785821636383, 36.859145715878519 ], [ 126.601758201377137, 36.85954282446167 ], [ 126.60174804161619, 36.859772748882172 ], [ 126.601730841912953, 36.859997874008634 ], [ 126.601719824976257, 36.860220046167854 ], [ 126.601701274312603, 36.860446157961604 ], [ 126.601686037295124, 36.860747071320091 ], [ 126.601685511800156, 36.860757612324271 ] ] ] } },
{ "type": "Feature", "properties": { "PNU": "4427034036106150000", "JIBUN": "615도", "BCHK": "1" }, "geometry": { "type": "Polygon", "coordinates": [ [ [ 126.601702425440635, 36.861787074496036 ], [ 126.60165343208142, 36.861786910898758 ], [ 126.601512552596247, 36.864086022459283 ], [ 126.601582163391114, 36.86409193185056 ], [ 126.60157094447402, 36.864049453039627 ], [ 126.601590120990039, 36.863767656133241 ], [ 126.601608438256065, 36.863500183672578 ], [ 126.601613174962438, 36.863364945869712 ], [ 126.601619446196707, 36.86323656147335 ], [ 126.601638300775562, 36.862843478808152 ], [ 126.601653638607402, 36.862588251174806 ], [ 126.601672339113605, 36.862333305084114 ], [ 126.601677349630052, 36.862145084057225 ], [ 126.601688671415928, 36.861972472960566 ], [ 126.601696178384032, 36.861886984555305 ], [ 126.601702425440635, 36.861787074496036 ] ] ] } },
{ "type": "Feature", "properties": { "PNU": "4427034036106150001", "JIBUN": "615-1 도", "BCHK": "1" }, "geometry": { "type": "Polygon", "coordinates": [ [ [ 126.60175682816363, 36.860849491336715 ], [ 126.601710898613064, 36.860848977556898 ], [ 126.60165343208142, 36.861786910898758 ], [ 126.601702425440635, 36.861787074496036 ], [ 126.601712072301098, 36.861632569710316 ], [ 126.601727325899475, 36.861436903808304 ], [ 126.601726016892329, 36.861386438375426 ], [ 126.602361277988635, 36.861410445144962 ], [ 126.602361814063642, 36.861371772130951 ], [ 126.601754584425223, 36.861348507736714 ], [ 126.601726628675891, 36.861333185974871 ], [ 126.601748027644064, 36.861033374521547 ], [ 126.60175682816363, 36.860849491336715 ] ] ] } },
{ "type": "Feature", "properties": { "PNU": "4427034036106150002", "JIBUN": "615-2 도", "BCHK": "1" }, "geometry": { "type": "Polygon", "coordinates": [ [ [ 126.602361277988635, 36.861410445144962 ], [ 126.602853028190424, 36.861429032844299 ], [ 126.602854571773562, 36.861390651530712 ], [ 126.602361814063642, 36.861371772130951 ], [ 126.602361277988635, 36.861410445144962 ] ] ] } },
{ "type": "Feature", "properties": { "PNU": "4427034036106150003", "JIBUN": "615-3 도", "BCHK": "1" }, "geometry": { "type": "Polygon", "coordinates": [ [ [ 126.601710898613064, 36.860848977556898 ], [ 126.60175682816363, 36.860849491336715 ], [ 126.601764322962296, 36.860744629424033 ], [ 126.601784238665232, 36.860449678870829 ], [ 126.601794717599077, 36.860223089574063 ], [ 126.601804532327392, 36.860103277287706 ], [ 126.601824502771876, 36.859775977723395 ], [ 126.601842374491099, 36.859550944926141 ], [ 126.601866922076582, 36.859140760251975 ], [ 126.601873409187974, 36.859035534501892 ], [ 126.601893424459234, 36.85874283690238 ], [ 126.601905695800795, 36.85866835764373 ], [ 126.601844834487025, 36.858662838088947 ], [ 126.601710898613064, 36.860848977556898 ] ] ] } },
{ "type": "Feature", "properties": { "PNU": "4427034036106160000", "JIBUN": "616구", "BCHK": "1" }, "geometry": { "type": "Polygon", "coordinates": [ [ [ 126.602360682367859, 36.86146065191754 ], [ 126.602848285265324, 36.861478937463446 ], [ 126.602853028190424, 36.861429032844299 ], [ 126.602361277988635, 36.861410445144962 ], [ 126.602360682367859, 36.86146065191754 ] ] ] } },
{ "type": "Feature", "properties": { "PNU": "4427034036106160001", "JIBUN": "616-1 구", "BCHK": "1" }, "geometry": { "type": "Polygon", "coordinates": [ [ [ 126.602361277988635, 36.861410445144962 ], [ 126.601726016892329, 36.861386438375426 ], [ 126.601727325899475, 36.861436903808304 ], [ 126.602360682367859, 36.86146065191754 ], [ 126.602361277988635, 36.861410445144962 ] ] ] } },
{ "type": "Feature", "properties": { "PNU": "4427034036106170000", "JIBUN": "617구", "BCHK": "1" }, "geometry": { "type": "Polygon", "coordinates": [ [ [ 126.602873827203084, 36.861105538526331 ], [ 126.602854571773562, 36.861390651530712 ], [ 126.602853028190424, 36.861429032844299 ], [ 126.602848285265324, 36.861478937463446 ], [ 126.602837079862184, 36.861672995030951 ], [ 126.602823090912267, 36.861928407576578 ], [ 126.602818387738836, 36.862014085609296 ], [ 126.602810322381615, 36.862186347225759 ], [ 126.602798572329633, 36.862377249136429 ], [ 126.602783696671167, 36.862630586186278 ], [ 126.602770046084018, 36.862885549265044 ], [ 126.602743337671143, 36.863280498256543 ], [ 126.602737753707359, 36.86340645206171 ], [ 126.602729251853688, 36.863554562962868 ], [ 126.602714404176325, 36.863824119666859 ], [ 126.60269180905199, 36.864138975380094 ], [ 126.602688811767408, 36.864198257119682 ], [ 126.602840586098793, 36.864189841753984 ], [ 126.602837377351733, 36.864072689367674 ], [ 126.602849324780749, 36.863865298217242 ], [ 126.602865838616211, 36.863577004369901 ], [ 126.602886299083025, 36.863284488520819 ], [ 126.602918193399091, 36.862753582243656 ], [ 126.602926296214221, 36.862574021929454 ], [ 126.602939160410315, 36.862384475355697 ], [ 126.602945510433642, 36.862218605767275 ], [ 126.602980164823506, 36.861674192206635 ], [ 126.602990419867695, 36.861446881224886 ], [ 126.602992708201171, 36.86139453548622 ], [ 126.602997585509257, 36.861296783404434 ], [ 126.603007926990983, 36.861117951362388 ], [ 126.603011298745486, 36.861059914334078 ], [ 126.602873827203084, 36.861105538526331 ] ] ] } },
{ "type": "Feature", "properties": { "PNU": "4427034036106170001", "JIBUN": "617-1 구", "BCHK": "1" }, "geometry": { "type": "Polygon", "coordinates": [ [ [ 126.602918047282841, 36.860308734220105 ], [ 126.602905074768941, 36.860491080784485 ], [ 126.602894024053555, 36.860785700609632 ], [ 126.602887652166331, 36.860890566335016 ], [ 126.602875940166115, 36.861074169589848 ], [ 126.602873827203084, 36.861105538526331 ], [ 126.603011298745486, 36.861059914334078 ], [ 126.603023679412573, 36.860846595324304 ], [ 126.603043914866362, 36.860575704734707 ], [ 126.603050484073847, 36.860497782259756 ], [ 126.603063919566537, 36.860255992271576 ], [ 126.602918047282841, 36.860308734220105 ] ] ] } },
{ "type": "Feature", "properties": { "PNU": "4427034036106170002", "JIBUN": "617-2 구", "BCHK": "1" }, "geometry": { "type": "Polygon", "coordinates": [ [ [ 126.603063919566537, 36.860255992271576 ], [ 126.603074834483024, 36.860059392592035 ], [ 126.6030910535315, 36.859784433685213 ], [ 126.603103555775874, 36.859599661578663 ], [ 126.603102982527147, 36.85951504725228 ], [ 126.60311771526753, 36.859245580024627 ], [ 126.603142359451397, 36.858815301043322 ], [ 126.603152067427388, 36.858715762800315 ], [ 126.603002620942974, 36.85870976889354 ], [ 126.602985157586517, 36.859073841577072 ], [ 126.602979423964157, 36.859185467643435 ], [ 126.602957033314738, 36.859591694939823 ], [ 126.602946317386383, 36.859821437401081 ], [ 126.602928957784968, 36.860143519528798 ], [ 126.602921154899207, 36.860264960571676 ], [ 126.602918047282841, 36.860308734220105 ], [ 126.603063919566537, 36.860255992271576 ] ] ] } },
{ "type": "Feature", "properties": { "PNU": "4427034036106180000", "JIBUN": "618도", "BCHK": "1" }, "geometry": { "type": "Polygon", "coordinates": [ [ [ 126.604019880499067, 36.861487608079841 ], [ 126.604025423380506, 36.861434642359768 ], [ 126.602992708201171, 36.86139453548622 ], [ 126.602990419867695, 36.861446881224886 ], [ 126.604019880499067, 36.861487608079841 ] ] ] } },
{ "type": "Feature", "properties": { "PNU": "4427034036106190000", "JIBUN": "619구", "BCHK": "1" }, "geometry": { "type": "Polygon", "coordinates": [ [ [ 126.604077482003774, 36.860574462919971 ], [ 126.604074908755678, 36.860621302079629 ], [ 126.60405813372887, 36.860895988918159 ], [ 126.60404298130787, 36.861160408695326 ], [ 126.604032088952152, 36.861337797259196 ], [ 126.604025423380506, 36.861434642359768 ], [ 126.604019880499067, 36.861487608079841 ], [ 126.604006744396642, 36.861708782178127 ], [ 126.603976694053728, 36.862253391556955 ], [ 126.603963262465797, 36.862422932165302 ], [ 126.603953264985037, 36.862600684090239 ], [ 126.603944445855532, 36.862789162895297 ], [ 126.603912425161695, 36.863324214058522 ], [ 126.603895572407652, 36.863613768474863 ], [ 126.603878393287189, 36.86390133939237 ], [ 126.603869256353747, 36.864107929004426 ], [ 126.603859058257925, 36.864237381777748 ], [ 126.603890894135745, 36.864239920440532 ], [ 126.604100828316049, 36.860563745337373 ], [ 126.604077482003774, 36.860574462919971 ] ] ] } },
{ "type": "Feature", "properties": { "PNU": "4427034036106190001", "JIBUN": "619-1 구", "BCHK": "1" }, "geometry": { "type": "Polygon", "coordinates": [ [ [ 126.604132067670875, 36.859571441799666 ], [ 126.604110684177058, 36.859566865383883 ], [ 126.604106122720466, 36.859631827899989 ], [ 126.604100831871037, 36.859766703624267 ], [ 126.604103376378632, 36.859817083040042 ], [ 126.604113936043902, 36.859944352091851 ], [ 126.604104532790856, 36.860093901939592 ], [ 126.604079732753547, 36.86053364197479 ], [ 126.604077482003774, 36.860574462919971 ], [ 126.604100828316049, 36.860563745337373 ], [ 126.604136379442338, 36.859941272753318 ], [ 126.604122354514445, 36.859768216795111 ], [ 126.604132067670875, 36.859571441799666 ] ] ] } },
{ "type": "Feature", "properties": { "PNU": "4427034036106190002", "JIBUN": "619-2 구", "BCHK": "1" }, "geometry": { "type": "Polygon", "coordinates": [ [ [ 126.604110684177058, 36.859566865383883 ], [ 126.604132067670875, 36.859571441799666 ], [ 126.604174424140055, 36.85871339246237 ], [ 126.604042249468989, 36.858706826406582 ], [ 126.603150252341933, 36.858676288982551 ], [ 126.603152067427388, 36.858715762800315 ], [ 126.604139809099848, 36.858750222328531 ], [ 126.604136497298811, 36.858849151116551 ], [ 126.604123053184736, 36.859283161956633 ], [ 126.60411156755427, 36.859554262055802 ], [ 126.604110684177058, 36.859566865383883 ] ] ] } },
{ "type": "Feature", "properties": { "PNU": "4427034036106200000", "JIBUN": "620도", "BCHK": "1" }, "geometry": { "type": "Polygon", "coordinates": [ [ [ 126.604100828316049, 36.860563745337373 ], [ 126.603890894135745, 36.864239920440532 ], [ 126.603945964772862, 36.864238391226344 ], [ 126.603936627771802, 36.864200424334726 ], [ 126.603961351709955, 36.863797719157645 ], [ 126.604006048179855, 36.863087448058707 ], [ 126.604037284913048, 36.862508421037916 ], [ 126.604040646645572, 36.86242165719954 ], [ 126.604078887915051, 36.861701542591703 ], [ 126.604100072747997, 36.861485261085406 ], [ 126.605188748200391, 36.861525273235813 ], [ 126.605190451714975, 36.861477340859494 ], [ 126.604101792688397, 36.861434265073058 ], [ 126.604113637279724, 36.861137034628008 ], [ 126.60412404566766, 36.860966492732153 ], [ 126.60414809453232, 36.860541978658183 ], [ 126.604100828316049, 36.860563745337373 ] ] ] } },
{ "type": "Feature", "properties": { "PNU": "4427034036106200001", "JIBUN": "620-1 도", "BCHK": "1" }, "geometry": { "type": "Polygon", "coordinates": [ [ [ 126.604132067763516, 36.859571423778164 ], [ 126.604122354514445, 36.859768216795111 ], [ 126.604136379442338, 36.859941272753318 ], [ 126.604100828316049, 36.860563745337373 ], [ 126.60414809453232, 36.860541978658183 ], [ 126.604160489182689, 36.860355854464693 ], [ 126.604179132491353, 36.859957544142034 ], [ 126.604179745137657, 36.859729209787602 ], [ 126.604181548226435, 36.859600909459523 ], [ 126.604132067763516, 36.859571423778164 ] ] ] } },
{ "type": "Feature", "properties": { "PNU": "4427034036106200002", "JIBUN": "620-2 도", "BCHK": "1" }, "geometry": { "type": "Polygon", "coordinates": [ [ [ 126.604132067763516, 36.859571423778164 ], [ 126.604181548226435, 36.859600909459523 ], [ 126.604182400453851, 36.859539809323017 ], [ 126.604193404766988, 36.859362330952372 ], [ 126.6041965452998, 36.85931854835988 ], [ 126.604197504334081, 36.859284670527849 ], [ 126.604224038892553, 36.859030921279434 ], [ 126.604251144691546, 36.858796907799046 ], [ 126.604174424140055, 36.85871339246237 ], [ 126.604132067763516, 36.859571423778164 ] ] ] } },
{ "type": "Feature", "properties": { "PNU": "4427034036106210000", "JIBUN": "621도", "BCHK": "1" }, "geometry": { "type": "Polygon", "coordinates": [ [ [ 126.605082346907352, 36.864299017564754 ], [ 126.605142273244056, 36.863372264517935 ], [ 126.605117236485142, 36.863334155634703 ], [ 126.605100583613051, 36.863126309100977 ], [ 126.605082964137836, 36.863128863933447 ], [ 126.605071222821479, 36.863338815128962 ], [ 126.605071111452432, 36.863340851224123 ], [ 126.605066836747881, 36.863409049600442 ], [ 126.605066714903785, 36.863410941486471 ], [ 126.605045317847086, 36.863795861420158 ], [ 126.60504440210336, 36.863825729526305 ], [ 126.605036213453488, 36.863826152959135 ], [ 126.605010649781747, 36.863825167225222 ], [ 126.60497694857068, 36.864208199141636 ], [ 126.604999945404245, 36.864294239286139 ], [ 126.605082346907352, 36.864299017564754 ] ] ] } },
{ "type": "Feature", "properties": { "PNU": "4427034036106220000", "JIBUN": "622구", "BCHK": "1" }, "geometry": { "type": "Polygon", "coordinates": [ [ [ 126.605263393744124, 36.860189491258687 ], [ 126.605251729646895, 36.86039551407886 ], [ 126.60524079449047, 36.860581823439666 ], [ 126.605220565252239, 36.861006170170135 ], [ 126.605210718596993, 36.86117698435342 ], [ 126.605190451714975, 36.861477340859494 ], [ 126.605188748200391, 36.861525273235813 ], [ 126.605176493527068, 36.861772041356922 ], [ 126.605137509523431, 36.862464039859077 ], [ 126.605129905271497, 36.862547365544501 ], [ 126.605100583613051, 36.863126309100977 ], [ 126.605117236485142, 36.863334155634703 ], [ 126.605142273244056, 36.863372264517935 ], [ 126.605082346907352, 36.864299017564754 ], [ 126.605135500985, 36.864299463852639 ], [ 126.605146766502003, 36.864202003196773 ], [ 126.60516097561063, 36.863967856911955 ], [ 126.605170056630968, 36.8638152423012 ], [ 126.605187833527623, 36.863541369729333 ], [ 126.605198453563034, 36.863372901011154 ], [ 126.605161727899798, 36.863317993172977 ], [ 126.605166324530018, 36.862990101648172 ], [ 126.605182461052152, 36.862729920181771 ], [ 126.605200848101873, 36.86246821429615 ], [ 126.605225218081799, 36.861979994067596 ], [ 126.605239585721705, 36.861736657085814 ], [ 126.605256569229965, 36.861529913022224 ], [ 126.605254465544604, 36.861480886738029 ], [ 126.605305942796889, 36.860582669771304 ], [ 126.605313941986722, 36.860378418986109 ], [ 126.605324922216838, 36.860167951519109 ], [ 126.605263393744124, 36.860189491258687 ] ] ] } },
{ "type": "Feature", "properties": { "PNU": "4427034036106220001", "JIBUN": "622-1 구", "BCHK": "1" }, "geometry": { "type": "Polygon", "coordinates": [ [ [ 126.605324922216838, 36.860167951519109 ], [ 126.605327248117959, 36.860123274126131 ], [ 126.605337940609814, 36.859984271202904 ], [ 126.605336291245976, 36.859824682575919 ], [ 126.605357693010546, 36.859609032247548 ], [ 126.605364308461233, 36.859412165791873 ], [ 126.605385617555257, 36.859017558490685 ], [ 126.605362998677066, 36.859011176031686 ], [ 126.605331343016644, 36.859017649271514 ], [ 126.605312367009986, 36.85932891338026 ], [ 126.605293091243013, 36.859676760762987 ], [ 126.605282430444859, 36.859853339278459 ], [ 126.605263393744124, 36.860189491258687 ], [ 126.605324922216838, 36.860167951519109 ] ] ] } },
{ "type": "Feature", "properties": { "PNU": "4427034036106230000", "JIBUN": "623도", "BCHK": "1" }, "geometry": { "type": "Polygon", "coordinates": [ [ [ 126.606368449906256, 36.861571703227931 ], [ 126.606379145391273, 36.861519565378039 ], [ 126.605254465544604, 36.861480886738029 ], [ 126.605256569229965, 36.861529913022224 ], [ 126.606368449906256, 36.861571703227931 ] ] ] } },
{ "type": "Feature", "properties": { "PNU": "4427034036106240000", "JIBUN": "624구", "BCHK": "1" }, "geometry": { "type": "Polygon", "coordinates": [ [ [ 126.605976899931974, 36.859145152017717 ], [ 126.606012093918622, 36.85924273925481 ], [ 126.606115183835882, 36.85936724999744 ], [ 126.606127136572837, 36.859420093385339 ], [ 126.606127151492046, 36.859439106451312 ], [ 126.606124286720672, 36.859494964624368 ], [ 126.606159110588379, 36.859724226990295 ], [ 126.606198134700577, 36.859877721469672 ], [ 126.606228633303587, 36.859922155809983 ], [ 126.60626986638583, 36.85995067626515 ], [ 126.606455457320166, 36.860015986976208 ], [ 126.6064674506285, 36.860039004354896 ], [ 126.606459747533606, 36.860163960230032 ], [ 126.606447719634829, 36.860411089734576 ], [ 126.606430268961617, 36.860622157710402 ], [ 126.606419667514331, 36.860809549589675 ], [ 126.60641627759837, 36.861012103577245 ], [ 126.606406845528042, 36.861168141348749 ], [ 126.606390212916651, 36.861394620638464 ], [ 126.606379145391273, 36.861519565378039 ], [ 126.606368449906256, 36.861571703227931 ], [ 126.606360093466748, 36.861780548432634 ], [ 126.606346949542683, 36.862026502757807 ], [ 126.60631215906507, 36.862514418514692 ], [ 126.606297717736993, 36.862772803568156 ], [ 126.606285173019202, 36.863033087157639 ], [ 126.606258793975712, 36.863411007458296 ], [ 126.606248512684914, 36.86357947739436 ], [ 126.606228932395439, 36.863855867232566 ], [ 126.606220868280261, 36.86400740397734 ], [ 126.606203941955584, 36.86424721829345 ], [ 126.606200584505515, 36.864289738662805 ], [ 126.606232427398737, 36.864290925086685 ], [ 126.606500594307605, 36.860026678632849 ], [ 126.60647472281822, 36.85999838915108 ], [ 126.60627962245988, 36.859928721849784 ], [ 126.606244196962251, 36.859904816130062 ], [ 126.606222177382492, 36.859868880035407 ], [ 126.606184922059583, 36.859720347402103 ], [ 126.606155582150663, 36.859493175657285 ], [ 126.606154828535836, 36.85937738299657 ], [ 126.606125607906264, 36.859324302381182 ], [ 126.606046465278993, 36.85923149902063 ], [ 126.606006110369336, 36.859125649767158 ], [ 126.605976899931974, 36.859145152017717 ] ] ] } },
{ "type": "Feature", "properties": { "PNU": "4427034036106240001", "JIBUN": "624-1 구", "BCHK": "1" }, "geometry": { "type": "Polygon", "coordinates": [ [ [ 126.604999767844149, 36.858953980094384 ], [ 126.605365549233326, 36.858972978215739 ], [ 126.605880396884231, 36.858989187808284 ], [ 126.60592091815154, 36.859003288581349 ], [ 126.605969856641408, 36.859125638158432 ], [ 126.605976899931974, 36.859145152017717 ], [ 126.606006110369336, 36.859125649767158 ], [ 126.606004085402517, 36.859120344664973 ], [ 126.605945921948916, 36.858938042085427 ], [ 126.605739297000312, 36.858936323133833 ], [ 126.605423646510104, 36.858933693598644 ], [ 126.605298283379653, 36.858932648122313 ], [ 126.60523886913218, 36.85894444504806 ], [ 126.605026355302854, 36.858947436097111 ], [ 126.604999767844149, 36.858953980094384 ] ] ] } },
{ "type": "Feature", "properties": { "PNU": "4427034036106240002", "JIBUN": "624-2 구", "BCHK": "1" }, "geometry": { "type": "Polygon", "coordinates": [ [ [ 126.605298283379653, 36.858932648122313 ], [ 126.605209665755595, 36.858931913352784 ], [ 126.605160047650259, 36.858927099509074 ], [ 126.604688378906019, 36.858881347956327 ], [ 126.604319722021629, 36.858762983934909 ], [ 126.603848590162116, 36.858554259535204 ], [ 126.603826817423851, 36.858542572168552 ], [ 126.603737344576061, 36.858494553222691 ], [ 126.603722225569825, 36.858486438236795 ], [ 126.603494749028599, 36.858324837645405 ], [ 126.603275143308579, 36.858157099330349 ], [ 126.603233324422561, 36.858125151739245 ], [ 126.60322130594399, 36.858115974703402 ], [ 126.603176973945949, 36.858082108420746 ], [ 126.603174531483702, 36.858142653607693 ], [ 126.60354176229653, 36.858406452516633 ], [ 126.603820074762965, 36.858582459091998 ], [ 126.603962885782096, 36.858657633722842 ], [ 126.604035334162802, 36.85867778832673 ], [ 126.604042249468989, 36.858706826406582 ], [ 126.604174424140055, 36.85871339246237 ], [ 126.604251144691546, 36.858796907799046 ], [ 126.604662818253928, 36.85892379474123 ], [ 126.604759501070205, 36.858941506159169 ], [ 126.604999767844149, 36.858953980094384 ], [ 126.605026355302854, 36.858947436097111 ], [ 126.60523886913218, 36.85894444504806 ], [ 126.605298283379653, 36.858932648122313 ] ] ] } },
{ "type": "Feature", "properties": { "PNU": "4427034036106250000", "JIBUN": "625도", "BCHK": "1" }, "geometry": { "type": "Polygon", "coordinates": [ [ [ 126.606006110369336, 36.859125649767158 ], [ 126.606046465278993, 36.85923149902063 ], [ 126.606125607906264, 36.859324302381182 ], [ 126.606154828535836, 36.85937738299657 ], [ 126.606155582150663, 36.859493175657285 ], [ 126.606184922059583, 36.859720347402103 ], [ 126.606222177382492, 36.859868880035407 ], [ 126.606244196962251, 36.859904816130062 ], [ 126.60627962245988, 36.859928721849784 ], [ 126.60647472281822, 36.85999838915108 ], [ 126.606500594307605, 36.860026678632849 ], [ 126.606232427398737, 36.864290925086685 ], [ 126.606216108625929, 36.864346108041254 ], [ 126.606273736006415, 36.864349001530115 ], [ 126.606549945700181, 36.860024588683309 ], [ 126.606697377318412, 36.859986508155025 ], [ 126.606689201186924, 36.859960403632016 ], [ 126.606652057028299, 36.859956811964224 ], [ 126.606613850572387, 36.859952631072815 ], [ 126.606524246448416, 36.859942820043209 ], [ 126.606420259833769, 36.859910127855883 ], [ 126.606392075902306, 36.859880127664916 ], [ 126.606290759021661, 36.859849489649015 ], [ 126.606267516234411, 36.859813729743628 ], [ 126.606248060123022, 36.859717248812615 ], [ 126.606230099192757, 36.859620042928718 ], [ 126.606206886791242, 36.859499391344137 ], [ 126.606203024355509, 36.859412612557541 ], [ 126.606202946341384, 36.8593993572537 ], [ 126.606209025521423, 36.85938154473321 ], [ 126.606182462039897, 36.8593022331371 ], [ 126.606068605150128, 36.859156150825818 ], [ 126.606052221218945, 36.859094903640745 ], [ 126.606006110369336, 36.859125649767158 ] ] ] } },
{ "type": "Feature", "properties": { "PNU": "4427034036106250001", "JIBUN": "625-1 도", "BCHK": "1" }, "geometry": { "type": "Polygon", "coordinates": [ [ [ 126.606052221218945, 36.859094903640745 ], [ 126.606051770176094, 36.859093199089507 ], [ 126.606038066524121, 36.858992447916982 ], [ 126.606035667184273, 36.858974832677141 ], [ 126.606033093497345, 36.858969381588658 ], [ 126.606005361547759, 36.858938806096972 ], [ 126.605970198516587, 36.85893823040351 ], [ 126.605945921948916, 36.858938042085427 ], [ 126.606004085402517, 36.859120344664973 ], [ 126.606006110369336, 36.859125649767158 ], [ 126.606052221218945, 36.859094903640745 ] ] ] } },
{ "type": "Feature", "properties": { "PNU": "4427034036106260000", "JIBUN": "626구", "BCHK": "3" }, "geometry": { "type": "Polygon", "coordinates": [ [ [ 126.606323803329516, 36.864360971051759 ], [ 126.606355028318717, 36.863857734157826 ], [ 126.606357973086944, 36.863810364553778 ], [ 126.606363546451263, 36.863720436122627 ], [ 126.606380423756292, 36.863448398612398 ], [ 126.606397080475929, 36.86318000076384 ], [ 126.606400722502642, 36.86312126169441 ], [ 126.606413541575876, 36.862914747060287 ], [ 126.606423171403748, 36.862759557012133 ], [ 126.606430516269967, 36.862641132918185 ], [ 126.606447111755386, 36.862373671957137 ], [ 126.606463914327151, 36.862102967738963 ], [ 126.606478494231538, 36.86186780419311 ], [ 126.606481463519501, 36.861819993116249 ], [ 126.606497129679511, 36.861567541212757 ], [ 126.606497337393378, 36.861564198852072 ], [ 126.606526535562139, 36.861178457197305 ], [ 126.606529975014084, 36.861132990499826 ], [ 126.606558006400761, 36.860762653610088 ], [ 126.60656738625903, 36.860638721503371 ], [ 126.606578942528003, 36.860486060788766 ], [ 126.60661266138635, 36.860040564599309 ], [ 126.606713297179269, 36.860031164632922 ], [ 126.606697377318412, 36.859986508155025 ], [ 126.606549945700181, 36.860024588683309 ], [ 126.606273736006415, 36.864349001530115 ], [ 126.606323803329516, 36.864360971051759 ] ] ] } },
{ "type": "Feature", "properties": { "PNU": "4427034036106270000", "JIBUN": "627구", "BCHK": "1" }, "geometry": { "type": "Polygon", "coordinates": [ [ [ 126.606125606734167, 36.859046009471371 ], [ 126.606126200565512, 36.859054878166397 ], [ 126.606099303075794, 36.859183465135374 ], [ 126.606278675243189, 36.859390046638595 ], [ 126.606375448453946, 36.859521925251116 ], [ 126.60651751176168, 36.859612593107059 ], [ 126.606688457505157, 36.859734894198546 ], [ 126.60671034304751, 36.859775155002069 ], [ 126.606714572343861, 36.85980337308709 ], [ 126.606652057028299, 36.859956811964224 ], [ 126.606689201186924, 36.859960403632016 ], [ 126.60670886623042, 36.85991505348985 ], [ 126.606734620064984, 36.859847790866411 ], [ 126.606758234411018, 36.859788847263012 ], [ 126.60675087627969, 36.859751878284662 ], [ 126.606743424229975, 36.859731110608855 ], [ 126.606716499823563, 36.859711378070102 ], [ 126.606475474930775, 36.859535086787581 ], [ 126.606458896444124, 36.859525011968302 ], [ 126.606426672154768, 36.8594978999677 ], [ 126.606382203355011, 36.859437704556761 ], [ 126.606331891345135, 36.859366721810964 ], [ 126.606313007490215, 36.859342582346258 ], [ 126.606160912700034, 36.859189714867298 ], [ 126.606168905021647, 36.859126700934617 ], [ 126.606180543043166, 36.859063437719605 ], [ 126.606182091449426, 36.859008422220853 ], [ 126.606125606734167, 36.859046009471371 ] ] ] } },
{ "type": "Feature", "properties": { "PNU": "4427034036106270001", "JIBUN": "627-1 구", "BCHK": "1" }, "geometry": { "type": "Polygon", "coordinates": [ [ [ 126.606182091449426, 36.859008422220853 ], [ 126.606184063295487, 36.85893857616297 ], [ 126.606157718061681, 36.858939435335479 ], [ 126.606118598494774, 36.858940684849223 ], [ 126.606125606734167, 36.859046009471371 ], [ 126.606182091449426, 36.859008422220853 ] ] ] } },
{ "type": "Feature", "properties": { "PNU": "4427034036106280000", "JIBUN": "628도", "BCHK": "1" }, "geometry": { "type": "Polygon", "coordinates": [ [ [ 126.605971020394421, 36.859479067856547 ], [ 126.605970963958015, 36.859479139757411 ], [ 126.605913470171814, 36.85954290926913 ], [ 126.606124286720672, 36.859494964624368 ], [ 126.606127151492046, 36.859439106451312 ], [ 126.605971020394421, 36.859479067856547 ] ] ] } },
{ "type": "Feature", "properties": { "PNU": "4427034036106280001", "JIBUN": "628-1 도", "BCHK": "1" }, "geometry": { "type": "Polygon", "coordinates": [ [ [ 126.605553378641631, 36.859585980754382 ], [ 126.605564366098974, 36.859630170532746 ], [ 126.605753792361455, 36.859581236707555 ], [ 126.605902445476161, 36.859545413925012 ], [ 126.605913470171814, 36.85954290926913 ], [ 126.605970963958015, 36.859479139757411 ], [ 126.605971020394421, 36.859479067856547 ], [ 126.605553378641631, 36.859585980754382 ] ] ] } },
{ "type": "Feature", "properties": { "PNU": "4427034036200010000", "JIBUN": "산1임", "BCHK": "1" }, "geometry": { "type": "Polygon", "coordinates": [ [ [ 126.597460977148813, 36.8743800756422 ], [ 126.597480338483891, 36.87411571662031 ], [ 126.59747926133754, 36.873976368683088 ], [ 126.596747755384385, 36.874138715727867 ], [ 126.597460977148813, 36.8743800756422 ] ] ] } },
{ "type": "Feature", "properties": { "PNU": "4427034036200020000", "JIBUN": "산2임", "BCHK": "1" }, "geometry": { "type": "Polygon", "coordinates": [ [ [ 126.59747926133754, 36.873976368683088 ], [ 126.597478415098919, 36.873955884088694 ], [ 126.597411592732826, 36.873803311539092 ], [ 126.597377653317153, 36.873700445863612 ], [ 126.597355755079903, 36.87363707047831 ], [ 126.597277775809403, 36.873456193037136 ], [ 126.597257902779646, 36.873370189128231 ], [ 126.597255868907254, 36.873366631971862 ], [ 126.597242030050381, 36.873317061419385 ], [ 126.597236513359846, 36.873273907685757 ], [ 126.597121243076487, 36.873092922219492 ], [ 126.597101609630812, 36.872884037650138 ], [ 126.597197323206814, 36.872749179636664 ], [ 126.59726376498827, 36.872654798721868 ], [ 126.597284444149736, 36.872612391232494 ], [ 126.597308452955289, 36.872565958104332 ], [ 126.597320154292547, 36.872546002455678 ], [ 126.597349664218939, 36.872500660186702 ], [ 126.59740383217374, 36.872415536986416 ], [ 126.597418846764171, 36.872390393230006 ], [ 126.597440395991057, 36.872340284340417 ], [ 126.597443599312001, 36.872293925132368 ], [ 126.597447443753452, 36.872257939617732 ], [ 126.59744737601865, 36.872238719168877 ], [ 126.597443706016918, 36.872209169097061 ], [ 126.597439524644869, 36.872191619799551 ], [ 126.597431626410966, 36.872168498239709 ], [ 126.597423370846215, 36.872147222704868 ], [ 126.597390054449917, 36.87209907321148 ], [ 126.597345427834824, 36.872047587541552 ], [ 126.597048920674169, 36.872281463931031 ], [ 126.596736146992271, 36.872976083216791 ], [ 126.596687022866291, 36.873085156067511 ], [ 126.596721033873592, 36.873675132565886 ], [ 126.596747755384385, 36.874138715727867 ], [ 126.59747926133754, 36.873976368683088 ] ] ] } },
{ "type": "Feature", "properties": { "PNU": "4427034036200030000", "JIBUN": "산3임", "BCHK": "1" }, "geometry": { "type": "Polygon", "coordinates": [ [ [ 126.596747755384385, 36.874138715727867 ], [ 126.596721033873592, 36.873675132565886 ], [ 126.596283972186328, 36.87328893424295 ], [ 126.596214838141051, 36.873008858180768 ], [ 126.596131091631349, 36.872985137314956 ], [ 126.596041227840345, 36.873163248495167 ], [ 126.595481721618327, 36.873993372071958 ], [ 126.595648206166587, 36.874043118023529 ], [ 126.596747755384385, 36.874138715727867 ] ] ] } },
{ "type": "Feature", "properties": { "PNU": "4427034036200030001", "JIBUN": "산3-1임", "BCHK": "1" }, "geometry": { "type": "Polygon", "coordinates": [ [ [ 126.596721033873592, 36.873675132565886 ], [ 126.596687022866291, 36.873085156067511 ], [ 126.596736146992271, 36.872976083216791 ], [ 126.596321988755548, 36.872947613474011 ], [ 126.596214838141051, 36.873008858180768 ], [ 126.596283972186328, 36.87328893424295 ], [ 126.596721033873592, 36.873675132565886 ] ] ] } },
{ "type": "Feature", "properties": { "PNU": "4427034036200030002", "JIBUN": "산3-2임", "BCHK": "1" }, "geometry": { "type": "Polygon", "coordinates": [ [ [ 126.596214838141051, 36.873008858180768 ], [ 126.596321988755548, 36.872947613474011 ], [ 126.596736146992271, 36.872976083216791 ], [ 126.597048920674169, 36.872281463931031 ], [ 126.597345427834824, 36.872047587541552 ], [ 126.59727072980327, 36.872011607174677 ], [ 126.597195707073453, 36.871973390964378 ], [ 126.597090257395507, 36.871935035881272 ], [ 126.597057327598506, 36.871937366586273 ], [ 126.597011567661198, 36.871935328707103 ], [ 126.596975907119116, 36.871964394474062 ], [ 126.596910298899118, 36.872015291519197 ], [ 126.596893493837896, 36.872028940281233 ], [ 126.596843432693902, 36.872064382097989 ], [ 126.596815111419758, 36.872090462987686 ], [ 126.59679543269003, 36.872111004360114 ], [ 126.596772964691084, 36.87212875193547 ], [ 126.596765154875598, 36.872135898197222 ], [ 126.596749882981243, 36.872148038293069 ], [ 126.596711403094602, 36.872175733803083 ], [ 126.596696920602724, 36.872187047559684 ], [ 126.596683812585468, 36.872195040945414 ], [ 126.596662563009644, 36.872192148679787 ], [ 126.59663408657326, 36.87225424551194 ], [ 126.596606069646697, 36.872324958297476 ], [ 126.59658652900832, 36.872359791366065 ], [ 126.59655186311241, 36.872380903754923 ], [ 126.596496935537132, 36.872356136244647 ], [ 126.596461093528802, 36.87241118863431 ], [ 126.596395247080537, 36.872513807066085 ], [ 126.596360445550388, 36.872569322499658 ], [ 126.596131091631349, 36.872985137314956 ], [ 126.596214838141051, 36.873008858180768 ] ] ] } },
{ "type": "Feature", "properties": { "PNU": "4427034036200040003", "JIBUN": "산4-3임", "BCHK": "1" }, "geometry": { "type": "Polygon", "coordinates": [ [ [ 126.595481721618327, 36.873993372071958 ], [ 126.596041227840345, 36.873163248495167 ], [ 126.596131091631349, 36.872985137314956 ], [ 126.596360445550388, 36.872569322499658 ], [ 126.596280989165649, 36.872655801363059 ], [ 126.596224610046306, 36.872717452213926 ], [ 126.596202316252914, 36.872761800401136 ], [ 126.596167847988823, 36.872830707078606 ], [ 126.596031770028802, 36.872781218028528 ], [ 126.5960167077818, 36.872676415472725 ], [ 126.596098443091748, 36.872621653809823 ], [ 126.596153944603387, 36.872584059110061 ], [ 126.596206987166212, 36.872502068437669 ], [ 126.596255626889786, 36.872414845533221 ], [ 126.596252900834841, 36.872376476965115 ], [ 126.595977807584873, 36.872264774590569 ], [ 126.595942430475219, 36.872250417546375 ], [ 126.595479851069456, 36.872061197831826 ], [ 126.59547403859932, 36.872072405681457 ], [ 126.595470309532544, 36.872084125206811 ], [ 126.595467821575795, 36.872098705392368 ], [ 126.595461374227455, 36.872126148704091 ], [ 126.59545767342702, 36.872147428874563 ], [ 126.595444725026766, 36.872193322449881 ], [ 126.595427677276547, 36.872223216806987 ], [ 126.595407198000103, 36.872248756273947 ], [ 126.595410319988432, 36.872250118497419 ], [ 126.595443985508382, 36.872274291759297 ], [ 126.595431340632629, 36.872369133491212 ], [ 126.59541873023781, 36.872459541981613 ], [ 126.595411207512853, 36.872505931532437 ], [ 126.595384994463814, 36.872557556077638 ], [ 126.595316526186323, 36.872565496653039 ], [ 126.595299865853036, 36.872656080614178 ], [ 126.595273285306078, 36.872796785492653 ], [ 126.595258024245567, 36.872879327472582 ], [ 126.595248858626178, 36.872924585073633 ], [ 126.595155622418488, 36.873071794824845 ], [ 126.595153873260458, 36.873114356304342 ], [ 126.594831540262689, 36.87318345651066 ], [ 126.594837740111615, 36.873512104500847 ], [ 126.594615213923746, 36.87394549268906 ], [ 126.59483365675311, 36.873840438201924 ], [ 126.595239983532636, 36.873825454104178 ], [ 126.595481721618327, 36.873993372071958 ] ] ] } },
{ "type": "Feature", "properties": { "PNU": "4427034036200050000", "JIBUN": "산5임", "BCHK": "1" }, "geometry": { "type": "Polygon", "coordinates": [ [ [ 126.594469950204783, 36.872522531727036 ], [ 126.594915260906944, 36.872621632914189 ], [ 126.59498444913811, 36.872453409393096 ], [ 126.595050980320437, 36.872293457808368 ], [ 126.595044805658503, 36.872230648993899 ], [ 126.595024199705591, 36.872218414332586 ], [ 126.59503607338192, 36.872150873007705 ], [ 126.595000292324187, 36.872168575042693 ], [ 126.594954452748098, 36.872188054095545 ], [ 126.594918768946997, 36.872210712423083 ], [ 126.594904033374803, 36.872218916345396 ], [ 126.594784940722178, 36.872277524073283 ], [ 126.594782893157912, 36.872331996928935 ], [ 126.594763827470985, 36.87240641612766 ], [ 126.594743603436143, 36.872453726644267 ], [ 126.59461984192184, 36.872421254335286 ], [ 126.594555693816048, 36.872386200202214 ], [ 126.594480676556671, 36.872434432732838 ], [ 126.594469950204783, 36.872522531727036 ] ] ] } },
{ "type": "Feature", "properties": { "PNU": "4427034036200060002", "JIBUN": "산6-2임", "BCHK": "1" }, "geometry": { "type": "Polygon", "coordinates": [ [ [ 126.593465077627982, 36.872112206202026 ], [ 126.593013715681764, 36.871957887264813 ], [ 126.59286629604351, 36.871907481833894 ], [ 126.592869693120434, 36.872058290593252 ], [ 126.592882785360288, 36.872623858402683 ], [ 126.592747732568824, 36.872781754593468 ], [ 126.592816177541522, 36.87284828136422 ], [ 126.593010313027477, 36.872705481721404 ], [ 126.593115332576374, 36.872627679641667 ], [ 126.5931666924632, 36.872569716623595 ], [ 126.593275166327913, 36.872447286261036 ], [ 126.593546775571525, 36.872139102806202 ], [ 126.593465077627982, 36.872112206202026 ] ] ] } },
{ "type": "Feature", "properties": { "PNU": "4427034036200070000", "JIBUN": "산7임", "BCHK": "1" }, "geometry": { "type": "Polygon", "coordinates": [ [ [ 126.594469950204783, 36.872522531727036 ], [ 126.594480676556671, 36.872434432732838 ], [ 126.594399941283029, 36.872343905173906 ], [ 126.594381874312305, 36.872313846494485 ], [ 126.594381394847346, 36.872285640793351 ], [ 126.594409356531514, 36.872238572912323 ], [ 126.594408657864037, 36.872207266720935 ], [ 126.594238225773736, 36.872181771914647 ], [ 126.594163616504204, 36.872135589579131 ], [ 126.59412841353506, 36.872094659487374 ], [ 126.594048596904173, 36.872070409875263 ], [ 126.594019491913755, 36.872057767654198 ], [ 126.59400422182307, 36.872035458787515 ], [ 126.593805807731016, 36.87222885964939 ], [ 126.593892115014413, 36.872387673048593 ], [ 126.594047704335779, 36.872675704021489 ], [ 126.594139271701167, 36.872690054615859 ], [ 126.59438090816009, 36.87270796128918 ], [ 126.594469950204783, 36.872522531727036 ] ] ] } },
{ "type": "Feature", "properties": { "PNU": "4427034036200130002", "JIBUN": "산13-2임", "BCHK": "1" }, "geometry": { "type": "Polygon", "coordinates": [ [ [ 126.592728875952076, 36.8701131523813 ], [ 126.592182338389222, 36.870334547598652 ], [ 126.592008481354142, 36.870376394272071 ], [ 126.592024665532875, 36.870698003139537 ], [ 126.592058918048622, 36.871455593423505 ], [ 126.592122006247507, 36.871474416674609 ], [ 126.592246346011876, 36.871509452651331 ], [ 126.592396621016732, 36.871554146697569 ], [ 126.592676667862634, 36.871635390445427 ], [ 126.592770737072911, 36.871664150032224 ], [ 126.592762009393596, 36.871630608748028 ], [ 126.592797923558194, 36.871570827004135 ], [ 126.592873600767618, 36.871529328913709 ], [ 126.592969750157692, 36.871569800584865 ], [ 126.592999678359959, 36.871566676822113 ], [ 126.593055713536074, 36.871564056633716 ], [ 126.593138727356475, 36.871560411105705 ], [ 126.593186870539668, 36.871557088116369 ], [ 126.593272412335125, 36.871554712641732 ], [ 126.593296229251806, 36.871555613851008 ], [ 126.593344388963317, 36.871564023027723 ], [ 126.593376389656711, 36.871571962593492 ], [ 126.593412177853537, 36.87157841024456 ], [ 126.593458151849646, 36.87158657764094 ], [ 126.59347512739545, 36.871589591074233 ], [ 126.593744952159611, 36.870677284135141 ], [ 126.593394584872485, 36.870513713999514 ], [ 126.592728875952076, 36.8701131523813 ] ] ] } },
{ "type": "Feature", "properties": { "PNU": "4427034036200150000", "JIBUN": "산15임", "BCHK": "1" }, "geometry": { "type": "Polygon", "coordinates": [ [ [ 126.594905768036668, 36.871450158496394 ], [ 126.594681375865633, 36.871446728918805 ], [ 126.594275980504605, 36.871536342475515 ], [ 126.59397427207162, 36.871672614617687 ], [ 126.593997233060549, 36.871674197600086 ], [ 126.594039141390851, 36.87167707956349 ], [ 126.59416043013124, 36.871684764126627 ], [ 126.594178090602952, 36.871681255908754 ], [ 126.594215304165189, 36.871672641966704 ], [ 126.594246945246383, 36.871653078850521 ], [ 126.594294444267916, 36.871625144491176 ], [ 126.594325150025028, 36.871606416184697 ], [ 126.594345967479612, 36.871593358129537 ], [ 126.594394275922141, 36.871573563313106 ], [ 126.59442343106825, 36.871561759079199 ], [ 126.594472634010401, 36.871553122749724 ], [ 126.594529308293929, 36.871542006773616 ], [ 126.594584396957927, 36.871540211648032 ], [ 126.594620649382009, 36.87153945180436 ], [ 126.594656443990758, 36.87154043850569 ], [ 126.594712073032525, 36.871548908557031 ], [ 126.594735691997954, 36.871555458631008 ], [ 126.594763714680013, 36.871567024704731 ], [ 126.594786421893787, 36.871582726731354 ], [ 126.59481617869389, 36.871603633962614 ], [ 126.594846293974001, 36.871628885651326 ], [ 126.594864905460085, 36.871644988250452 ], [ 126.594889463044211, 36.871624499812384 ], [ 126.594924502412141, 36.871575058947606 ], [ 126.594943472967913, 36.871537836328137 ], [ 126.594939456396673, 36.871516791278047 ], [ 126.594943576282958, 36.871496882199807 ], [ 126.59493344061336, 36.871477104924551 ], [ 126.59491750656737, 36.871461588126138 ], [ 126.594905768036668, 36.871450158496394 ] ] ] } },
{ "type": "Feature", "properties": { "PNU": "4427034036200160001", "JIBUN": "산16-1임", "BCHK": "1" }, "geometry": { "type": "Polygon", "coordinates": [ [ [ 126.595231252200307, 36.871036276160041 ], [ 126.595371092249195, 36.870966772104829 ], [ 126.595627607314341, 36.871452148461294 ], [ 126.595671736450186, 36.871418687460768 ], [ 126.595706095217267, 36.871391951490132 ], [ 126.595815846769071, 36.87139036810661 ], [ 126.595860626750493, 36.871358954712235 ], [ 126.595947867301447, 36.871304238823932 ], [ 126.596019310238958, 36.871280620000874 ], [ 126.596110423443989, 36.871267988941781 ], [ 126.596174376273254, 36.871258978341849 ], [ 126.596253290702123, 36.871252063826859 ], [ 126.596300351843411, 36.871260396000665 ], [ 126.596325493180132, 36.871248262331626 ], [ 126.596365923310969, 36.871233576251875 ], [ 126.596423393331833, 36.871218190902887 ], [ 126.596455231210697, 36.871210152786283 ], [ 126.596498885565282, 36.871209408402038 ], [ 126.596525902254044, 36.871209652983318 ], [ 126.596543654171867, 36.871214335619158 ], [ 126.596535490161131, 36.871182076057977 ], [ 126.596525199303187, 36.871159739299387 ], [ 126.596510565940903, 36.87114209153269 ], [ 126.596486267762444, 36.871115337102999 ], [ 126.596441392449677, 36.871062309385067 ], [ 126.596428009497117, 36.871039340404195 ], [ 126.596408923154485, 36.871004674012141 ], [ 126.596389322810893, 36.870988901709168 ], [ 126.596352043810597, 36.870960904875986 ], [ 126.596332204070308, 36.870937319313626 ], [ 126.596294153473693, 36.870889649082457 ], [ 126.596267452861227, 36.870852677139567 ], [ 126.596247204465655, 36.870823620570434 ], [ 126.596130549973125, 36.870881994628618 ], [ 126.596057653100715, 36.870894227845824 ], [ 126.596040778182783, 36.870895558369895 ], [ 126.596038107803494, 36.870938522249318 ], [ 126.596061103792124, 36.871016769583683 ], [ 126.595951498764066, 36.87104396263409 ], [ 126.595882005587313, 36.871104271347079 ], [ 126.595821633292786, 36.87115762748968 ], [ 126.595713794887644, 36.871207155284729 ], [ 126.595608855594577, 36.871206493158404 ], [ 126.595603199075143, 36.871177350792046 ], [ 126.595581747948145, 36.871052756605891 ], [ 126.595585958245763, 36.871004923069613 ], [ 126.595566169512608, 36.871012235886333 ], [ 126.595443635412849, 36.870942914064699 ], [ 126.595372796133091, 36.870947728869162 ], [ 126.595342601388353, 36.870935479752298 ], [ 126.59531010178894, 36.870928584285366 ], [ 126.595287099832191, 36.870934831879168 ], [ 126.595241348859389, 36.870944011905173 ], [ 126.595225009684114, 36.87101196162218 ], [ 126.595231252200307, 36.871036276160041 ] ] ] } },
{ "type": "Feature", "properties": { "PNU": "4427034036200160004", "JIBUN": "산16-4임", "BCHK": "1" }, "geometry": { "type": "Polygon", "coordinates": [ [ [ 126.594738663434995, 36.870517955177725 ], [ 126.59444527307879, 36.87066436703126 ], [ 126.594635896293738, 36.870778038623087 ], [ 126.595030069792472, 36.871093938726546 ], [ 126.595055286634079, 36.871084535881437 ], [ 126.595052410348188, 36.871076984003217 ], [ 126.595023758202487, 36.87100174493014 ], [ 126.594990585377019, 36.870918155427489 ], [ 126.594911653632764, 36.870804773698218 ], [ 126.594830709249067, 36.870688141158332 ], [ 126.594766387957833, 36.870569051004068 ], [ 126.594738663434995, 36.870517955177725 ] ] ] } },
{ "type": "Feature", "properties": { "PNU": "4427034036200160005", "JIBUN": "산16-5임", "BCHK": "1" }, "geometry": { "type": "Polygon", "coordinates": [ [ [ 126.594738663434995, 36.870517955177725 ], [ 126.594835731800956, 36.870486044004778 ], [ 126.594648897156787, 36.870326006563381 ], [ 126.593432059127608, 36.869567878697708 ], [ 126.593325459969989, 36.86960799218636 ], [ 126.593197549517896, 36.869684626111749 ], [ 126.592981689240801, 36.869776080062948 ], [ 126.592735871002191, 36.869859348559338 ], [ 126.592728875952076, 36.8701131523813 ], [ 126.593394584872485, 36.870513713999514 ], [ 126.593582073709612, 36.87031358144116 ], [ 126.59397646727659, 36.870384443714045 ], [ 126.594278118340483, 36.870564561627056 ], [ 126.59444527307879, 36.87066436703126 ], [ 126.594738663434995, 36.870517955177725 ] ] ] } },
{ "type": "Feature", "properties": { "PNU": "4427034036200170002", "JIBUN": "산17-2임", "BCHK": "1" }, "geometry": { "type": "Polygon", "coordinates": [ [ [ 126.594835731800956, 36.870486044004778 ], [ 126.594883187453178, 36.870470436149688 ], [ 126.594980102081209, 36.87046133089396 ], [ 126.595046212837062, 36.870444948308894 ], [ 126.595151602508281, 36.870419480882134 ], [ 126.595229574470082, 36.87049568928856 ], [ 126.595299727549943, 36.870463452106812 ], [ 126.595359918194546, 36.870429685277486 ], [ 126.595379947980462, 36.870412758693945 ], [ 126.595431663079225, 36.870369826033766 ], [ 126.595501688763122, 36.870291353430467 ], [ 126.595547355437688, 36.870204201796831 ], [ 126.595580736196069, 36.870126560028368 ], [ 126.595604017603918, 36.870052109905565 ], [ 126.595604647498249, 36.869979159883869 ], [ 126.595598546815481, 36.869893670915708 ], [ 126.595607404080482, 36.869840816037879 ], [ 126.59552130291263, 36.869828359378431 ], [ 126.595503153094597, 36.869792749868338 ], [ 126.595463299986619, 36.869785243796542 ], [ 126.595398610701849, 36.869687048970221 ], [ 126.595404183487219, 36.86966806390862 ], [ 126.595331930714167, 36.869193053026741 ], [ 126.594614315425446, 36.869257657144757 ], [ 126.593671637294662, 36.86913023426581 ], [ 126.593432059127608, 36.869567878697708 ], [ 126.594648897156787, 36.870326006563381 ], [ 126.594835731800956, 36.870486044004778 ] ] ] } },
{ "type": "Feature", "properties": { "PNU": "4427034036200180000", "JIBUN": "산18임", "BCHK": "1" }, "geometry": { "type": "Polygon", "coordinates": [ [ [ 126.595404183487219, 36.86966806390862 ], [ 126.595436249911373, 36.869558798503242 ], [ 126.595460756629222, 36.869473124988836 ], [ 126.59557060120288, 36.869483202230825 ], [ 126.595599393380127, 36.869392983707066 ], [ 126.59573092215058, 36.869440484459467 ], [ 126.595749226434506, 36.869389004209232 ], [ 126.595775179932446, 36.869322474660642 ], [ 126.595809163401483, 36.869266632200919 ], [ 126.595920246107639, 36.869128358016617 ], [ 126.595862489103595, 36.869096137625043 ], [ 126.59575737014886, 36.8690383910373 ], [ 126.595758577615427, 36.869000657519983 ], [ 126.595441066410359, 36.868987911877475 ], [ 126.595331930714167, 36.869193053026741 ], [ 126.595404183487219, 36.86966806390862 ] ] ] } },
{ "type": "Feature", "properties": { "PNU": "4427034036200190000", "JIBUN": "산19임", "BCHK": "1" }, "geometry": { "type": "Polygon", "coordinates": [ [ [ 126.595331930714167, 36.869193053026741 ], [ 126.595441066410359, 36.868987911877475 ], [ 126.595475497846351, 36.868748627315782 ], [ 126.59546805776364, 36.868702520385625 ], [ 126.595428763302053, 36.868650700635229 ], [ 126.595355869800429, 36.868605056490352 ], [ 126.595284239184451, 36.86858587256215 ], [ 126.595191651525028, 36.868525428681714 ], [ 126.595139681597203, 36.868452804720732 ], [ 126.594897532546256, 36.868611574412625 ], [ 126.595331930714167, 36.869193053026741 ] ] ] } },
{ "type": "Feature", "properties": { "PNU": "4427034036200200000", "JIBUN": "산20임", "BCHK": "1" }, "geometry": { "type": "Polygon", "coordinates": [ [ [ 126.595331930714167, 36.869193053026741 ], [ 126.594897532546256, 36.868611574412625 ], [ 126.593668355399089, 36.869093323491462 ], [ 126.593671637294662, 36.86913023426581 ], [ 126.594614315425446, 36.869257657144757 ], [ 126.595331930714167, 36.869193053026741 ] ] ] } },
{ "type": "Feature", "properties": { "PNU": "4427034036200210000", "JIBUN": "산21임", "BCHK": "1" }, "geometry": { "type": "Polygon", "coordinates": [ [ [ 126.594897532546256, 36.868611574412625 ], [ 126.595139681597203, 36.868452804720732 ], [ 126.595101016003483, 36.868398761305222 ], [ 126.595270733247958, 36.868274941971961 ], [ 126.595144293481098, 36.868236901395505 ], [ 126.595076124431117, 36.868222793212553 ], [ 126.594986564991402, 36.868211468810003 ], [ 126.594787705249971, 36.868221273044888 ], [ 126.594590526984831, 36.868261034865213 ], [ 126.594038193110308, 36.86794531584993 ], [ 126.593656393146645, 36.867936464593321 ], [ 126.593599931522832, 36.868322109574542 ], [ 126.593668355399089, 36.869093323491462 ], [ 126.594897532546256, 36.868611574412625 ] ] ] } },
{ "type": "Feature", "properties": { "PNU": "4427034036200220000", "JIBUN": "산22임", "BCHK": "1" }, "geometry": { "type": "Polygon", "coordinates": [ [ [ 126.595075558702149, 36.867731111973278 ], [ 126.594330668435362, 36.86769827716445 ], [ 126.59364710679975, 36.867490267654674 ], [ 126.593656393146645, 36.867936464593321 ], [ 126.594038193110308, 36.86794531584993 ], [ 126.594590526984831, 36.868261034865213 ], [ 126.594787705249971, 36.868221273044888 ], [ 126.595075558702149, 36.867731111973278 ] ] ] } },
{ "type": "Feature", "properties": { "PNU": "4427034036200230000", "JIBUN": "산23임", "BCHK": "1" }, "geometry": { "type": "Polygon", "coordinates": [ [ [ 126.594986564991402, 36.868211468810003 ], [ 126.595008408338998, 36.868175877872297 ], [ 126.595037119702397, 36.868152231658847 ], [ 126.595062100441694, 36.868142755916274 ], [ 126.595100560870208, 36.868146211504161 ], [ 126.595138025304692, 36.868151393790001 ], [ 126.595168155206295, 36.868098971571463 ], [ 126.595176725322901, 36.868068751095706 ], [ 126.59519000477475, 36.868023777750722 ], [ 126.595218330482794, 36.867971070057109 ], [ 126.595248815927263, 36.867934192811653 ], [ 126.595304560294849, 36.867943708238791 ], [ 126.595344751899106, 36.867939969918659 ], [ 126.595363337692646, 36.867922398656717 ], [ 126.595376321601123, 36.867888823065442 ], [ 126.595431855625193, 36.867737727575118 ], [ 126.595468335435299, 36.867620763768947 ], [ 126.59549286513014, 36.867539127176016 ], [ 126.595516166756852, 36.867507659063392 ], [ 126.595556367027385, 36.867495819907518 ], [ 126.595590329753904, 36.867467289437428 ], [ 126.595626668502902, 36.867415554952586 ], [ 126.595075558702149, 36.867731111973278 ], [ 126.594787705249971, 36.868221273044888 ], [ 126.594986564991402, 36.868211468810003 ] ] ] } },
{ "type": "Feature", "properties": { "PNU": "4427034036200240000", "JIBUN": "산24임", "BCHK": "1" }, "geometry": { "type": "Polygon", "coordinates": [ [ [ 126.59364710679975, 36.867490267654674 ], [ 126.594330668435362, 36.86769827716445 ], [ 126.595075558702149, 36.867731111973278 ], [ 126.595626668502902, 36.867415554952586 ], [ 126.59563055550025, 36.867410017420454 ], [ 126.595677903158091, 36.86734623663402 ], [ 126.595698274353708, 36.867308973557201 ], [ 126.595719551040006, 36.867280805536979 ], [ 126.595741071435071, 36.867274570852921 ], [ 126.595824642944919, 36.867368882743335 ], [ 126.595793134917727, 36.867408378845816 ], [ 126.595762339103203, 36.86744465145371 ], [ 126.595730462433821, 36.86751590067599 ], [ 126.595730595613944, 36.867573841168124 ], [ 126.595746591673986, 36.867654326612438 ], [ 126.595750098461778, 36.867712666005637 ], [ 126.595741411932664, 36.867786471817645 ], [ 126.595724248565261, 36.867911223514007 ], [ 126.595724156862559, 36.867913737242105 ], [ 126.595721783762983, 36.867983374384238 ], [ 126.595718607844432, 36.868064939225356 ], [ 126.595735839650175, 36.868106591909104 ], [ 126.595751163323797, 36.86816136699246 ], [ 126.595758936527417, 36.868214539577608 ], [ 126.595775286752115, 36.86821691078967 ], [ 126.595766257079333, 36.868178764114887 ], [ 126.595745890065231, 36.868097705190323 ], [ 126.595742948484911, 36.868064147669507 ], [ 126.595745049507201, 36.868014288513891 ], [ 126.595735339604104, 36.867936960170866 ], [ 126.595742830059407, 36.867862411414215 ], [ 126.595755802027597, 36.867809714626524 ], [ 126.595772850471221, 36.867736748133353 ], [ 126.595775145382547, 36.867662767471934 ], [ 126.595753094302296, 36.867584216873595 ], [ 126.59576226507518, 36.867518567557354 ], [ 126.595780508749286, 36.867455039515008 ], [ 126.595809165743717, 36.867405333423967 ], [ 126.595834348780116, 36.867382891527377 ], [ 126.595859423724562, 36.86726351908095 ], [ 126.594567543446757, 36.866798533949961 ], [ 126.594056146708752, 36.867094712678764 ], [ 126.59364710679975, 36.867490267654674 ] ] ] } },
{ "type": "Feature", "properties": { "PNU": "4427034036200240001", "JIBUN": "산24-1임", "BCHK": "1" }, "geometry": { "type": "Polygon", "coordinates": [ [ [ 126.594567543446757, 36.866798533949961 ], [ 126.595859423724562, 36.86726351908095 ], [ 126.595947173596798, 36.866845828050288 ], [ 126.595492589155953, 36.866741995582331 ], [ 126.5949018765305, 36.866607071088303 ], [ 126.594567543446757, 36.866798533949961 ] ] ] } },
{ "type": "Feature", "properties": { "PNU": "4427034036200250001", "JIBUN": "산25-1임", "BCHK": "1" }, "geometry": { "type": "Polygon", "coordinates": [ [ [ 126.597611846046632, 36.868375080482735 ], [ 126.597618401103958, 36.868374030300579 ], [ 126.597649658404663, 36.868339488864152 ], [ 126.59766484579886, 36.868304712996128 ], [ 126.597667691828633, 36.868285889831348 ], [ 126.597626716077045, 36.868158526818263 ], [ 126.597616969194988, 36.868117953931701 ], [ 126.597638836503734, 36.868068954379289 ], [ 126.59767974169408, 36.868029516520004 ], [ 126.597739729046538, 36.86799974861438 ], [ 126.597790006124711, 36.867868701542235 ], [ 126.597804729856193, 36.867791690033933 ], [ 126.597826048071639, 36.86768888454899 ], [ 126.597827882071599, 36.867640502235908 ], [ 126.59783565407362, 36.867593248283562 ], [ 126.597717835973754, 36.867499858558219 ], [ 126.597739576906548, 36.867399865908304 ], [ 126.59775720239665, 36.867370630933578 ], [ 126.597794513063405, 36.867342949134205 ], [ 126.597855146750319, 36.867285943412689 ], [ 126.597563943896333, 36.866770529311367 ], [ 126.596368887099885, 36.867172468050171 ], [ 126.596375141037683, 36.867177499270291 ], [ 126.596516886303675, 36.86730574430652 ], [ 126.596931671114888, 36.867493663191588 ], [ 126.597137999531711, 36.867865086419236 ], [ 126.597302101256659, 36.86816440572629 ], [ 126.597611846046632, 36.868375080482735 ] ] ] } },
{ "type": "Feature", "properties": { "PNU": "4427034036200250003", "JIBUN": "산25-3임", "BCHK": "1" }, "geometry": { "type": "Polygon", "coordinates": [ [ [ 126.597855146750319, 36.867285943412689 ], [ 126.597872528990692, 36.867264619164828 ], [ 126.597924987696089, 36.867153772786168 ], [ 126.597955695239932, 36.867127744702231 ], [ 126.597991564982777, 36.867118250977818 ], [ 126.598195055624515, 36.86712732578448 ], [ 126.598184610492083, 36.86711307140687 ], [ 126.59817241204756, 36.867084501821637 ], [ 126.598230911635881, 36.867066722149154 ], [ 126.598245814785301, 36.867034738617882 ], [ 126.598081169480594, 36.866983272388133 ], [ 126.598149139079069, 36.866872171798136 ], [ 126.598292698390722, 36.866887469278367 ], [ 126.598300217142864, 36.86685214486031 ], [ 126.598325663938169, 36.866720914786839 ], [ 126.598343459504832, 36.866643949582937 ], [ 126.598360786924047, 36.866579327725205 ], [ 126.598416585774387, 36.866406245095703 ], [ 126.598396129138393, 36.866180642516646 ], [ 126.598416243020338, 36.866106388368642 ], [ 126.598421530278742, 36.86609034875304 ], [ 126.597683389765947, 36.866730275099656 ], [ 126.597563943896333, 36.866770529311367 ], [ 126.597855146750319, 36.867285943412689 ] ] ] } },
{ "type": "Feature", "properties": { "PNU": "4427034036200260000", "JIBUN": "산26임", "BCHK": "1" }, "geometry": { "type": "Polygon", "coordinates": [ [ [ 126.596931671114888, 36.867493663191588 ], [ 126.596516886303675, 36.86730574430652 ], [ 126.596270909328723, 36.867509224957715 ], [ 126.596694176175518, 36.867842158641302 ], [ 126.596779922223661, 36.867909192225895 ], [ 126.596931671114888, 36.867493663191588 ] ] ] } },
{ "type": "Feature", "properties": { "PNU": "4427034036200270000", "JIBUN": "산27임", "BCHK": "1" }, "geometry": { "type": "Polygon", "coordinates": [ [ [ 126.597341913626394, 36.866463842086567 ], [ 126.596368887099885, 36.867172468050171 ], [ 126.597563943896333, 36.866770529311367 ], [ 126.597683389765947, 36.866730275099656 ], [ 126.598421530278742, 36.86609034875304 ], [ 126.598442576903011, 36.866026469280861 ], [ 126.598525231856158, 36.865828030220413 ], [ 126.598518464228931, 36.865822573871043 ], [ 126.598483896547364, 36.865804012210255 ], [ 126.598455184607985, 36.86579157964016 ], [ 126.598398960799045, 36.865760248696056 ], [ 126.598363824786759, 36.865732403863532 ], [ 126.598338077663627, 36.865699832883777 ], [ 126.598314947227081, 36.865662260651881 ], [ 126.598302360994779, 36.865634969314854 ], [ 126.59828794118873, 36.865613051306482 ], [ 126.598274650709129, 36.86559177687348 ], [ 126.598265334783662, 36.865580373746198 ], [ 126.598248951390445, 36.865554358172503 ], [ 126.598238263858221, 36.865541463625341 ], [ 126.598218911165219, 36.865523556863913 ], [ 126.598180683206934, 36.86549081765564 ], [ 126.598163124842017, 36.865464320534166 ], [ 126.597704405957117, 36.865845908585392 ], [ 126.597764933975682, 36.866137407943931 ], [ 126.597767504711427, 36.866149797583574 ], [ 126.597341913626394, 36.866463842086567 ] ] ] } },
{ "type": "Feature", "properties": { "PNU": "4427034036400000001", "JIBUN": "491-1천", "BCHK": "1" }, "geometry": { "type": "Polygon", "coordinates": [ [ [ 126.602956476717182, 36.871558814492367 ], [ 126.6030067930987, 36.8715841944395 ], [ 126.60302808848715, 36.871558638347338 ], [ 126.603114839999819, 36.871419438473758 ], [ 126.60312132111784, 36.871400131681504 ], [ 126.60315113955275, 36.871252839776815 ], [ 126.603154372458491, 36.871215293145461 ], [ 126.603174153207334, 36.870970028471859 ], [ 126.603082954764432, 36.871134372007013 ], [ 126.603048473409061, 36.871178879184804 ], [ 126.603064399262749, 36.87118759164921 ], [ 126.603088515387114, 36.871208775404355 ], [ 126.603093116450566, 36.871245230752031 ], [ 126.603080264782406, 36.87127762718832 ], [ 126.603057796798709, 36.871310928753893 ], [ 126.603003716542844, 36.871419564267441 ], [ 126.60296877107001, 36.87154969134243 ], [ 126.602956476717182, 36.871558814492367 ] ] ] } }
]
}
